◇ injected env (0) from .env // tip: ⌘ custom filepath { path: '/custom/path/.env' }

🚀 Running server:start 
[server] WARNING: single-instance infrastructure strategies detected in production.
  - CACHE_STRATEGY=sqlite (multi-instance-safe: redis)
  - QUEUE_STRATEGY=local (multi-instance-safe: async)
  - RATE_LIMIT_STRATEGY=memory (multi-instance-safe: redis)
[server] Running multiple instances against these strategies will cause duplicate jobs, stale ACLs, and weakened rate limits. Set OM_MULTI_INSTANCE=1 to make this a hard failure once you scale out.
[server] Starting Open Mercato in production mode...
[server] Lazy worker auto-spawn enabled — workers will start on first job (50 queue(s) watched, shared worker mode — one `queue worker --all` process; set OM_AUTO_SPAWN_WORKERS_LAZY_MODE=per-queue to change).
[lazy-supervisor] Watching 50 queue(s): ai-pending-action-cleanup, ai-token-usage-prune, attachments-quota-recovery, catalog-product-bulk-delete, checkout-email, checkout-transaction-expiry, communication-channels-gmail-history-sync, communication-channels-gmail-renew-watch, communication-channels-import-history, communication-channels-inbound, communication-channels-outbound, communication-channels-poll, communication-channels-poll-tick, communication-channels-reactions, customer-accounts-cleanup-sessions, customer-accounts-cleanup-tokens, customers-deals-bulk-update-owner, customers-deals-bulk-update-stage, data-sync-export, data-sync-import, data-sync-scheduled, domain-tls-retry, domain-verification, events, example-customers-sync-inbound, example-customers-sync-outbound, example-customers-sync-reconcile, example-todos-bulk-complete, example-todos-bulk-dispatch, fulltext-indexing, integration-health-probe, integration-log-pruner, messages-email, notifications, payment-gateway-session-initialization-prune, payment-gateways-status-poller, payment-gateways-webhook, push-deliveries, push-stuck-reclaim, scheduler-execution, shipping-carriers-status-poller, shipping-carriers-webhook, stripe-webhook, sync-akeneo-delete-products, sync-akeneo-first-import, vector-indexing, warranty_claims.sla_sweep, webhook-deliveries, webhook-inbound-dispatch, workflow-activities
▲ Next.js 16.3.0
- Local:         http://localhost:5001
- Network:       http://172.30.0.2:5001
✓ Ready in 89ms
✓ Running next.config.ts took 39ms
{"level":40,"time":1789708933874,"pid":123473,"hostname":"cursor","name":"shared","component":"module-overrides","label":"acl.features","key":"example.manage","msg":"Override did not match any registered entry — override skipped"}
[41m[97m━━━━━━━━━━━━━━━━━━━━━━━━━━━━━━━━━━━━━━━━━━━━━━━━━━━━━━━━━━━━━━━━━━━━━━━━━━━━━━━━━━━━━━━━━━━━━━━━━━━━━━━━━━━━━━[0m
[41m[97m 🚨 Using derived tenant encryption keys (Vault unavailable / no DEK)                                         [0m
[41m[97m Source: TENANT_DATA_ENCRYPTION_FALLBACK_KEY                                                                  [0m
[41m[97m Secret fingerprint (sha256, truncated): c7eabc7b8d9e7cd0                                                     [0m
[41m[97m Persist this secret securely. Without it, encrypted tenant data cannot be recovered after restart.           [0m
[41m[97m━━━━━━━━━━━━━━━━━━━━━━━━━━━━━━━━━━━━━━━━━━━━━━━━━━━━━━━━━━━━━━━━━━━━━━━━━━━━━━━━━━━━━━━━━━━━━━━━━━━━━━━━━━━━━━[0m
{"level":30,"time":1789708933889,"pid":123473,"hostname":"cursor","name":"shared","component":"orm","poolMin":2,"poolMax":20,"poolIdleTimeout":10000,"poolAcquireTimeout":15000,"idleSessionTimeoutMs":30000,"idleInTransactionTimeoutMs":30000,"nodeEnv":"production","msg":"Pool config"}
{"level":40,"time":1789708934124,"pid":123473,"hostname":"cursor","name":"push_notifications","provider":"apns","env":"OM_PUSH_FAKE_PROVIDERS","msg":"apns push adapter is running in FAKE mode (OM_PUSH_FAKE_PROVIDERS is set): messages are recorded, NOT delivered. This must never be set in production."}
{"level":40,"time":1789708934124,"pid":123473,"hostname":"cursor","name":"push_notifications","provider":"expo","env":"OM_PUSH_FAKE_PROVIDERS","msg":"expo push adapter is running in FAKE mode (OM_PUSH_FAKE_PROVIDERS is set): messages are recorded, NOT delivered. This must never be set in production."}
{"level":40,"time":1789708934124,"pid":123473,"hostname":"cursor","name":"push_notifications","provider":"fcm","env":"OM_PUSH_FAKE_PROVIDERS","msg":"fcm push adapter is running in FAKE mode (OM_PUSH_FAKE_PROVIDERS is set): messages are recorded, NOT delivered. This must never be set in production."}
{"level":40,"time":1789708934127,"pid":123473,"hostname":"cursor","name":"shared","component":"kms","secretFingerprint":"c7eabc7b8d9e7cd0","msg":"Using derived tenant encryption keys (Vault unavailable / no DEK)"}
{"level":30,"time":1789708934128,"pid":123473,"hostname":"cursor","name":"shared","component":"orm","max":20,"min":0,"idleTimeoutMillis":10000,"connectionTimeoutMillis":15000,"msg":"pg pool created with options"}
[custom-domain] warm-up skipped: INTERNAL_APP_ORIGIN or DOMAIN_RESOLVE_SECRET is not configured
{"level":40,"time":1789708934658,"pid":123473,"hostname":"cursor","name":"shared","component":"module-overrides","label":"acl.features","key":"example.manage","msg":"Override did not match any registered entry — override skipped"}
{"level":40,"time":1789708934688,"pid":123473,"hostname":"cursor","name":"shared","component":"module-overrides","label":"acl.features","key":"example.manage","msg":"Override did not match any registered entry — override skipped"}
{"level":40,"time":1789708935104,"pid":123473,"hostname":"cursor","name":"push_notifications","provider":"apns","env":"OM_PUSH_FAKE_PROVIDERS","msg":"apns push adapter is running in FAKE mode (OM_PUSH_FAKE_PROVIDERS is set): messages are recorded, NOT delivered. This must never be set in production."}
{"level":40,"time":1789708935104,"pid":123473,"hostname":"cursor","name":"push_notifications","provider":"expo","env":"OM_PUSH_FAKE_PROVIDERS","msg":"expo push adapter is running in FAKE mode (OM_PUSH_FAKE_PROVIDERS is set): messages are recorded, NOT delivered. This must never be set in production."}
{"level":40,"time":1789708935104,"pid":123473,"hostname":"cursor","name":"push_notifications","provider":"fcm","env":"OM_PUSH_FAKE_PROVIDERS","msg":"fcm push adapter is running in FAKE mode (OM_PUSH_FAKE_PROVIDERS is set): messages are recorded, NOT delivered. This must never be set in production."}
[41m[97m━━━━━━━━━━━━━━━━━━━━━━━━━━━━━━━━━━━━━━━━━━━━━━━━━━━━━━━━━━━━━━━━━━━━━━━━━━━━━━━━━━━━━━━━━━━━━━━━━━━━━━━━━━━━━━[0m
[41m[97m 🚨 Using derived tenant encryption keys (Vault unavailable / no DEK)                                         [0m
[41m[97m Source: TENANT_DATA_ENCRYPTION_FALLBACK_KEY                                                                  [0m
[41m[97m Secret fingerprint (sha256, truncated): c7eabc7b8d9e7cd0                                                     [0m
[41m[97m Persist this secret securely. Without it, encrypted tenant data cannot be recovered after restart.           [0m
[41m[97m━━━━━━━━━━━━━━━━━━━━━━━━━━━━━━━━━━━━━━━━━━━━━━━━━━━━━━━━━━━━━━━━━━━━━━━━━━━━━━━━━━━━━━━━━━━━━━━━━━━━━━━━━━━━━━[0m
{"level":40,"time":1789708935480,"pid":123473,"hostname":"cursor","name":"shared","component":"kms","secretFingerprint":"c7eabc7b8d9e7cd0","msg":"Using derived tenant encryption keys (Vault unavailable / no DEK)"}
{"level":40,"time":1789708935846,"pid":123473,"hostname":"cursor","name":"shared","component":"crud","err":{"type":"AwilixResolutionError","message":"Could not resolve 'em2'.\n\nResolution path: crudMutationGuardService -> em2","stack":"AwilixResolutionError: Could not resolve 'em2'.\n\nResolution path: crudMutationGuardService -> em2\n    at resolve (/workspace/apps/mercato/.mercato/next/server/chunks/node_modules_1d9hks4._.js:3575:23)\n    at /workspace/apps/mercato/.mercato/next/server/chunks/node_modules_1d9hks4._.js:3129:52\n    at Array.map (<anonymous>)\n    at Object.resolve (/workspace/apps/mercato/.mercato/next/server/chunks/node_modules_1d9hks4._.js:3129:43)\n    at Object.resolve (/workspace/apps/mercato/.mercato/next/server/chunks/node_modules_1d9hks4._.js:3625:41)\n    at resolveCrudMutationGuardService (/workspace/apps/mercato/.mercato/next/server/chunks/packages_0irp19z._.js:1601:35)\n    at bridgeLegacyGuard (/workspace/apps/mercato/.mercato/next/server/chunks/packages_0irp19z._.js:1518:105)\n    at collectAndRunGuards (/workspace/apps/mercato/.mercato/next/server/chunks/packages_shared_dist_lib_1vryyma._.js:1484:90)\n    at DELETE (/workspace/apps/mercato/.mercato/next/server/chunks/packages_shared_dist_lib_1vryyma._.js:3981:57)\n    at process.processTicksAndRejections (node:internal/process/task_queues:104:5)"},"msg":"CRUD mutation guard service could not be resolved; the legacy guard bridge is disabled"}
[lazy-supervisor] Pending job detected in events — starting shared worker for all queues
{"level":30,"time":1789708936861,"pid":123473,"hostname":"cursor","name":"workflows","component":"event-trigger","event":"sales.order.created","triggered":1,"skipped":0,"errors":0,"msg":"Triggered workflows for event"}
{"level":30,"time":1789708938188,"pid":123473,"hostname":"cursor","name":"workflows","component":"event-trigger","event":"sales.order.created","triggered":1,"skipped":0,"errors":0,"msg":"Triggered workflows for event"}
◇ injected env (0) from .env // tip: ⌁ auth for agents [www.vestauth.com]

🚀 Running queue:worker --all
[worker] DB connection budget: 20 (pool max 20); requested Σconcurrency 168, effective 50
[worker] Worker concurrency clamped to fit the DB connection budget (20): customers-deals-bulk-update-owner=1/1, customers-deals-bulk-update-stage=1/1, attachments-quota-recovery=1/2, catalog-product-bulk-delete=1/1, warranty_claims.sla_sweep=1/1, workflow-activities=1/1, fulltext-indexing=1/1, vector-indexing=1/1, events=1/1, notifications=1/5, integration-health-probe=1/5, integration-log-pruner=1/1, data-sync-export=1/5, data-sync-import=1/5, data-sync-scheduled=1/3, messages-email=1/10, communication-channels-import-history=1/1, communication-channels-gmail-history-sync=1/5, communication-channels-gmail-renew-watch=1/1, communication-channels-inbound=1/10, communication-channels-outbound=1/10, communication-channels-poll=1/10, communication-channels-poll-tick=1/1, communication-channels-reactions=1/10, push-stuck-reclaim=1/1, push-deliveries=1/8, ai-pending-action-cleanup=1/1, ai-token-usage-prune=1/1, scheduler-execution=1/5, payment-gateway-session-initialization-prune=1/1, payment-gateways-status-poller=1/2, payment-gateways-webhook=1/5, checkout-email=1/5, checkout-transaction-expiry=1/1, stripe-webhook=1/5, sync-akeneo-delete-products=1/1, sync-akeneo-first-import=1/1, shipping-carriers-status-poller=1/2, shipping-carriers-webhook=1/5, webhook-inbound-dispatch=1/5, webhook-deliveries=1/10, customer-accounts-cleanup-sessions=1/1, customer-accounts-cleanup-tokens=1/1, domain-tls-retry=1/1, domain-verification=1/1, example-todos-bulk-complete=1/1, example-todos-bulk-dispatch=1/1, example-customers-sync-inbound=1/5, example-customers-sync-outbound=1/5, example-customers-sync-reconcile=1/1. Raise DB_POOL_MAX or set OM_WORKERS_DB_CONNECTION_BUDGET to change this. Keep web_pool_max + worker_pool_max + overhead <= Postgres max_connections.
[worker] DB connection budget (20) is smaller than the number of queues (50); every queue runs at concurrency 1 and total demand (50) still exceeds the budget. Raise DB_POOL_MAX.
[worker] Starting workers for all queues: customers-deals-bulk-update-owner, customers-deals-bulk-update-stage, attachments-quota-recovery, catalog-product-bulk-delete, warranty_claims.sla_sweep, workflow-activities, fulltext-indexing, vector-indexing, events, notifications, integration-health-probe, integration-log-pruner, data-sync-export, data-sync-import, data-sync-scheduled, messages-email, communication-channels-import-history, communication-channels-gmail-history-sync, communication-channels-gmail-renew-watch, communication-channels-inbound, communication-channels-outbound, communication-channels-poll, communication-channels-poll-tick, communication-channels-reactions, push-stuck-reclaim, push-deliveries, ai-pending-action-cleanup, ai-token-usage-prune, scheduler-execution, payment-gateway-session-initialization-prune, payment-gateways-status-poller, payment-gateways-webhook, checkout-email, checkout-transaction-expiry, stripe-webhook, sync-akeneo-delete-products, sync-akeneo-first-import, shipping-carriers-status-poller, shipping-carriers-webhook, webhook-inbound-dispatch, webhook-deliveries, customer-accounts-cleanup-sessions, customer-accounts-cleanup-tokens, domain-tls-retry, domain-verification, example-todos-bulk-complete, example-todos-bulk-dispatch, example-customers-sync-inbound, example-customers-sync-outbound, example-customers-sync-reconcile
[worker] Starting "customers-deals-bulk-update-owner" with 1 handler(s), concurrency: 1
{"level":30,"time":1789708938381,"pid":123611,"hostname":"cursor","name":"queue","component":"worker","queueName":"customers-deals-bulk-update-owner","strategy":"local","msg":"Starting worker for queue"}
[worker] Starting "customers-deals-bulk-update-stage" with 1 handler(s), concurrency: 1
[worker] Starting "attachments-quota-recovery" with 1 handler(s), concurrency: 1
[worker] Starting "catalog-product-bulk-delete" with 1 handler(s), concurrency: 1
[worker] Starting "warranty_claims.sla_sweep" with 1 handler(s), concurrency: 1
[worker] Starting "workflow-activities" with 1 handler(s), concurrency: 1
[worker] Starting "fulltext-indexing" with 1 handler(s), concurrency: 1
[worker] Starting "vector-indexing" with 1 handler(s), concurrency: 1
[worker] Starting "events" with 1 handler(s), concurrency: 1
[worker] Starting "notifications" with 1 handler(s), concurrency: 1
[worker] Starting "integration-health-probe" with 1 handler(s), concurrency: 1
[worker] Starting "integration-log-pruner" with 1 handler(s), concurrency: 1
[worker] Starting "data-sync-export" with 1 handler(s), concurrency: 1
[worker] Starting "data-sync-import" with 1 handler(s), concurrency: 1
[worker] Starting "data-sync-scheduled" with 1 handler(s), concurrency: 1
[worker] Starting "messages-email" with 1 handler(s), concurrency: 1
[worker] Starting "communication-channels-import-history" with 1 handler(s), concurrency: 1
[worker] Starting "communication-channels-gmail-history-sync" with 1 handler(s), concurrency: 1
[worker] Starting "communication-channels-gmail-renew-watch" with 1 handler(s), concurrency: 1
[worker] Starting "communication-channels-inbound" with 1 handler(s), concurrency: 1
[worker] Starting "communication-channels-outbound" with 1 handler(s), concurrency: 1
[worker] Starting "communication-channels-poll" with 1 handler(s), concurrency: 1
[worker] Starting "communication-channels-poll-tick" with 1 handler(s), concurrency: 1
[worker] Starting "communication-channels-reactions" with 1 handler(s), concurrency: 1
[worker] Starting "push-stuck-reclaim" with 1 handler(s), concurrency: 1
[worker] Starting "push-deliveries" with 1 handler(s), concurrency: 1
[worker] Starting "ai-pending-action-cleanup" with 1 handler(s), concurrency: 1
[worker] Starting "ai-token-usage-prune" with 1 handler(s), concurrency: 1
[worker] Starting "scheduler-execution" with 1 handler(s), concurrency: 1
[worker] Starting "payment-gateway-session-initialization-prune" with 1 handler(s), concurrency: 1
[worker] Starting "payment-gateways-status-poller" with 1 handler(s), concurrency: 1
[worker] Starting "payment-gateways-webhook" with 1 handler(s), concurrency: 1
[worker] Starting "checkout-email" with 1 handler(s), concurrency: 1
[worker] Starting "checkout-transaction-expiry" with 1 handler(s), concurrency: 1
[worker] Starting "stripe-webhook" with 1 handler(s), concurrency: 1
[worker] Starting "sync-akeneo-delete-products" with 1 handler(s), concurrency: 1
[worker] Starting "sync-akeneo-first-import" with 1 handler(s), concurrency: 1
[worker] Starting "shipping-carriers-status-poller" with 1 handler(s), concurrency: 1
[worker] Starting "shipping-carriers-webhook" with 1 handler(s), concurrency: 1
[worker] Starting "webhook-inbound-dispatch" with 1 handler(s), concurrency: 1
[worker] Starting "webhook-deliveries" with 1 handler(s), concurrency: 1
[worker] Starting "customer-accounts-cleanup-sessions" with 1 handler(s), concurrency: 1
[worker] Starting "customer-accounts-cleanup-tokens" with 1 handler(s), concurrency: 1
[worker] Starting "domain-tls-retry" with 1 handler(s), concurrency: 1
[worker] Starting "domain-verification" with 1 handler(s), concurrency: 1
[worker] Starting "example-todos-bulk-complete" with 1 handler(s), concurrency: 1
[worker] Starting "example-todos-bulk-dispatch" with 1 handler(s), concurrency: 1
[worker] Starting "example-customers-sync-inbound" with 1 handler(s), concurrency: 1
[worker] Starting "example-customers-sync-outbound" with 1 handler(s), concurrency: 1
[worker] Starting "example-customers-sync-reconcile" with 1 handler(s), concurrency: 1
{"level":30,"time":1789708938381,"pid":123611,"hostname":"cursor","name":"queue","component":"worker","queueName":"customers-deals-bulk-update-stage","strategy":"local","msg":"Starting worker for queue"}
{"level":30,"time":1789708938382,"pid":123611,"hostname":"cursor","name":"queue","component":"worker","queueName":"attachments-quota-recovery","strategy":"local","msg":"Starting worker for queue"}
{"level":30,"time":1789708938382,"pid":123611,"hostname":"cursor","name":"queue","component":"worker","queueName":"catalog-product-bulk-delete","strategy":"local","msg":"Starting worker for queue"}
{"level":30,"time":1789708938382,"pid":123611,"hostname":"cursor","name":"queue","component":"worker","queueName":"warranty_claims.sla_sweep","strategy":"local","msg":"Starting worker for queue"}
{"level":30,"time":1789708938382,"pid":123611,"hostname":"cursor","name":"queue","component":"worker","queueName":"workflow-activities","strategy":"local","msg":"Starting worker for queue"}
{"level":30,"time":1789708938382,"pid":123611,"hostname":"cursor","name":"queue","component":"worker","queueName":"fulltext-indexing","strategy":"local","msg":"Starting worker for queue"}
{"level":30,"time":1789708938382,"pid":123611,"hostname":"cursor","name":"queue","component":"worker","queueName":"vector-indexing","strategy":"local","msg":"Starting worker for queue"}
{"level":30,"time":1789708938382,"pid":123611,"hostname":"cursor","name":"queue","component":"worker","queueName":"events","strategy":"local","msg":"Starting worker for queue"}
{"level":30,"time":1789708938382,"pid":123611,"hostname":"cursor","name":"queue","component":"worker","queueName":"notifications","strategy":"local","msg":"Starting worker for queue"}
{"level":30,"time":1789708938382,"pid":123611,"hostname":"cursor","name":"queue","component":"worker","queueName":"integration-health-probe","strategy":"local","msg":"Starting worker for queue"}
{"level":30,"time":1789708938382,"pid":123611,"hostname":"cursor","name":"queue","component":"worker","queueName":"integration-log-pruner","strategy":"local","msg":"Starting worker for queue"}
{"level":30,"time":1789708938382,"pid":123611,"hostname":"cursor","name":"queue","component":"worker","queueName":"data-sync-export","strategy":"local","msg":"Starting worker for queue"}
{"level":30,"time":1789708938382,"pid":123611,"hostname":"cursor","name":"queue","component":"worker","queueName":"data-sync-import","strategy":"local","msg":"Starting worker for queue"}
{"level":30,"time":1789708938382,"pid":123611,"hostname":"cursor","name":"queue","component":"worker","queueName":"data-sync-scheduled","strategy":"local","msg":"Starting worker for queue"}
{"level":30,"time":1789708938382,"pid":123611,"hostname":"cursor","name":"queue","component":"worker","queueName":"messages-email","strategy":"local","msg":"Starting worker for queue"}
{"level":30,"time":1789708938382,"pid":123611,"hostname":"cursor","name":"queue","component":"worker","queueName":"communication-channels-import-history","strategy":"local","msg":"Starting worker for queue"}
{"level":30,"time":1789708938382,"pid":123611,"hostname":"cursor","name":"queue","component":"worker","queueName":"communication-channels-gmail-history-sync","strategy":"local","msg":"Starting worker for queue"}
{"level":30,"time":1789708938382,"pid":123611,"hostname":"cursor","name":"queue","component":"worker","queueName":"communication-channels-gmail-renew-watch","strategy":"local","msg":"Starting worker for queue"}
{"level":30,"time":1789708938382,"pid":123611,"hostname":"cursor","name":"queue","component":"worker","queueName":"communication-channels-inbound","strategy":"local","msg":"Starting worker for queue"}
{"level":30,"time":1789708938382,"pid":123611,"hostname":"cursor","name":"queue","component":"worker","queueName":"communication-channels-outbound","strategy":"local","msg":"Starting worker for queue"}
{"level":30,"time":1789708938382,"pid":123611,"hostname":"cursor","name":"queue","component":"worker","queueName":"communication-channels-poll","strategy":"local","msg":"Starting worker for queue"}
{"level":30,"time":1789708938382,"pid":123611,"hostname":"cursor","name":"queue","component":"worker","queueName":"communication-channels-poll-tick","strategy":"local","msg":"Starting worker for queue"}
{"level":30,"time":1789708938382,"pid":123611,"hostname":"cursor","name":"queue","component":"worker","queueName":"communication-channels-reactions","strategy":"local","msg":"Starting worker for queue"}
{"level":30,"time":1789708938382,"pid":123611,"hostname":"cursor","name":"queue","component":"worker","queueName":"push-stuck-reclaim","strategy":"local","msg":"Starting worker for queue"}
{"level":30,"time":1789708938382,"pid":123611,"hostname":"cursor","name":"queue","component":"worker","queueName":"push-deliveries","strategy":"local","msg":"Starting worker for queue"}
{"level":30,"time":1789708938382,"pid":123611,"hostname":"cursor","name":"queue","component":"worker","queueName":"ai-pending-action-cleanup","strategy":"local","msg":"Starting worker for queue"}
{"level":30,"time":1789708938383,"pid":123611,"hostname":"cursor","name":"queue","component":"worker","queueName":"ai-token-usage-prune","strategy":"local","msg":"Starting worker for queue"}
{"level":30,"time":1789708938383,"pid":123611,"hostname":"cursor","name":"queue","component":"worker","queueName":"scheduler-execution","strategy":"local","msg":"Starting worker for queue"}
{"level":30,"time":1789708938383,"pid":123611,"hostname":"cursor","name":"queue","component":"worker","queueName":"payment-gateway-session-initialization-prune","strategy":"local","msg":"Starting worker for queue"}
{"level":30,"time":1789708938383,"pid":123611,"hostname":"cursor","name":"queue","component":"worker","queueName":"payment-gateways-status-poller","strategy":"local","msg":"Starting worker for queue"}
{"level":30,"time":1789708938383,"pid":123611,"hostname":"cursor","name":"queue","component":"worker","queueName":"payment-gateways-webhook","strategy":"local","msg":"Starting worker for queue"}
{"level":30,"time":1789708938383,"pid":123611,"hostname":"cursor","name":"queue","component":"worker","queueName":"checkout-email","strategy":"local","msg":"Starting worker for queue"}
{"level":30,"time":1789708938383,"pid":123611,"hostname":"cursor","name":"queue","component":"worker","queueName":"checkout-transaction-expiry","strategy":"local","msg":"Starting worker for queue"}
{"level":30,"time":1789708938383,"pid":123611,"hostname":"cursor","name":"queue","component":"worker","queueName":"stripe-webhook","strategy":"local","msg":"Starting worker for queue"}
{"level":30,"time":1789708938383,"pid":123611,"hostname":"cursor","name":"queue","component":"worker","queueName":"sync-akeneo-delete-products","strategy":"local","msg":"Starting worker for queue"}
{"level":30,"time":1789708938383,"pid":123611,"hostname":"cursor","name":"queue","component":"worker","queueName":"sync-akeneo-first-import","strategy":"local","msg":"Starting worker for queue"}
{"level":30,"time":1789708938383,"pid":123611,"hostname":"cursor","name":"queue","component":"worker","queueName":"shipping-carriers-status-poller","strategy":"local","msg":"Starting worker for queue"}
{"level":30,"time":1789708938383,"pid":123611,"hostname":"cursor","name":"queue","component":"worker","queueName":"shipping-carriers-webhook","strategy":"local","msg":"Starting worker for queue"}
{"level":30,"time":1789708938383,"pid":123611,"hostname":"cursor","name":"queue","component":"worker","queueName":"webhook-inbound-dispatch","strategy":"local","msg":"Starting worker for queue"}
{"level":30,"time":1789708938383,"pid":123611,"hostname":"cursor","name":"queue","component":"worker","queueName":"webhook-deliveries","strategy":"local","msg":"Starting worker for queue"}
{"level":30,"time":1789708938383,"pid":123611,"hostname":"cursor","name":"queue","component":"worker","queueName":"customer-accounts-cleanup-sessions","strategy":"local","msg":"Starting worker for queue"}
{"level":30,"time":1789708938383,"pid":123611,"hostname":"cursor","name":"queue","component":"worker","queueName":"customer-accounts-cleanup-tokens","strategy":"local","msg":"Starting worker for queue"}
{"level":30,"time":1789708938383,"pid":123611,"hostname":"cursor","name":"queue","component":"worker","queueName":"domain-tls-retry","strategy":"local","msg":"Starting worker for queue"}
{"level":30,"time":1789708938383,"pid":123611,"hostname":"cursor","name":"queue","component":"worker","queueName":"domain-verification","strategy":"local","msg":"Starting worker for queue"}
{"level":30,"time":1789708938383,"pid":123611,"hostname":"cursor","name":"queue","component":"worker","queueName":"example-todos-bulk-complete","strategy":"local","msg":"Starting worker for queue"}
{"level":30,"time":1789708938383,"pid":123611,"hostname":"cursor","name":"queue","component":"worker","queueName":"example-todos-bulk-dispatch","strategy":"local","msg":"Starting worker for queue"}
{"level":30,"time":1789708938384,"pid":123611,"hostname":"cursor","name":"queue","component":"worker","queueName":"example-customers-sync-inbound","strategy":"local","msg":"Starting worker for queue"}
{"level":30,"time":1789708938384,"pid":123611,"hostname":"cursor","name":"queue","component":"worker","queueName":"example-customers-sync-outbound","strategy":"local","msg":"Starting worker for queue"}
{"level":30,"time":1789708938384,"pid":123611,"hostname":"cursor","name":"queue","component":"worker","queueName":"example-customers-sync-reconcile","strategy":"local","msg":"Starting worker for queue"}
{"level":30,"time":1789708938437,"pid":123611,"hostname":"cursor","name":"queue","queue":"attachments-quota-recovery","concurrency":1,"msg":"Worker started"}
[41m[97m━━━━━━━━━━━━━━━━━━━━━━━━━━━━━━━━━━━━━━━━━━━━━━━━━━━━━━━━━━━━━━━━━━━━━━━━━━━━━━━━━━━━━━━━━━━━━━━━━━━━━━━━━━━━━━[0m
[41m[97m 🚨 Using derived tenant encryption keys (Vault unavailable / no DEK)                                         [0m
[41m[97m Source: TENANT_DATA_ENCRYPTION_FALLBACK_KEY                                                                  [0m
[41m[97m Secret fingerprint (sha256, truncated): c7eabc7b8d9e7cd0                                                     [0m
[41m[97m Persist this secret securely. Without it, encrypted tenant data cannot be recovered after restart.           [0m
[41m[97m━━━━━━━━━━━━━━━━━━━━━━━━━━━━━━━━━━━━━━━━━━━━━━━━━━━━━━━━━━━━━━━━━━━━━━━━━━━━━━━━━━━━━━━━━━━━━━━━━━━━━━━━━━━━━━[0m
{"level":30,"time":1789708938437,"pid":123611,"hostname":"cursor","name":"queue","component":"worker","concurrency":1,"msg":"Worker running"}
{"level":30,"time":1789708938437,"pid":123611,"hostname":"cursor","name":"queue","queue":"customers-deals-bulk-update-stage","concurrency":1,"msg":"Worker started"}
{"level":30,"time":1789708938437,"pid":123611,"hostname":"cursor","name":"queue","component":"worker","concurrency":1,"msg":"Worker running"}
{"level":30,"time":1789708938437,"pid":123611,"hostname":"cursor","name":"shared","component":"orm","poolMin":2,"poolMax":20,"poolIdleTimeout":10000,"poolAcquireTimeout":15000,"idleSessionTimeoutMs":30000,"idleInTransactionTimeoutMs":30000,"nodeEnv":"production","msg":"Pool config"}
{"level":40,"time":1789708938610,"pid":123611,"hostname":"cursor","name":"push_notifications","provider":"apns","env":"OM_PUSH_FAKE_PROVIDERS","msg":"apns push adapter is running in FAKE mode (OM_PUSH_FAKE_PROVIDERS is set): messages are recorded, NOT delivered. This must never be set in production."}
{"level":40,"time":1789708938610,"pid":123611,"hostname":"cursor","name":"push_notifications","provider":"expo","env":"OM_PUSH_FAKE_PROVIDERS","msg":"expo push adapter is running in FAKE mode (OM_PUSH_FAKE_PROVIDERS is set): messages are recorded, NOT delivered. This must never be set in production."}
{"level":40,"time":1789708938610,"pid":123611,"hostname":"cursor","name":"push_notifications","provider":"fcm","env":"OM_PUSH_FAKE_PROVIDERS","msg":"fcm push adapter is running in FAKE mode (OM_PUSH_FAKE_PROVIDERS is set): messages are recorded, NOT delivered. This must never be set in production."}
{"level":40,"time":1789708938615,"pid":123611,"hostname":"cursor","name":"shared","component":"kms","secretFingerprint":"c7eabc7b8d9e7cd0","msg":"Using derived tenant encryption keys (Vault unavailable / no DEK)"}
{"level":30,"time":1789708938616,"pid":123611,"hostname":"cursor","name":"shared","component":"orm","max":20,"min":0,"idleTimeoutMillis":10000,"connectionTimeoutMillis":15000,"msg":"pg pool created with options"}
{"level":30,"time":1789708938626,"pid":123611,"hostname":"cursor","name":"queue","queue":"events","jobId":"099c202d-0614-4203-92ce-601983d1506b","msg":"Job completed"}
{"level":30,"time":1789708938629,"pid":123611,"hostname":"cursor","name":"queue","queue":"events","jobId":"88b8feb0-646e-4025-a908-f9d61454e839","msg":"Job completed"}
{"level":30,"time":1789708938631,"pid":123611,"hostname":"cursor","name":"queue","queue":"events","jobId":"90ed7ae9-da3e-4513-aa30-5e060182ca1e","msg":"Job completed"}
{"level":30,"time":1789708938632,"pid":123611,"hostname":"cursor","name":"queue","queue":"events","jobId":"bc972889-b36e-47e2-8bfe-270de4a28064","msg":"Job completed"}
{"level":30,"time":1789708938633,"pid":123611,"hostname":"cursor","name":"queue","queue":"events","jobId":"7d0f4bbb-f392-4ed5-a505-ce4e624a1fa3","msg":"Job completed"}
{"level":30,"time":1789708938635,"pid":123611,"hostname":"cursor","name":"queue","queue":"events","jobId":"2225a280-e3a2-4b60-96ba-d727ade27adb","msg":"Job completed"}
{"level":30,"time":1789708938636,"pid":123611,"hostname":"cursor","name":"queue","queue":"events","jobId":"6f55947d-c354-458d-8dfd-a05a55f61df6","msg":"Job completed"}
{"level":30,"time":1789708938637,"pid":123611,"hostname":"cursor","name":"queue","queue":"events","jobId":"673a57ed-59cf-46a2-8c17-ccdb9b82721c","msg":"Job completed"}
{"level":30,"time":1789708938639,"pid":123611,"hostname":"cursor","name":"queue","queue":"events","jobId":"123b9922-9088-4595-9829-33f4c37e30b8","msg":"Job completed"}
{"level":30,"time":1789708938640,"pid":123611,"hostname":"cursor","name":"queue","queue":"events","jobId":"57a7dc3e-4d5a-46f1-8577-0a69e16d0d4c","msg":"Job completed"}
{"level":30,"time":1789708938641,"pid":123611,"hostname":"cursor","name":"queue","queue":"events","jobId":"833cf4f7-29ab-4ae8-8957-24ce06532f57","msg":"Job completed"}
{"level":30,"time":1789708938642,"pid":123611,"hostname":"cursor","name":"queue","queue":"events","jobId":"5722f945-d4d7-4ec1-8968-3a130364639a","msg":"Job completed"}
{"level":30,"time":1789708938643,"pid":123611,"hostname":"cursor","name":"queue","queue":"events","jobId":"15c42c76-b7b8-465f-a738-a7a9118a04e7","msg":"Job completed"}
{"level":30,"time":1789708938643,"pid":123611,"hostname":"cursor","name":"queue","queue":"events","jobId":"87de7a9d-3019-4b09-bdef-d33bf145db81","msg":"Job completed"}
{"level":30,"time":1789708938644,"pid":123611,"hostname":"cursor","name":"queue","queue":"events","jobId":"5689ecf9-ec6f-481d-9c65-1fd68f1dc183","msg":"Job completed"}
{"level":30,"time":1789708938645,"pid":123611,"hostname":"cursor","name":"queue","queue":"events","jobId":"4e7eca60-ee26-4775-865f-bddc17ccc3e9","msg":"Job completed"}
{"level":30,"time":1789708938646,"pid":123611,"hostname":"cursor","name":"queue","queue":"events","jobId":"847b8281-22c8-4c9b-9ee0-c7b6ae851283","msg":"Job completed"}
{"level":30,"time":1789708938647,"pid":123611,"hostname":"cursor","name":"queue","queue":"events","jobId":"da1cd2b5-42f6-4bcf-ac49-385d3a29721c","msg":"Job completed"}
{"level":30,"time":1789708938647,"pid":123611,"hostname":"cursor","name":"queue","queue":"events","jobId":"ca989ded-d462-486f-8cfc-25f79ccce850","msg":"Job completed"}
{"level":30,"time":1789708938648,"pid":123611,"hostname":"cursor","name":"queue","queue":"events","jobId":"2be4dcba-6f5e-4fe7-ba09-fe03326f2050","msg":"Job completed"}
{"level":30,"time":1789708938649,"pid":123611,"hostname":"cursor","name":"queue","queue":"events","jobId":"efa14a62-ae60-4e49-9edf-69c0ebe9e6ee","msg":"Job completed"}
{"level":30,"time":1789708938650,"pid":123611,"hostname":"cursor","name":"queue","queue":"events","jobId":"15313d18-7bce-433e-ae77-0cfa8bfa833d","msg":"Job completed"}
{"level":30,"time":1789708938650,"pid":123611,"hostname":"cursor","name":"queue","queue":"warranty_claims.sla_sweep","concurrency":1,"msg":"Worker started"}
{"level":30,"time":1789708938650,"pid":123611,"hostname":"cursor","name":"queue","component":"worker","concurrency":1,"msg":"Worker running"}
{"level":30,"time":1789708938650,"pid":123611,"hostname":"cursor","name":"queue","queue":"vector-indexing","concurrency":1,"msg":"Worker started"}
{"level":30,"time":1789708938650,"pid":123611,"hostname":"cursor","name":"queue","component":"worker","concurrency":1,"msg":"Worker running"}
{"level":30,"time":1789708938650,"pid":123611,"hostname":"cursor","name":"queue","queue":"integration-health-probe","concurrency":1,"msg":"Worker started"}
{"level":30,"time":1789708938650,"pid":123611,"hostname":"cursor","name":"queue","component":"worker","concurrency":1,"msg":"Worker running"}
{"level":30,"time":1789708938650,"pid":123611,"hostname":"cursor","name":"queue","queue":"catalog-product-bulk-delete","concurrency":1,"msg":"Worker started"}
{"level":30,"time":1789708938650,"pid":123611,"hostname":"cursor","name":"queue","component":"worker","concurrency":1,"msg":"Worker running"}
{"level":30,"time":1789708938650,"pid":123611,"hostname":"cursor","name":"queue","queue":"notifications","concurrency":1,"msg":"Worker started"}
{"level":30,"time":1789708938650,"pid":123611,"hostname":"cursor","name":"queue","component":"worker","concurrency":1,"msg":"Worker running"}
{"level":30,"time":1789708938650,"pid":123611,"hostname":"cursor","name":"queue","queue":"integration-log-pruner","concurrency":1,"msg":"Worker started"}
{"level":30,"time":1789708938650,"pid":123611,"hostname":"cursor","name":"queue","component":"worker","concurrency":1,"msg":"Worker running"}
{"level":30,"time":1789708938650,"pid":123611,"hostname":"cursor","name":"queue","queue":"fulltext-indexing","concurrency":1,"msg":"Worker started"}
{"level":30,"time":1789708938650,"pid":123611,"hostname":"cursor","name":"queue","component":"worker","concurrency":1,"msg":"Worker running"}
{"level":30,"time":1789708938650,"pid":123611,"hostname":"cursor","name":"queue","queue":"data-sync-export","concurrency":1,"msg":"Worker started"}
{"level":30,"time":1789708938650,"pid":123611,"hostname":"cursor","name":"queue","component":"worker","concurrency":1,"msg":"Worker running"}
{"level":30,"time":1789708938650,"pid":123611,"hostname":"cursor","name":"queue","queue":"communication-channels-import-history","concurrency":1,"msg":"Worker started"}
{"level":30,"time":1789708938650,"pid":123611,"hostname":"cursor","name":"queue","component":"worker","concurrency":1,"msg":"Worker running"}
{"level":30,"time":1789708938650,"pid":123611,"hostname":"cursor","name":"queue","queue":"messages-email","concurrency":1,"msg":"Worker started"}
{"level":30,"time":1789708938650,"pid":123611,"hostname":"cursor","name":"queue","component":"worker","concurrency":1,"msg":"Worker running"}
{"level":30,"time":1789708938650,"pid":123611,"hostname":"cursor","name":"queue","queue":"communication-channels-gmail-renew-watch","concurrency":1,"msg":"Worker started"}
{"level":30,"time":1789708938650,"pid":123611,"hostname":"cursor","name":"queue","component":"worker","concurrency":1,"msg":"Worker running"}
{"level":30,"time":1789708938650,"pid":123611,"hostname":"cursor","name":"queue","queue":"communication-channels-inbound","concurrency":1,"msg":"Worker started"}
{"level":30,"time":1789708938650,"pid":123611,"hostname":"cursor","name":"queue","component":"worker","concurrency":1,"msg":"Worker running"}
{"level":30,"time":1789708938673,"pid":123611,"hostname":"cursor","name":"queue","queue":"data-sync-scheduled","concurrency":1,"msg":"Worker started"}
{"level":30,"time":1789708938673,"pid":123611,"hostname":"cursor","name":"queue","component":"worker","concurrency":1,"msg":"Worker running"}
{"level":30,"time":1789708938673,"pid":123611,"hostname":"cursor","name":"queue","queue":"communication-channels-outbound","concurrency":1,"msg":"Worker started"}
{"level":30,"time":1789708938673,"pid":123611,"hostname":"cursor","name":"queue","component":"worker","concurrency":1,"msg":"Worker running"}
{"level":30,"time":1789708938673,"pid":123611,"hostname":"cursor","name":"queue","queue":"push-deliveries","concurrency":1,"msg":"Worker started"}
{"level":30,"time":1789708938673,"pid":123611,"hostname":"cursor","name":"queue","component":"worker","concurrency":1,"msg":"Worker running"}
{"level":30,"time":1789708938673,"pid":123611,"hostname":"cursor","name":"queue","queue":"communication-channels-poll","concurrency":1,"msg":"Worker started"}
{"level":30,"time":1789708938673,"pid":123611,"hostname":"cursor","name":"queue","component":"worker","concurrency":1,"msg":"Worker running"}
{"level":30,"time":1789708938674,"pid":123611,"hostname":"cursor","name":"queue","queue":"communication-channels-gmail-history-sync","concurrency":1,"msg":"Worker started"}
{"level":30,"time":1789708938674,"pid":123611,"hostname":"cursor","name":"queue","component":"worker","concurrency":1,"msg":"Worker running"}
{"level":30,"time":1789708938674,"pid":123611,"hostname":"cursor","name":"queue","queue":"data-sync-import","concurrency":1,"msg":"Worker started"}
{"level":30,"time":1789708938674,"pid":123611,"hostname":"cursor","name":"queue","component":"worker","concurrency":1,"msg":"Worker running"}
{"level":30,"time":1789708938674,"pid":123611,"hostname":"cursor","name":"queue","queue":"communication-channels-poll-tick","concurrency":1,"msg":"Worker started"}
{"level":30,"time":1789708938674,"pid":123611,"hostname":"cursor","name":"queue","component":"worker","concurrency":1,"msg":"Worker running"}
{"level":30,"time":1789708938674,"pid":123611,"hostname":"cursor","name":"queue","queue":"push-stuck-reclaim","concurrency":1,"msg":"Worker started"}
{"level":30,"time":1789708938674,"pid":123611,"hostname":"cursor","name":"queue","component":"worker","concurrency":1,"msg":"Worker running"}
{"level":30,"time":1789708938674,"pid":123611,"hostname":"cursor","name":"queue","queue":"communication-channels-reactions","concurrency":1,"msg":"Worker started"}
{"level":30,"time":1789708938674,"pid":123611,"hostname":"cursor","name":"queue","component":"worker","concurrency":1,"msg":"Worker running"}
{"level":30,"time":1789708938674,"pid":123611,"hostname":"cursor","name":"queue","queue":"ai-pending-action-cleanup","concurrency":1,"msg":"Worker started"}
{"level":30,"time":1789708938674,"pid":123611,"hostname":"cursor","name":"queue","component":"worker","concurrency":1,"msg":"Worker running"}
{"level":30,"time":1789708938674,"pid":123611,"hostname":"cursor","name":"queue","queue":"ai-token-usage-prune","concurrency":1,"msg":"Worker started"}
{"level":30,"time":1789708938674,"pid":123611,"hostname":"cursor","name":"queue","component":"worker","concurrency":1,"msg":"Worker running"}
{"level":30,"time":1789708938674,"pid":123611,"hostname":"cursor","name":"queue","queue":"payment-gateway-session-initialization-prune","concurrency":1,"msg":"Worker started"}
{"level":30,"time":1789708938674,"pid":123611,"hostname":"cursor","name":"queue","component":"worker","concurrency":1,"msg":"Worker running"}
{"level":30,"time":1789708938674,"pid":123611,"hostname":"cursor","name":"queue","queue":"stripe-webhook","concurrency":1,"msg":"Worker started"}
{"level":30,"time":1789708938674,"pid":123611,"hostname":"cursor","name":"queue","component":"worker","concurrency":1,"msg":"Worker running"}
{"level":30,"time":1789708938674,"pid":123611,"hostname":"cursor","name":"queue","queue":"checkout-email","concurrency":1,"msg":"Worker started"}
{"level":30,"time":1789708938674,"pid":123611,"hostname":"cursor","name":"queue","component":"worker","concurrency":1,"msg":"Worker running"}
{"level":30,"time":1789708938674,"pid":123611,"hostname":"cursor","name":"queue","queue":"payment-gateways-status-poller","concurrency":1,"msg":"Worker started"}
{"level":30,"time":1789708938674,"pid":123611,"hostname":"cursor","name":"queue","component":"worker","concurrency":1,"msg":"Worker running"}
{"level":30,"time":1789708938674,"pid":123611,"hostname":"cursor","name":"queue","queue":"sync-akeneo-delete-products","concurrency":1,"msg":"Worker started"}
{"level":30,"time":1789708938674,"pid":123611,"hostname":"cursor","name":"queue","component":"worker","concurrency":1,"msg":"Worker running"}
{"level":30,"time":1789708938674,"pid":123611,"hostname":"cursor","name":"queue","queue":"payment-gateways-webhook","concurrency":1,"msg":"Worker started"}
{"level":30,"time":1789708938674,"pid":123611,"hostname":"cursor","name":"queue","component":"worker","concurrency":1,"msg":"Worker running"}
{"level":30,"time":1789708938675,"pid":123611,"hostname":"cursor","name":"queue","queue":"scheduler-execution","concurrency":1,"msg":"Worker started"}
{"level":30,"time":1789708938675,"pid":123611,"hostname":"cursor","name":"queue","component":"worker","concurrency":1,"msg":"Worker running"}
{"level":30,"time":1789708938675,"pid":123611,"hostname":"cursor","name":"queue","queue":"shipping-carriers-webhook","concurrency":1,"msg":"Worker started"}
{"level":30,"time":1789708938675,"pid":123611,"hostname":"cursor","name":"queue","component":"worker","concurrency":1,"msg":"Worker running"}
{"level":30,"time":1789708938675,"pid":123611,"hostname":"cursor","name":"queue","queue":"customer-accounts-cleanup-sessions","concurrency":1,"msg":"Worker started"}
{"level":30,"time":1789708938675,"pid":123611,"hostname":"cursor","name":"queue","component":"worker","concurrency":1,"msg":"Worker running"}
{"level":30,"time":1789708938675,"pid":123611,"hostname":"cursor","name":"queue","queue":"webhook-deliveries","concurrency":1,"msg":"Worker started"}
{"level":30,"time":1789708938675,"pid":123611,"hostname":"cursor","name":"queue","component":"worker","concurrency":1,"msg":"Worker running"}
{"level":30,"time":1789708938675,"pid":123611,"hostname":"cursor","name":"queue","queue":"sync-akeneo-first-import","concurrency":1,"msg":"Worker started"}
{"level":30,"time":1789708938675,"pid":123611,"hostname":"cursor","name":"queue","component":"worker","concurrency":1,"msg":"Worker running"}
{"level":30,"time":1789708938675,"pid":123611,"hostname":"cursor","name":"queue","queue":"customer-accounts-cleanup-tokens","concurrency":1,"msg":"Worker started"}
{"level":30,"time":1789708938675,"pid":123611,"hostname":"cursor","name":"queue","component":"worker","concurrency":1,"msg":"Worker running"}
{"level":30,"time":1789708938675,"pid":123611,"hostname":"cursor","name":"queue","queue":"webhook-inbound-dispatch","concurrency":1,"msg":"Worker started"}
{"level":30,"time":1789708938675,"pid":123611,"hostname":"cursor","name":"queue","component":"worker","concurrency":1,"msg":"Worker running"}
{"level":30,"time":1789708938675,"pid":123611,"hostname":"cursor","name":"queue","queue":"domain-verification","concurrency":1,"msg":"Worker started"}
{"level":30,"time":1789708938675,"pid":123611,"hostname":"cursor","name":"queue","component":"worker","concurrency":1,"msg":"Worker running"}
{"level":30,"time":1789708938675,"pid":123611,"hostname":"cursor","name":"queue","queue":"example-customers-sync-inbound","concurrency":1,"msg":"Worker started"}
{"level":30,"time":1789708938675,"pid":123611,"hostname":"cursor","name":"queue","component":"worker","concurrency":1,"msg":"Worker running"}
{"level":30,"time":1789708938675,"pid":123611,"hostname":"cursor","name":"queue","queue":"example-todos-bulk-dispatch","concurrency":1,"msg":"Worker started"}
{"level":30,"time":1789708938675,"pid":123611,"hostname":"cursor","name":"queue","component":"worker","concurrency":1,"msg":"Worker running"}
{"level":30,"time":1789708938675,"pid":123611,"hostname":"cursor","name":"queue","queue":"example-customers-sync-outbound","concurrency":1,"msg":"Worker started"}
{"level":30,"time":1789708938675,"pid":123611,"hostname":"cursor","name":"queue","component":"worker","concurrency":1,"msg":"Worker running"}
{"level":30,"time":1789708938675,"pid":123611,"hostname":"cursor","name":"queue","queue":"checkout-transaction-expiry","concurrency":1,"msg":"Worker started"}
{"level":30,"time":1789708938675,"pid":123611,"hostname":"cursor","name":"queue","component":"worker","concurrency":1,"msg":"Worker running"}
{"level":30,"time":1789708938675,"pid":123611,"hostname":"cursor","name":"queue","queue":"example-customers-sync-reconcile","concurrency":1,"msg":"Worker started"}
{"level":30,"time":1789708938675,"pid":123611,"hostname":"cursor","name":"queue","component":"worker","concurrency":1,"msg":"Worker running"}
{"level":30,"time":1789708938675,"pid":123611,"hostname":"cursor","name":"queue","queue":"shipping-carriers-status-poller","concurrency":1,"msg":"Worker started"}
{"level":30,"time":1789708938675,"pid":123611,"hostname":"cursor","name":"queue","component":"worker","concurrency":1,"msg":"Worker running"}
{"level":30,"time":1789708938678,"pid":123611,"hostname":"cursor","name":"queue","queue":"customers-deals-bulk-update-owner","concurrency":1,"msg":"Worker started"}
{"level":30,"time":1789708938678,"pid":123611,"hostname":"cursor","name":"queue","component":"worker","concurrency":1,"msg":"Worker running"}
{"level":30,"time":1789708938695,"pid":123611,"hostname":"cursor","name":"queue","queue":"example-todos-bulk-complete","concurrency":1,"msg":"Worker started"}
{"level":30,"time":1789708938695,"pid":123611,"hostname":"cursor","name":"queue","component":"worker","concurrency":1,"msg":"Worker running"}
{"level":30,"time":1789708938698,"pid":123611,"hostname":"cursor","name":"queue","queue":"domain-tls-retry","concurrency":1,"msg":"Worker started"}
{"level":30,"time":1789708938698,"pid":123611,"hostname":"cursor","name":"queue","component":"worker","concurrency":1,"msg":"Worker running"}
{"level":30,"time":1789708938741,"pid":123611,"hostname":"cursor","name":"queue","queue":"events","jobId":"163085c5-fe3f-458d-baeb-039c631ba612","msg":"Job completed"}
{"level":30,"time":1789708938801,"pid":123611,"hostname":"cursor","name":"queue","queue":"events","concurrency":1,"msg":"Worker started"}
{"level":30,"time":1789708938801,"pid":123611,"hostname":"cursor","name":"queue","component":"worker","concurrency":1,"msg":"Worker running"}
{"level":30,"time":1789708938879,"pid":123611,"hostname":"cursor","name":"queue","queue":"workflow-activities","jobId":"eb59e391-9f72-4be6-9838-0ffc91ecb3c6","msg":"Job completed"}
{"level":30,"time":1789708938910,"pid":123611,"hostname":"cursor","name":"queue","queue":"workflow-activities","jobId":"e4ea3ffc-ae30-40c4-b1c4-8011a9f40f4a","msg":"Job completed"}
{"level":30,"time":1789708938913,"pid":123611,"hostname":"cursor","name":"queue","queue":"workflow-activities","concurrency":1,"msg":"Worker started"}
[worker] All workers started. Press Ctrl+C to stop
{"level":30,"time":1789708938913,"pid":123611,"hostname":"cursor","name":"queue","component":"worker","concurrency":1,"msg":"Worker running"}
{"level":30,"time":1789708939209,"pid":123611,"hostname":"cursor","name":"queue","queue":"events","jobId":"bf56fede-9e83-45dd-8caf-aa634a3eef37","msg":"Job completed"}
{"level":30,"time":1789708939273,"pid":123611,"hostname":"cursor","name":"queue","queue":"events","jobId":"fc59c1b3-cb69-4601-a66d-6313c332671d","msg":"Job completed"}
{"level":30,"time":1789708939598,"pid":123611,"hostname":"cursor","name":"queue","queue":"events","jobId":"46e353de-7b26-4f53-bc74-9c595ca15ab9","msg":"Job completed"}
{"level":30,"time":1789708940112,"pid":123611,"hostname":"cursor","name":"queue","queue":"events","jobId":"a4bbc098-d331-4ae1-aaef-1e3d4076b5b4","msg":"Job completed"}
{"level":30,"time":1789708940164,"pid":123611,"hostname":"cursor","name":"queue","queue":"events","jobId":"aca937da-5733-47ca-92ec-39aef8d0e18e","msg":"Job completed"}
{"level":30,"time":1789708940380,"pid":123611,"hostname":"cursor","name":"queue","queue":"events","jobId":"24ba8fd6-b100-4b74-9b5c-d1f65c76c7f9","msg":"Job completed"}
{"level":30,"time":1789708940411,"pid":123611,"hostname":"cursor","name":"queue","queue":"events","jobId":"889e5030-042d-41ea-94b3-5110291ab085","msg":"Job completed"}
{"level":30,"time":1789708940687,"pid":123473,"hostname":"cursor","name":"workflows","component":"event-trigger","event":"sales.order.created","triggered":1,"skipped":0,"errors":0,"msg":"Triggered workflows for event"}
{"level":30,"time":1789708940703,"pid":123611,"hostname":"cursor","name":"queue","queue":"events","jobId":"17b6fc9f-df59-4e6c-81b2-6cc75921ad18","msg":"Job completed"}
{"level":30,"time":1789708940791,"pid":123611,"hostname":"cursor","name":"queue","queue":"events","jobId":"8be65ce1-19e9-4e31-833b-ecf28cb7fbe2","msg":"Job completed"}
{"level":30,"time":1789708940848,"pid":123611,"hostname":"cursor","name":"queue","queue":"workflow-activities","jobId":"07cce778-fe6f-4b2e-bd69-e26a5592f351","msg":"Job completed"}
{"level":30,"time":1789708940852,"pid":123611,"hostname":"cursor","name":"queue","queue":"events","jobId":"adc161ad-c522-4359-b686-8b463b303277","msg":"Job completed"}
{"level":30,"time":1789708940873,"pid":123611,"hostname":"cursor","name":"queue","queue":"events","jobId":"cf7c353e-1208-4ea5-bfdb-8e9abc282dac","msg":"Job completed"}
{"level":30,"time":1789708941074,"pid":123611,"hostname":"cursor","name":"queue","queue":"events","jobId":"6c144ca6-8afc-4e18-9ba2-169fcd8eaecc","msg":"Job completed"}
{"level":30,"time":1789708941086,"pid":123611,"hostname":"cursor","name":"queue","queue":"events","jobId":"081489a3-2fd7-49cd-be31-2e07070d57a9","msg":"Job completed"}
{"level":30,"time":1789708941283,"pid":123611,"hostname":"cursor","name":"queue","queue":"events","jobId":"f0fd05e7-ff79-46c0-a70c-1f92be6ce0fe","msg":"Job completed"}
{"level":30,"time":1789708941406,"pid":123611,"hostname":"cursor","name":"queue","queue":"events","jobId":"ed31cf4f-b3c3-45c0-8715-6e39fc977ea4","msg":"Job completed"}
{"level":30,"time":1789708941465,"pid":123611,"hostname":"cursor","name":"queue","queue":"events","jobId":"3e394697-4ef8-4465-bfb0-ceeccfb67e0d","msg":"Job completed"}
{"level":30,"time":1789708941795,"pid":123611,"hostname":"cursor","name":"queue","queue":"events","jobId":"0276be40-6cfc-4ca8-8d3a-3ba17470602a","msg":"Job completed"}
{"level":30,"time":1789708942002,"pid":123611,"hostname":"cursor","name":"queue","queue":"events","jobId":"f0446d57-d5de-4973-a7d8-21296dcf26c1","msg":"Job completed"}
{"level":30,"time":1789708942053,"pid":123611,"hostname":"cursor","name":"queue","queue":"events","jobId":"0fd75bc7-2be5-46ed-b7cc-25514cf38798","msg":"Job completed"}
{"level":30,"time":1789708942158,"pid":123611,"hostname":"cursor","name":"queue","queue":"events","jobId":"066820a9-aeff-4d75-8ba6-9b45e79aa64a","msg":"Job completed"}
{"level":30,"time":1789708942217,"pid":123611,"hostname":"cursor","name":"queue","queue":"events","jobId":"02aac202-f0f2-4162-aacc-6695baa4fa0b","msg":"Job completed"}
{"level":30,"time":1789708942531,"pid":123473,"hostname":"cursor","name":"workflows","component":"event-trigger","event":"sales.order.created","triggered":1,"skipped":0,"errors":0,"msg":"Triggered workflows for event"}
{"level":30,"time":1789708942542,"pid":123611,"hostname":"cursor","name":"queue","queue":"events","jobId":"6b74edc7-6dfb-4e38-b23f-e41c8fed7d0f","msg":"Job completed"}
{"level":30,"time":1789708942621,"pid":123611,"hostname":"cursor","name":"queue","queue":"events","jobId":"8927fdf6-39da-4b93-be98-e46f010e888d","msg":"Job completed"}
{"level":30,"time":1789708942670,"pid":123611,"hostname":"cursor","name":"queue","queue":"events","jobId":"9808db58-b3ec-455f-a130-41e6a9d7e31b","msg":"Job completed"}
{"level":30,"time":1789708942686,"pid":123611,"hostname":"cursor","name":"queue","queue":"workflow-activities","jobId":"3ded3cbf-45b0-438b-bad2-43135c4b2355","msg":"Job completed"}
{"level":30,"time":1789708942706,"pid":123611,"hostname":"cursor","name":"queue","queue":"events","jobId":"b06f5e37-bf21-45e9-9579-778448067130","msg":"Job completed"}
{"level":30,"time":1789708942897,"pid":123611,"hostname":"cursor","name":"queue","queue":"events","jobId":"849b071b-bdcb-4fbf-ae9c-a965ecf114dd","msg":"Job completed"}
{"level":30,"time":1789708943071,"pid":123611,"hostname":"cursor","name":"queue","queue":"events","jobId":"17798150-e2f8-4c76-b4cd-b78053240572","msg":"Job completed"}
{"level":30,"time":1789708943122,"pid":123611,"hostname":"cursor","name":"queue","queue":"events","jobId":"271f99f0-27b0-4ace-a363-8040ccb5d4b9","msg":"Job completed"}
{"level":30,"time":1789708943218,"pid":123611,"hostname":"cursor","name":"queue","queue":"events","jobId":"d3ee9fa8-6756-492b-8270-7e9134b4e40c","msg":"Job completed"}
{"level":30,"time":1789708943218,"pid":123611,"hostname":"cursor","name":"queue","queue":"events","jobId":"214bc473-750c-406b-a99d-e855eb5d3689","msg":"Job completed"}
{"level":30,"time":1789708943503,"pid":123473,"hostname":"cursor","name":"workflows","component":"event-trigger","event":"sales.order.created","triggered":1,"skipped":0,"errors":0,"msg":"Triggered workflows for event"}
{"level":30,"time":1789708943529,"pid":123611,"hostname":"cursor","name":"queue","queue":"events","jobId":"bf403a8d-f650-45cd-af35-be82ea78894c","msg":"Job completed"}
{"level":30,"time":1789708943589,"pid":123611,"hostname":"cursor","name":"queue","queue":"events","jobId":"58411777-5f8a-4745-9011-9e1188ef4219","msg":"Job completed"}
{"level":30,"time":1789708943642,"pid":123611,"hostname":"cursor","name":"queue","queue":"events","jobId":"8cc2e7ce-2f44-43ca-a37f-b15d912f3dd6","msg":"Job completed"}
{"level":30,"time":1789708943643,"pid":123611,"hostname":"cursor","name":"queue","queue":"workflow-activities","jobId":"af8d39a7-6718-44ad-b6cd-1cb100713d01","msg":"Job completed"}
{"level":30,"time":1789708943660,"pid":123611,"hostname":"cursor","name":"queue","queue":"events","jobId":"10759b81-8064-4cce-a16f-7ed2bc7cd13a","msg":"Job completed"}
{"level":30,"time":1789708943786,"pid":123611,"hostname":"cursor","name":"queue","queue":"events","jobId":"3b85197c-0784-4728-89e3-c9a9c254451f","msg":"Job completed"}
{"level":30,"time":1789708943937,"pid":123611,"hostname":"cursor","name":"queue","queue":"events","jobId":"5e76b8a4-3dc3-4d49-b91c-004d2e3521c4","msg":"Job completed"}
{"level":30,"time":1789708943980,"pid":123611,"hostname":"cursor","name":"queue","queue":"events","jobId":"3ecffbc5-d80e-4c70-ad4d-32b024fbfa14","msg":"Job completed"}
{"level":30,"time":1789708944059,"pid":123611,"hostname":"cursor","name":"queue","queue":"events","jobId":"200a1fc8-0d8d-4fc2-9e98-0bc0e06fab10","msg":"Job completed"}
{"level":30,"time":1789708944069,"pid":123611,"hostname":"cursor","name":"queue","queue":"events","jobId":"bdb1f6e4-9dd4-4c20-bbb9-85914f189bb4","msg":"Job completed"}
{"level":30,"time":1789708944345,"pid":123473,"hostname":"cursor","name":"workflows","component":"event-trigger","event":"sales.order.created","triggered":1,"skipped":0,"errors":0,"msg":"Triggered workflows for event"}
{"level":30,"time":1789708944361,"pid":123611,"hostname":"cursor","name":"queue","queue":"events","jobId":"52a8bc04-b8b5-461f-83d3-3af51b36004b","msg":"Job completed"}
{"level":30,"time":1789708944435,"pid":123611,"hostname":"cursor","name":"queue","queue":"events","jobId":"65b0e064-f9ce-4eee-b050-6a0bb96669dc","msg":"Job completed"}
{"level":30,"time":1789708944513,"pid":123611,"hostname":"cursor","name":"queue","queue":"events","jobId":"31b8c3db-5fd9-491a-aacb-8ee10c0556c6","msg":"Job completed"}
{"level":30,"time":1789708944536,"pid":123611,"hostname":"cursor","name":"queue","queue":"events","jobId":"6b76f42d-6c3c-461e-8b04-3fee3e20069f","msg":"Job completed"}
{"level":30,"time":1789708944537,"pid":123611,"hostname":"cursor","name":"queue","queue":"workflow-activities","jobId":"1f0bdce8-8986-4f07-a9ed-9220b7d4cb46","msg":"Job completed"}
{"level":30,"time":1789708944627,"pid":123611,"hostname":"cursor","name":"queue","queue":"events","jobId":"8fe3f194-4cc6-4976-a4c7-19e05d1bad47","msg":"Job completed"}
{"level":30,"time":1789708944774,"pid":123611,"hostname":"cursor","name":"queue","queue":"events","jobId":"9b9ef3fb-6a9c-4d09-a378-766d840952d7","msg":"Job completed"}
{"level":30,"time":1789708944815,"pid":123611,"hostname":"cursor","name":"queue","queue":"events","jobId":"8e1b7cb2-fb4e-421a-a0ee-893a70252680","msg":"Job completed"}
{"level":30,"time":1789708944902,"pid":123611,"hostname":"cursor","name":"queue","queue":"events","jobId":"54b8d38e-4e80-4f23-8c04-b023d86abb7d","msg":"Job completed"}
{"level":30,"time":1789708944903,"pid":123611,"hostname":"cursor","name":"queue","queue":"events","jobId":"64bb031e-f05e-4cdc-828c-7944d72beb57","msg":"Job completed"}
{"level":30,"time":1789708945159,"pid":123473,"hostname":"cursor","name":"workflows","component":"event-trigger","event":"sales.order.created","triggered":1,"skipped":0,"errors":0,"msg":"Triggered workflows for event"}
{"level":30,"time":1789708945175,"pid":123611,"hostname":"cursor","name":"queue","queue":"events","jobId":"150d4b43-5d00-4d6e-81a9-514e03238ff5","msg":"Job completed"}
{"level":30,"time":1789708945234,"pid":123611,"hostname":"cursor","name":"queue","queue":"events","jobId":"7358ed43-8d44-4729-8e17-dc6797753761","msg":"Job completed"}
{"level":30,"time":1789708945275,"pid":123611,"hostname":"cursor","name":"queue","queue":"events","jobId":"2116b306-07ed-445d-a0ff-a73199154ae2","msg":"Job completed"}
{"level":30,"time":1789708945320,"pid":123611,"hostname":"cursor","name":"queue","queue":"workflow-activities","jobId":"f63b899f-eddc-4378-aaa3-460f991bd744","msg":"Job completed"}
{"level":30,"time":1789708945350,"pid":123611,"hostname":"cursor","name":"queue","queue":"events","jobId":"669c43c8-fa5b-46f2-8c3e-172f414ebab1","msg":"Job completed"}
{"level":30,"time":1789708945503,"pid":123611,"hostname":"cursor","name":"queue","queue":"events","jobId":"cd3e6eea-0a3c-4449-8b82-b8a7ff0bf956","msg":"Job completed"}
{"level":30,"time":1789708945546,"pid":123611,"hostname":"cursor","name":"queue","queue":"events","jobId":"271f65eb-c667-4e10-8233-4187d449ca78","msg":"Job completed"}
{"level":30,"time":1789708945622,"pid":123611,"hostname":"cursor","name":"queue","queue":"events","jobId":"df19ca4b-a0b5-4e57-a441-294be0fa1c10","msg":"Job completed"}
{"level":30,"time":1789708945625,"pid":123611,"hostname":"cursor","name":"queue","queue":"events","jobId":"938dc377-ebf8-4337-a382-c411758d7a34","msg":"Job completed"}
{"level":30,"time":1789708945910,"pid":123473,"hostname":"cursor","name":"workflows","component":"event-trigger","event":"sales.order.created","triggered":1,"skipped":0,"errors":0,"msg":"Triggered workflows for event"}
{"level":30,"time":1789708945935,"pid":123611,"hostname":"cursor","name":"queue","queue":"events","jobId":"78e4bb40-36f3-40cf-a1c1-82e2ee3eb2a4","msg":"Job completed"}
{"level":30,"time":1789708945986,"pid":123611,"hostname":"cursor","name":"queue","queue":"events","jobId":"ccf34e78-7104-4975-b2d5-49baaa87b393","msg":"Job completed"}
{"level":30,"time":1789708946013,"pid":123611,"hostname":"cursor","name":"queue","queue":"workflow-activities","jobId":"b09b06cd-e889-4d51-9a51-13b797d65911","msg":"Job completed"}
{"level":30,"time":1789708946029,"pid":123611,"hostname":"cursor","name":"queue","queue":"events","jobId":"0b3c817d-983f-4277-ae39-b196390f128d","msg":"Job completed"}
{"level":30,"time":1789708946124,"pid":123611,"hostname":"cursor","name":"queue","queue":"events","jobId":"c7af956f-d8ce-4864-bc20-1c3bc945c656","msg":"Job completed"}
{"level":30,"time":1789708946311,"pid":123611,"hostname":"cursor","name":"queue","queue":"events","jobId":"de5393b7-8ed3-436f-8cb5-84bae2935b3d","msg":"Job completed"}
{"level":30,"time":1789708946342,"pid":123611,"hostname":"cursor","name":"queue","queue":"events","jobId":"ec5e4273-8733-43fd-83f0-7cc220c33c64","msg":"Job completed"}
{"level":30,"time":1789708946418,"pid":123611,"hostname":"cursor","name":"queue","queue":"events","jobId":"b4174adb-8ee9-4700-9b21-587022465c16","msg":"Job completed"}
{"level":30,"time":1789708946431,"pid":123611,"hostname":"cursor","name":"queue","queue":"events","jobId":"1784acb4-8fc8-4b7d-8741-2c297f9f33df","msg":"Job completed"}
{"level":30,"time":1789708946685,"pid":123611,"hostname":"cursor","name":"queue","queue":"events","jobId":"6d445698-db02-41e5-8027-62aa6df20946","msg":"Job completed"}
{"level":30,"time":1789708946831,"pid":123611,"hostname":"cursor","name":"queue","queue":"events","jobId":"d900d41f-e892-4230-9c0b-cc027ce77370","msg":"Job completed"}
{"level":30,"time":1789708946862,"pid":123611,"hostname":"cursor","name":"queue","queue":"events","jobId":"5531505d-3cc3-474e-ae70-428a0b70bec8","msg":"Job completed"}
{"level":30,"time":1789708946945,"pid":123611,"hostname":"cursor","name":"queue","queue":"events","jobId":"fa4b44c1-be67-433b-b27b-de210f81e3e7","msg":"Job completed"}
{"level":30,"time":1789708946947,"pid":123611,"hostname":"cursor","name":"queue","queue":"events","jobId":"5109c52b-0ae6-480d-8d37-02ec47692a33","msg":"Job completed"}
{"level":30,"time":1789708947169,"pid":123611,"hostname":"cursor","name":"queue","queue":"events","jobId":"53860879-9e5a-4def-aecd-a90c18121489","msg":"Job completed"}
{"level":30,"time":1789708947312,"pid":123611,"hostname":"cursor","name":"queue","queue":"events","jobId":"61214975-86ff-4d7a-b2b9-808bf78ec495","msg":"Job completed"}
{"level":30,"time":1789708947347,"pid":123611,"hostname":"cursor","name":"queue","queue":"events","jobId":"20107f97-3e69-4e88-87d5-a3880a07fdad","msg":"Job completed"}
{"level":30,"time":1789708947419,"pid":123611,"hostname":"cursor","name":"queue","queue":"events","jobId":"0cfa99cd-84a1-462f-a61d-48c026846396","msg":"Job completed"}
{"level":30,"time":1789708947444,"pid":123611,"hostname":"cursor","name":"queue","queue":"events","jobId":"238eb78d-6b55-4e89-81b9-508417f0a9f4","msg":"Job completed"}
{"level":30,"time":1789708947705,"pid":123611,"hostname":"cursor","name":"queue","queue":"events","jobId":"3dea08f8-50f9-4321-ada2-920ec90ff884","msg":"Job completed"}
{"level":30,"time":1789708947837,"pid":123611,"hostname":"cursor","name":"queue","queue":"events","jobId":"da6c9f4b-811d-4f2b-b169-200a73753401","msg":"Job completed"}
{"level":30,"time":1789708947881,"pid":123611,"hostname":"cursor","name":"queue","queue":"events","jobId":"6e1cfded-f9e6-4af4-93b3-10efdb39d7ad","msg":"Job completed"}
{"level":30,"time":1789708947977,"pid":123611,"hostname":"cursor","name":"queue","queue":"events","jobId":"d49870f6-97b3-4513-ae45-fdd5f1c8311c","msg":"Job completed"}
{"level":30,"time":1789708947978,"pid":123611,"hostname":"cursor","name":"queue","queue":"events","jobId":"14b077cd-1ef7-485d-afcf-70ba75e589ff","msg":"Job completed"}
{"level":30,"time":1789708948209,"pid":123473,"hostname":"cursor","name":"workflows","component":"event-trigger","event":"sales.order.created","triggered":1,"skipped":0,"errors":0,"msg":"Triggered workflows for event"}
{"level":30,"time":1789708948238,"pid":123611,"hostname":"cursor","name":"queue","queue":"events","jobId":"7119dc0a-4afc-48ec-b017-716aa416ca85","msg":"Job completed"}
{"level":30,"time":1789708948291,"pid":123611,"hostname":"cursor","name":"queue","queue":"events","jobId":"7d688144-2dbf-493e-bfa8-ab15ca385018","msg":"Job completed"}
{"level":30,"time":1789708948338,"pid":123611,"hostname":"cursor","name":"queue","queue":"workflow-activities","jobId":"f27928dd-0920-47cf-9319-5e26894a73c4","msg":"Job completed"}
{"level":30,"time":1789708948348,"pid":123611,"hostname":"cursor","name":"queue","queue":"events","jobId":"2b901c43-596f-40c3-9016-e469d39ad711","msg":"Job completed"}
{"level":30,"time":1789708948349,"pid":123611,"hostname":"cursor","name":"queue","queue":"events","jobId":"e2fb06cf-d3a9-43a9-a8ba-de8db6de4ca2","msg":"Job completed"}
{"level":30,"time":1789708948596,"pid":123611,"hostname":"cursor","name":"queue","queue":"events","jobId":"c1ae1dc6-e253-495e-b92b-8c2b020b80ce","msg":"Job completed"}
{"level":30,"time":1789708948833,"pid":123611,"hostname":"cursor","name":"queue","queue":"events","jobId":"bd893aac-ead5-410e-99d2-d1a97077dbfa","msg":"Job completed"}
{"level":30,"time":1789708948891,"pid":123611,"hostname":"cursor","name":"queue","queue":"events","jobId":"2319994d-1b7c-4207-ad5e-e9767c1a6979","msg":"Job completed"}
{"level":30,"time":1789708948967,"pid":123611,"hostname":"cursor","name":"queue","queue":"events","jobId":"13ce1627-0c55-4892-997f-955528bd45c1","msg":"Job completed"}
{"level":30,"time":1789708948968,"pid":123611,"hostname":"cursor","name":"queue","queue":"events","jobId":"37f638ee-e805-447b-8fe7-a636b9021854","msg":"Job completed"}
{"level":30,"time":1789708949197,"pid":123473,"hostname":"cursor","name":"workflows","component":"event-trigger","event":"sales.order.created","triggered":1,"skipped":0,"errors":0,"msg":"Triggered workflows for event"}
{"level":30,"time":1789708949218,"pid":123611,"hostname":"cursor","name":"queue","queue":"events","jobId":"cf753900-de4b-47bf-a657-1fb265bc0796","msg":"Job completed"}
{"level":30,"time":1789708949271,"pid":123611,"hostname":"cursor","name":"queue","queue":"events","jobId":"f6ccb709-3325-4fe2-aa88-abd63f77ab70","msg":"Job completed"}
{"level":30,"time":1789708949311,"pid":123611,"hostname":"cursor","name":"queue","queue":"events","jobId":"1778b772-01ae-4e22-ba7b-15c43989083e","msg":"Job completed"}
{"level":30,"time":1789708949317,"pid":123611,"hostname":"cursor","name":"queue","queue":"workflow-activities","jobId":"266fccf1-58f3-4c30-8d45-2b3a0039cba2","msg":"Job completed"}
{"level":30,"time":1789708949346,"pid":123611,"hostname":"cursor","name":"queue","queue":"events","jobId":"7e2a4b4f-d8d0-4fa3-bf78-843e9cb6f701","msg":"Job completed"}
{"level":30,"time":1789708949721,"pid":123611,"hostname":"cursor","name":"queue","queue":"events","jobId":"9447da23-da32-4c62-8f28-709b7b2b8969","msg":"Job completed"}
{"level":30,"time":1789708949859,"pid":123611,"hostname":"cursor","name":"queue","queue":"events","jobId":"0f85b01d-c244-4798-b5c6-5bd0f52e7025","msg":"Job completed"}
{"level":30,"time":1789708949902,"pid":123611,"hostname":"cursor","name":"queue","queue":"events","jobId":"276e4457-aa5f-4a00-8596-5dad357fc872","msg":"Job completed"}
{"level":30,"time":1789708949982,"pid":123611,"hostname":"cursor","name":"queue","queue":"events","jobId":"e45373c2-c59c-4041-a5d7-0201d4c6ebf0","msg":"Job completed"}
{"level":30,"time":1789708949983,"pid":123611,"hostname":"cursor","name":"queue","queue":"events","jobId":"71b47ed4-d849-4f68-8cc4-60b67ba26417","msg":"Job completed"}
{"level":30,"time":1789708950319,"pid":123473,"hostname":"cursor","name":"workflows","component":"event-trigger","event":"sales.order.created","triggered":1,"skipped":0,"errors":0,"msg":"Triggered workflows for event"}
{"level":30,"time":1789708950329,"pid":123473,"hostname":"cursor","name":"workflows","component":"event-trigger","event":"sales.order.created","triggered":1,"skipped":0,"errors":0,"msg":"Triggered workflows for event"}
{"level":30,"time":1789708950341,"pid":123611,"hostname":"cursor","name":"queue","queue":"events","jobId":"7152c562-41e1-4d5d-bafe-b0f8a87dd1ff","msg":"Job completed"}
{"level":30,"time":1789708950388,"pid":123611,"hostname":"cursor","name":"queue","queue":"events","jobId":"4122ff66-00dd-45d9-b69a-42210cae2811","msg":"Job completed"}
{"level":30,"time":1789708950493,"pid":123611,"hostname":"cursor","name":"queue","queue":"workflow-activities","jobId":"e3536834-2ca1-4430-bdcb-87a3db1cc2d3","msg":"Job completed"}
{"level":30,"time":1789708950496,"pid":123611,"hostname":"cursor","name":"queue","queue":"events","jobId":"a2321b84-9dee-46df-8fd5-a3f0801c8d0d","msg":"Job completed"}
{"level":30,"time":1789708950521,"pid":123611,"hostname":"cursor","name":"queue","queue":"workflow-activities","jobId":"13baaebd-05a8-43b2-9932-cd4e76a0bd7c","msg":"Job completed"}
{"level":30,"time":1789708950523,"pid":123611,"hostname":"cursor","name":"queue","queue":"events","jobId":"fc3f551c-b9d5-49a2-b51d-60670e11ccde","msg":"Job completed"}
{"level":30,"time":1789708950545,"pid":123611,"hostname":"cursor","name":"queue","queue":"events","jobId":"34d7d177-1568-400f-8e95-9093332ddf1e","msg":"Job completed"}
{"level":30,"time":1789708950574,"pid":123611,"hostname":"cursor","name":"queue","queue":"events","jobId":"474b0237-ce17-4f92-a6e0-6eb728c300d7","msg":"Job completed"}
{"level":30,"time":1789708950675,"pid":123611,"hostname":"cursor","name":"queue","queue":"events","jobId":"1cf7eda6-6771-4edc-a7c6-32482161c6ec","msg":"Job completed"}
{"level":30,"time":1789708950824,"pid":123611,"hostname":"cursor","name":"queue","queue":"events","jobId":"db7432b1-1792-4cfc-b10e-d60543c03df8","msg":"Job completed"}
{"level":30,"time":1789708950874,"pid":123611,"hostname":"cursor","name":"queue","queue":"events","jobId":"6c7605b4-0c2a-443a-833f-882854f0b0c3","msg":"Job completed"}
{"level":30,"time":1789708950933,"pid":123611,"hostname":"cursor","name":"queue","queue":"events","jobId":"72f92d49-a71d-4618-bf08-3a9f9668c1dc","msg":"Job completed"}
{"level":30,"time":1789708950947,"pid":123611,"hostname":"cursor","name":"queue","queue":"events","jobId":"b080c605-15df-4ac3-b8d5-5bcb094f8b8a","msg":"Job completed"}
{"level":30,"time":1789708951147,"pid":123611,"hostname":"cursor","name":"queue","queue":"events","jobId":"b8719048-fbf3-48a4-9201-a99d05074af3","msg":"Job completed"}
{"level":30,"time":1789708951148,"pid":123611,"hostname":"cursor","name":"queue","queue":"events","jobId":"74ea5ca0-227b-4fe9-87b0-e3ed29d9066d","msg":"Job completed"}
{"level":30,"time":1789708951247,"pid":123473,"hostname":"cursor","name":"workflows","component":"event-trigger","event":"sales.order.created","triggered":1,"skipped":0,"errors":0,"msg":"Triggered workflows for event"}
{"level":30,"time":1789708951262,"pid":123611,"hostname":"cursor","name":"queue","queue":"events","jobId":"8620392e-05a0-4f36-8b37-80c7d054f253","msg":"Job completed"}
{"level":30,"time":1789708951327,"pid":123611,"hostname":"cursor","name":"queue","queue":"events","jobId":"2c1bf77b-460f-4a32-bb0f-83b9fa1bd495","msg":"Job completed"}
{"level":30,"time":1789708951386,"pid":123611,"hostname":"cursor","name":"queue","queue":"workflow-activities","jobId":"9ddee905-9507-4cbe-89b1-700eff633b6b","msg":"Job completed"}
{"level":30,"time":1789708951442,"pid":123611,"hostname":"cursor","name":"queue","queue":"events","jobId":"7635fb86-0c3a-4923-af5c-487a54f6af1b","msg":"Job completed"}
{"level":30,"time":1789708951443,"pid":123611,"hostname":"cursor","name":"queue","queue":"events","jobId":"e12ed096-2f87-4ee8-b482-ab16735dd3be","msg":"Job completed"}
{"level":30,"time":1789708951503,"pid":123611,"hostname":"cursor","name":"queue","queue":"events","jobId":"cfbd3b3f-b3f5-484b-ab8c-a57609619d7f","msg":"Job completed"}
{"level":30,"time":1789708951504,"pid":123611,"hostname":"cursor","name":"queue","queue":"events","jobId":"bc6834e4-80a3-4ea3-aa6f-20eeb244da7f","msg":"Job completed"}
{"level":30,"time":1789708951775,"pid":123611,"hostname":"cursor","name":"queue","queue":"events","jobId":"e2ab4e45-10ad-40f7-b945-c4ae9dd222e7","msg":"Job completed"}
{"level":30,"time":1789708952462,"pid":123611,"hostname":"cursor","name":"queue","queue":"events","jobId":"85980b59-e0d7-4350-9c86-4597981a389c","msg":"Job completed"}
{"level":30,"time":1789708952526,"pid":123611,"hostname":"cursor","name":"queue","queue":"events","jobId":"5f953a5d-7983-4106-b01f-2d82d83e97ae","msg":"Job completed"}
{"level":30,"time":1789708952626,"pid":123611,"hostname":"cursor","name":"queue","queue":"events","jobId":"c5b41a24-f7aa-4e7d-aedc-80dd3c01d31e","msg":"Job completed"}
{"level":30,"time":1789708952718,"pid":123611,"hostname":"cursor","name":"queue","queue":"events","jobId":"3c66eb0e-4e65-48ea-9c0f-9ad644178527","msg":"Job completed"}
{"level":30,"time":1789708952719,"pid":123611,"hostname":"cursor","name":"queue","queue":"events","jobId":"b9407653-8bda-4654-8515-76a993e45b26","msg":"Job completed"}
{"level":30,"time":1789708952870,"pid":123473,"hostname":"cursor","name":"shared","component":"orm","poolMin":2,"poolMax":20,"poolIdleTimeout":10000,"poolAcquireTimeout":15000,"idleSessionTimeoutMs":30000,"idleInTransactionTimeoutMs":30000,"nodeEnv":"production","msg":"Pool config"}
{"level":30,"time":1789708952870,"pid":123473,"hostname":"cursor","name":"shared","component":"orm","poolMin":2,"poolMax":20,"poolIdleTimeout":10000,"poolAcquireTimeout":15000,"idleSessionTimeoutMs":30000,"idleInTransactionTimeoutMs":30000,"nodeEnv":"production","msg":"Pool config"}
{"level":30,"time":1789708953166,"pid":123473,"hostname":"cursor","name":"shared","component":"orm","max":20,"min":0,"idleTimeoutMillis":10000,"connectionTimeoutMillis":15000,"msg":"pg pool created with options"}
{"level":30,"time":1789708953167,"pid":123473,"hostname":"cursor","name":"shared","component":"orm","max":20,"min":0,"idleTimeoutMillis":10000,"connectionTimeoutMillis":15000,"msg":"pg pool created with options"}
{"level":30,"time":1789708953607,"pid":123473,"hostname":"cursor","name":"ai_assistant","agentId":"example.todo_assistant","change":"replaced","msg":"Agent changed by override"}
{"level":30,"time":1789708954171,"pid":123473,"hostname":"cursor","name":"ai_assistant","component":"tools","toolCount":2,"msg":"Registered Code Mode tools"}
{"level":30,"time":1789708954204,"pid":123473,"hostname":"cursor","name":"ai_assistant","component":"tools","toolName":"example.get_todo_summary","msg":"Tool replaced by override"}
{"level":30,"time":1789708954204,"pid":123473,"hostname":"cursor","name":"ai_assistant","component":"tools","toolCount":82,"msg":"Registered module-contributed AI tools"}
{"level":30,"time":1789708954205,"pid":123473,"hostname":"cursor","name":"ai_assistant","component":"tools","routeCount":648,"msg":"Registered API route manifests for API-backed tools"}
{"level":30,"time":1789708972401,"pid":123611,"hostname":"cursor","name":"queue","queue":"events","jobId":"f90c096a-8ea3-4eb0-bb94-ad8031ff1425","msg":"Job completed"}
{"level":30,"time":1789708973993,"pid":123611,"hostname":"cursor","name":"queue","queue":"events","jobId":"546ad059-e21b-4879-b650-68c678c08bb4","msg":"Job completed"}
{"level":30,"time":1789708974040,"pid":123611,"hostname":"cursor","name":"queue","queue":"events","jobId":"07a6687d-3535-4933-b30d-2ec485617d63","msg":"Job completed"}
{"level":30,"time":1789708974115,"pid":123611,"hostname":"cursor","name":"queue","queue":"events","jobId":"87f90e19-e3a7-4a3d-9ade-56968fec0091","msg":"Job completed"}
{"level":30,"time":1789708974218,"pid":123611,"hostname":"cursor","name":"queue","queue":"events","jobId":"6a554174-e313-4b97-8d17-c97e4d992feb","msg":"Job completed"}
{"level":30,"time":1789708974219,"pid":123611,"hostname":"cursor","name":"queue","queue":"events","jobId":"f448f1b9-6605-4453-930f-57b21b3ef638","msg":"Job completed"}
{"level":30,"time":1789708995661,"pid":123611,"hostname":"cursor","name":"queue","queue":"events","jobId":"87ec22d9-c100-4f55-bc84-07cabf762bd2","msg":"Job completed"}
{"level":40,"time":1789708997495,"pid":123473,"hostname":"cursor","name":"shared","component":"orm","err":{"type":"DatabaseError","message":"terminating connection due to administrator command","stack":"error: terminating connection due to administrator command\n    at parseErrorMessage (/workspace/node_modules/pg/node_modules/pg-protocol/dist/parser.js:305:11)\n    at Parser.handlePacket (/workspace/node_modules/pg/node_modules/pg-protocol/dist/parser.js:143:27)\n    at Parser.parse (/workspace/node_modules/pg/node_modules/pg-protocol/dist/parser.js:37:38)\n    at Socket.<anonymous> (/workspace/node_modules/pg/node_modules/pg-protocol/dist/index.js:12:42)\n    at Socket.emit (node:events:514:28)\n    at addChunk (node:internal/streams/readable:568:12)\n    at readableAddChunkPushByteMode (node:internal/streams/readable:519:3)\n    at Readable.push (node:internal/streams/readable:399:5)\n    at TCP.onStreamRead (node:internal/stream_base_commons:189:23)","length":116,"name":"error","severity":"FATAL","code":"57P01","file":"postgres.c","line":"3286","routine":"ProcessInterrupts"},"msg":"pg client error (connection reaped/terminated)"}
{"level":40,"time":1789708997499,"pid":123473,"hostname":"cursor","name":"shared","component":"orm","err":{"type":"DatabaseError","message":"terminating connection due to administrator command","stack":"error: terminating connection due to administrator command\n    at parseErrorMessage (/workspace/node_modules/pg/node_modules/pg-protocol/dist/parser.js:305:11)\n    at Parser.handlePacket (/workspace/node_modules/pg/node_modules/pg-protocol/dist/parser.js:143:27)\n    at Parser.parse (/workspace/node_modules/pg/node_modules/pg-protocol/dist/parser.js:37:38)\n    at Socket.<anonymous> (/workspace/node_modules/pg/node_modules/pg-protocol/dist/index.js:12:42)\n    at Socket.emit (node:events:514:28)\n    at addChunk (node:internal/streams/readable:568:12)\n    at readableAddChunkPushByteMode (node:internal/streams/readable:519:3)\n    at Readable.push (node:internal/streams/readable:399:5)\n    at TCP.onStreamRead (node:internal/stream_base_commons:189:23)","length":116,"name":"error","severity":"FATAL","code":"57P01","file":"postgres.c","line":"3286","routine":"ProcessInterrupts"},"msg":"pg client error (connection reaped/terminated)"}
error: terminating connection due to administrator command
    at ignore-listed frames {
  length: [33m116[39m,
  severity: [32m'FATAL'[39m,
  code: [32m'57P01'[39m,
  detail: [90mundefined[39m,
  hint: [90mundefined[39m,
  position: [90mundefined[39m,
  internalPosition: [90mundefined[39m,
  internalQuery: [90mundefined[39m,
  where: [90mundefined[39m,
  schema: [90mundefined[39m,
  table: [90mundefined[39m,
  column: [90mundefined[39m,
  dataType: [90mundefined[39m,
  constraint: [90mundefined[39m,
  file: [32m'postgres.c'[39m,
  line: [32m'3286'[39m,
  routine: [32m'ProcessInterrupts'[39m,
  client: Client {
    _events: [Object: null prototype] { error: [36m[Function (anonymous)][39m },
    _eventsCount: [33m1[39m,
    _maxListeners: [90mundefined[39m,
    connectionParameters: ConnectionParameters {
      user: [32m'mercato'[39m,
      database: [32m'mercato_test'[39m,
      port: [33m32825[39m,
      host: [32m'localhost'[39m,
      binary: [33mfalse[39m,
      options: [90mundefined[39m,
      ssl: [33mfalse[39m,
      sslnegotiation: [90mundefined[39m,
      client_encoding: [32m''[39m,
      replication: [90mundefined[39m,
      isDomainSocket: [33mfalse[39m,
      application_name: [90mundefined[39m,
      fallback_application_name: [90mundefined[39m,
      statement_timeout: [33mfalse[39m,
      lock_timeout: [33mfalse[39m,
      idle_in_transaction_session_timeout: [33mfalse[39m,
      query_timeout: [33mfalse[39m,
      connect_timeout: [33m0[39m
    },
    user: [32m'mercato'[39m,
    database: [32m'mercato_test'[39m,
    port: [33m32825[39m,
    host: [32m'localhost'[39m,
    replication: [90mundefined[39m,
    _Promise: [36m[Function: Promise][39m,
    _types: TypeOverrides { _types: [36m[Object][39m, text: {}, binary: {} },
    _ending: [33mtrue[39m,
    _ended: [33mfalse[39m,
    _connecting: [33mfalse[39m,
    _connected: [33mtrue[39m,
    _connectionError: [33mfalse[39m,
    _queryable: [33mfalse[39m,
    _activeQuery: [1mnull[22m,
    _txStatus: [32m'I'[39m,
    enableChannelBinding: [33mfalse[39m,
    scramMaxIterations: [33m100000[39m,
    connection: Connection {
      _events: [36m[Object: null prototype][39m,
      _eventsCount: [33m23[39m,
      _maxListeners: [90mundefined[39m,
      stream: [36m[Socket][39m,
      _keepAlive: [33mfalse[39m,
      _keepAliveInitialDelayMillis: [33m0[39m,
      parsedStatements: {},
      ssl: [33mfalse[39m,
      sslNegotiation: [32m'postgres'[39m,
      _ending: [33mtrue[39m,
      _emitMessage: [33mfalse[39m,
      _connecting: [33mtrue[39m,
      [32mSymbol(shapeMode)[39m: [33mfalse[39m,
      [32mSymbol(kCapture)[39m: [33mfalse[39m
    },
    _queryQueue: [],
    binary: [33mfalse[39m,
    processID: [33m447[39m,
    secretKey: [33m-645279940[39m,
    ssl: [33mfalse[39m,
    sslNegotiation: [32m'postgres'[39m,
    _connectionTimeoutMillis: [33m0[39m,
    _connectionCallback: [1mnull[22m,
    saslSession: [1mnull[22m,
    release: [36m[Function (anonymous)][39m,
    readyForQuery: [33mtrue[39m,
    hasExecuted: [33mtrue[39m,
    _poolUseCount: [33m1[39m,
    [32mSymbol(shapeMode)[39m: [33mfalse[39m,
    [32mSymbol(kCapture)[39m: [33mfalse[39m
  }
}
⨯ uncaughtException:  error: terminating connection due to administrator command
    at ignore-listed frames {
  length: [33m116[39m,
  severity: [32m'FATAL'[39m,
  code: [32m'57P01'[39m,
  detail: [90mundefined[39m,
  hint: [90mundefined[39m,
  position: [90mundefined[39m,
  internalPosition: [90mundefined[39m,
  internalQuery: [90mundefined[39m,
  where: [90mundefined[39m,
  schema: [90mundefined[39m,
  table: [90mundefined[39m,
  column: [90mundefined[39m,
  dataType: [90mundefined[39m,
  constraint: [90mundefined[39m,
  file: [32m'postgres.c'[39m,
  line: [32m'3286'[39m,
  routine: [32m'ProcessInterrupts'[39m,
  client: Client {
    _events: [Object: null prototype] { error: [36m[Function (anonymous)][39m },
    _eventsCount: [33m1[39m,
    _maxListeners: [90mundefined[39m,
    connectionParameters: ConnectionParameters {
      user: [32m'mercato'[39m,
      database: [32m'mercato_test'[39m,
      port: [33m32825[39m,
      host: [32m'localhost'[39m,
      binary: [33mfalse[39m,
      options: [90mundefined[39m,
      ssl: [33mfalse[39m,
      sslnegotiation: [90mundefined[39m,
      client_encoding: [32m''[39m,
      replication: [90mundefined[39m,
      isDomainSocket: [33mfalse[39m,
      application_name: [90mundefined[39m,
      fallback_application_name: [90mundefined[39m,
      statement_timeout: [33mfalse[39m,
      lock_timeout: [33mfalse[39m,
      idle_in_transaction_session_timeout: [33mfalse[39m,
      query_timeout: [33mfalse[39m,
      connect_timeout: [33m0[39m
    },
    user: [32m'mercato'[39m,
    database: [32m'mercato_test'[39m,
    port: [33m32825[39m,
    host: [32m'localhost'[39m,
    replication: [90mundefined[39m,
    _Promise: [36m[Function: Promise][39m,
    _types: TypeOverrides { _types: [36m[Object][39m, text: {}, binary: {} },
    _ending: [33mtrue[39m,
    _ended: [33mfalse[39m,
    _connecting: [33mfalse[39m,
    _connected: [33mtrue[39m,
    _connectionError: [33mfalse[39m,
    _queryable: [33mfalse[39m,
    _activeQuery: [1mnull[22m,
    _txStatus: [32m'I'[39m,
    enableChannelBinding: [33mfalse[39m,
    scramMaxIterations: [33m100000[39m,
    connection: Connection {
      _events: [36m[Object: null prototype][39m,
      _eventsCount: [33m23[39m,
      _maxListeners: [90mundefined[39m,
      stream: [36m[Socket][39m,
      _keepAlive: [33mfalse[39m,
      _keepAliveInitialDelayMillis: [33m0[39m,
      parsedStatements: {},
      ssl: [33mfalse[39m,
      sslNegotiation: [32m'postgres'[39m,
      _ending: [33mtrue[39m,
      _emitMessage: [33mfalse[39m,
      _connecting: [33mtrue[39m,
      [32mSymbol(shapeMode)[39m: [33mfalse[39m,
      [32mSymbol(kCapture)[39m: [33mfalse[39m
    },
    _queryQueue: [],
    binary: [33mfalse[39m,
    processID: [33m447[39m,
    secretKey: [33m-645279940[39m,
    ssl: [33mfalse[39m,
    sslNegotiation: [32m'postgres'[39m,
    _connectionTimeoutMillis: [33m0[39m,
    _connectionCallback: [1mnull[22m,
    saslSession: [1mnull[22m,
    release: [36m[Function (anonymous)][39m,
    readyForQuery: [33mtrue[39m,
    hasExecuted: [33mtrue[39m,
    _poolUseCount: [33m1[39m,
    [32mSymbol(shapeMode)[39m: [33mfalse[39m,
    [32mSymbol(kCapture)[39m: [33mfalse[39m
  }
}
{"level":40,"time":1789708997507,"pid":123611,"hostname":"cursor","name":"shared","component":"orm","err":{"type":"DatabaseError","message":"terminating connection due to administrator command","stack":"error: terminating connection due to administrator command\n    at parseErrorMessage (/workspace/node_modules/pg/node_modules/pg-protocol/dist/parser.js:305:11)\n    at Parser.handlePacket (/workspace/node_modules/pg/node_modules/pg-protocol/dist/parser.js:143:27)\n    at Parser.parse (/workspace/node_modules/pg/node_modules/pg-protocol/dist/parser.js:37:38)\n    at Socket.<anonymous> (/workspace/node_modules/pg/node_modules/pg-protocol/dist/index.js:12:42)\n    at Socket.emit (node:events:514:28)\n    at addChunk (node:internal/streams/readable:568:12)\n    at readableAddChunkPushByteMode (node:internal/streams/readable:519:3)\n    at Readable.push (node:internal/streams/readable:399:5)\n    at TCP.onStreamRead (node:internal/stream_base_commons:189:23)","length":116,"name":"error","severity":"FATAL","code":"57P01","file":"postgres.c","line":"3286","routine":"ProcessInterrupts"},"msg":"pg client error (connection reaped/terminated)"}
{"level":40,"time":1789708997496,"pid":123473,"hostname":"cursor","name":"shared","component":"orm","err":{"type":"DatabaseError","message":"terminating connection due to administrator command","stack":"error: terminating connection due to administrator command\n    at parseErrorMessage (/workspace/node_modules/pg/node_modules/pg-protocol/dist/parser.js:305:11)\n    at Parser.handlePacket (/workspace/node_modules/pg/node_modules/pg-protocol/dist/parser.js:143:27)\n    at Parser.parse (/workspace/node_modules/pg/node_modules/pg-protocol/dist/parser.js:37:38)\n    at Socket.<anonymous> (/workspace/node_modules/pg/node_modules/pg-protocol/dist/index.js:12:42)\n    at Socket.emit (node:events:514:28)\n    at addChunk (node:internal/streams/readable:568:12)\n    at readableAddChunkPushByteMode (node:internal/streams/readable:519:3)\n    at Readable.push (node:internal/streams/readable:399:5)\n    at TCP.onStreamRead (node:internal/stream_base_commons:189:23)","length":116,"name":"error","severity":"FATAL","code":"57P01","file":"postgres.c","line":"3286","routine":"ProcessInterrupts","client":{"_events":{"error":[null,null,null]},"_eventsCount":1,"connectionParameters":{"user":"mercato","database":"mercato_test","port":32825,"host":"localhost","binary":false,"options":"-c idle_session_timeout=30000","ssl":false,"client_encoding":"","isDomainSocket":false,"statement_timeout":false,"lock_timeout":false,"idle_in_transaction_session_timeout":30000,"query_timeout":false,"connect_timeout":15},"user":"mercato","database":"mercato_test","port":32825,"host":"localhost","_types":{"_types":{"_types":{"arrayParser":{},"builtins":{"BOOL":16,"BYTEA":17,"CHAR":18,"INT8":20,"INT2":21,"INT4":23,"REGPROC":24,"TEXT":25,"OID":26,"TID":27,"XID":28,"CID":29,"JSON":114,"XML":142,"PG_NODE_TREE":194,"SMGR":210,"PATH":602,"POLYGON":604,"CIDR":650,"FLOAT4":700,"FLOAT8":701,"ABSTIME":702,"RELTIME":703,"TINTERVAL":704,"CIRCLE":718,"MACADDR8":774,"MONEY":790,"MACADDR":829,"INET":869,"ACLITEM":1033,"BPCHAR":1042,"VARCHAR":1043,"DATE":1082,"TIME":1083,"TIMESTAMP":1114,"TIMESTAMPTZ":1184,"INTERVAL":1186,"TIMETZ":1266,"BIT":1560,"VARBIT":1562,"NUMERIC":1700,"REFCURSOR":1790,"REGPROCEDURE":2202,"REGOPER":2203,"REGOPERATOR":2204,"REGCLASS":2205,"REGTYPE":2206,"UUID":2950,"TXID_SNAPSHOT":2970,"PG_LSN":3220,"PG_NDISTINCT":3361,"PG_DEPENDENCIES":3402,"TSVECTOR":3614,"TSQUERY":3615,"GTSVECTOR":3642,"REGCONFIG":3734,"REGDICTIONARY":3769,"JSONB":3802,"REGNAMESPACE":4089,"REGROLE":4096}},"text":{},"binary":{}},"text":{},"binary":{}},"_ending":true,"_ended":false,"_connecting":false,"_connected":true,"_connectionError":false,"_queryable":false,"_activeQuery":null,"_txStatus":"I","enableChannelBinding":false,"scramMaxIterations":100000,"connection":{"_events":{"end":[null,null]},"_eventsCount":23,"stream":{"connecting":false,"_hadError":false,"_parent":null,"_host":"localhost","_closeAfterHandlingError":false,"_events":{"end":[null,null]},"_readableState":{"highWaterMark":65536,"buffer":[],"bufferIndex":0,"length":0,"pipes":[],"awaitDrainWriters":null},"_writableState":{"highWaterMark":65536,"length":0,"corked":0,"writelen":0,"bufferedIndex":0,"pendingcb":0},"allowHalfOpen":false,"_eventsCount":4,"_sockname":null,"_pendingData":null,"_pendingEncoding":"","server":null,"_server":null,"autoSelectFamilyAttemptedAddresses":["::1:32825"]},"_keepAlive":false,"_keepAliveInitialDelayMillis":0,"parsedStatements":{},"ssl":false,"sslNegotiation":"postgres","_ending":false,"_emitMessage":false,"_connecting":true},"_queryQueue":[],"binary":false,"processID":454,"secretKey":-1232468333,"ssl":false,"sslNegotiation":"postgres","_connectionTimeoutMillis":15000,"_connectionCallback":null,"connectionTimeoutHandle":{"_idleTimeout":-1,"_idlePrev":null,"_idleNext":null,"_idleStart":65149,"_repeat":null,"_destroyed":true},"saslSession":null,"readyForQuery":true,"hasExecuted":true,"_poolUseCount":2}},"msg":"Idle pg pool client error (connection reaped/terminated)"}
{"level":40,"time":1789708997497,"pid":123473,"hostname":"cursor","name":"shared","component":"orm","err":{"type":"DatabaseError","message":"terminating connection due to administrator command","stack":"error: terminating connection due to administrator command\n    at parseErrorMessage (/workspace/node_modules/pg/node_modules/pg-protocol/dist/parser.js:305:11)\n    at Parser.handlePacket (/workspace/node_modules/pg/node_modules/pg-protocol/dist/parser.js:143:27)\n    at Parser.parse (/workspace/node_modules/pg/node_modules/pg-protocol/dist/parser.js:37:38)\n    at Socket.<anonymous> (/workspace/node_modules/pg/node_modules/pg-protocol/dist/index.js:12:42)\n    at Socket.emit (node:events:514:28)\n    at addChunk (node:internal/streams/readable:568:12)\n    at readableAddChunkPushByteMode (node:internal/streams/readable:519:3)\n    at Readable.push (node:internal/streams/readable:399:5)\n    at TCP.onStreamRead (node:internal/stream_base_commons:189:23)","length":116,"name":"error","severity":"FATAL","code":"57P01","file":"postgres.c","line":"3286","routine":"ProcessInterrupts"},"msg":"pg client error (connection reaped/terminated)"}
{"level":40,"time":1789708997498,"pid":123473,"hostname":"cursor","name":"shared","component":"orm","err":{"type":"DatabaseError","message":"terminating connection due to administrator command","stack":"error: terminating connection due to administrator command\n    at parseErrorMessage (/workspace/node_modules/pg/node_modules/pg-protocol/dist/parser.js:305:11)\n    at Parser.handlePacket (/workspace/node_modules/pg/node_modules/pg-protocol/dist/parser.js:143:27)\n    at Parser.parse (/workspace/node_modules/pg/node_modules/pg-protocol/dist/parser.js:37:38)\n    at Socket.<anonymous> (/workspace/node_modules/pg/node_modules/pg-protocol/dist/index.js:12:42)\n    at Socket.emit (node:events:514:28)\n    at addChunk (node:internal/streams/readable:568:12)\n    at readableAddChunkPushByteMode (node:internal/streams/readable:519:3)\n    at Readable.push (node:internal/streams/readable:399:5)\n    at TCP.onStreamRead (node:internal/stream_base_commons:189:23)","length":116,"name":"error","severity":"FATAL","code":"57P01","file":"postgres.c","line":"3286","routine":"ProcessInterrupts","client":{"_events":{"error":[null,null,null]},"_eventsCount":1,"connectionParameters":{"user":"mercato","database":"mercato_test","port":32825,"host":"localhost","binary":false,"options":"-c idle_session_timeout=30000","ssl":false,"client_encoding":"","isDomainSocket":false,"statement_timeout":false,"lock_timeout":false,"idle_in_transaction_session_timeout":30000,"query_timeout":false,"connect_timeout":15},"user":"mercato","database":"mercato_test","port":32825,"host":"localhost","_types":{"_types":{"_types":{"arrayParser":{},"builtins":{"BOOL":16,"BYTEA":17,"CHAR":18,"INT8":20,"INT2":21,"INT4":23,"REGPROC":24,"TEXT":25,"OID":26,"TID":27,"XID":28,"CID":29,"JSON":114,"XML":142,"PG_NODE_TREE":194,"SMGR":210,"PATH":602,"POLYGON":604,"CIDR":650,"FLOAT4":700,"FLOAT8":701,"ABSTIME":702,"RELTIME":703,"TINTERVAL":704,"CIRCLE":718,"MACADDR8":774,"MONEY":790,"MACADDR":829,"INET":869,"ACLITEM":1033,"BPCHAR":1042,"VARCHAR":1043,"DATE":1082,"TIME":1083,"TIMESTAMP":1114,"TIMESTAMPTZ":1184,"INTERVAL":1186,"TIMETZ":1266,"BIT":1560,"VARBIT":1562,"NUMERIC":1700,"REFCURSOR":1790,"REGPROCEDURE":2202,"REGOPER":2203,"REGOPERATOR":2204,"REGCLASS":2205,"REGTYPE":2206,"UUID":2950,"TXID_SNAPSHOT":2970,"PG_LSN":3220,"PG_NDISTINCT":3361,"PG_DEPENDENCIES":3402,"TSVECTOR":3614,"TSQUERY":3615,"GTSVECTOR":3642,"REGCONFIG":3734,"REGDICTIONARY":3769,"JSONB":3802,"REGNAMESPACE":4089,"REGROLE":4096}},"text":{},"binary":{}},"text":{},"binary":{}},"_ending":true,"_ended":false,"_connecting":false,"_connected":true,"_connectionError":false,"_queryable":false,"_activeQuery":null,"_txStatus":"I","enableChannelBinding":false,"scramMaxIterations":100000,"connection":{"_events":{"end":[null,null]},"_eventsCount":23,"stream":{"connecting":false,"_hadError":false,"_parent":null,"_host":"localhost","_closeAfterHandlingError":false,"_events":{"end":[null,null]},"_readableState":{"highWaterMark":65536,"buffer":[],"bufferIndex":0,"length":0,"pipes":[],"awaitDrainWriters":null},"_writableState":{"highWaterMark":65536,"length":0,"corked":0,"writelen":0,"bufferedIndex":0,"pendingcb":0},"allowHalfOpen":false,"_eventsCount":4,"_sockname":null,"_pendingData":null,"_pendingEncoding":"","server":null,"_server":null,"autoSelectFamilyAttemptedAddresses":["::1:32825"]},"_keepAlive":false,"_keepAliveInitialDelayMillis":0,"parsedStatements":{},"ssl":false,"sslNegotiation":"postgres","_ending":false,"_emitMessage":false,"_connecting":true},"_queryQueue":[],"binary":false,"processID":451,"secretKey":1570972484,"ssl":false,"sslNegotiation":"postgres","_connectionTimeoutMillis":15000,"_connectionCallback":null,"connectionTimeoutHandle":{"_idleTimeout":-1,"_idlePrev":null,"_idleNext":null,"_idleStart":65148,"_repeat":null,"_destroyed":true},"saslSession":null,"readyForQuery":true,"hasExecuted":true,"_poolUseCount":2}},"msg":"Idle pg pool client error (connection reaped/terminated)"}
{"level":40,"time":1789708997499,"pid":123473,"hostname":"cursor","name":"shared","component":"orm","err":{"type":"DatabaseError","message":"terminating connection due to administrator command","stack":"error: terminating connection due to administrator command\n    at parseErrorMessage (/workspace/node_modules/pg/node_modules/pg-protocol/dist/parser.js:305:11)\n    at Parser.handlePacket (/workspace/node_modules/pg/node_modules/pg-protocol/dist/parser.js:143:27)\n    at Parser.parse (/workspace/node_modules/pg/node_modules/pg-protocol/dist/parser.js:37:38)\n    at Socket.<anonymous> (/workspace/node_modules/pg/node_modules/pg-protocol/dist/index.js:12:42)\n    at Socket.emit (node:events:514:28)\n    at addChunk (node:internal/streams/readable:568:12)\n    at readableAddChunkPushByteMode (node:internal/streams/readable:519:3)\n    at Readable.push (node:internal/streams/readable:399:5)\n    at TCP.onStreamRead (node:internal/stream_base_commons:189:23)","length":116,"name":"error","severity":"FATAL","code":"57P01","file":"postgres.c","line":"3286","routine":"ProcessInterrupts"},"msg":"pg client error (connection reaped/terminated)"}
{"level":40,"time":1789708997499,"pid":123473,"hostname":"cursor","name":"shared","component":"orm","err":{"type":"DatabaseError","message":"terminating connection due to administrator command","stack":"error: terminating connection due to administrator command\n    at parseErrorMessage (/workspace/node_modules/pg/node_modules/pg-protocol/dist/parser.js:305:11)\n    at Parser.handlePacket (/workspace/node_modules/pg/node_modules/pg-protocol/dist/parser.js:143:27)\n    at Parser.parse (/workspace/node_modules/pg/node_modules/pg-protocol/dist/parser.js:37:38)\n    at Socket.<anonymous> (/workspace/node_modules/pg/node_modules/pg-protocol/dist/index.js:12:42)\n    at Socket.emit (node:events:514:28)\n    at addChunk (node:internal/streams/readable:568:12)\n    at readableAddChunkPushByteMode (node:internal/streams/readable:519:3)\n    at Readable.push (node:internal/streams/readable:399:5)\n    at TCP.onStreamRead (node:internal/stream_base_commons:189:23)","length":116,"name":"error","severity":"FATAL","code":"57P01","file":"postgres.c","line":"3286","routine":"ProcessInterrupts","client":{"_events":{"error":[null,null,null]},"_eventsCount":1,"connectionParameters":{"user":"mercato","database":"mercato_test","port":32825,"host":"localhost","binary":false,"options":"-c idle_session_timeout=30000","ssl":false,"client_encoding":"","isDomainSocket":false,"statement_timeout":false,"lock_timeout":false,"idle_in_transaction_session_timeout":30000,"query_timeout":false,"connect_timeout":15},"user":"mercato","database":"mercato_test","port":32825,"host":"localhost","_types":{"_types":{"_types":{"arrayParser":{},"builtins":{"BOOL":16,"BYTEA":17,"CHAR":18,"INT8":20,"INT2":21,"INT4":23,"REGPROC":24,"TEXT":25,"OID":26,"TID":27,"XID":28,"CID":29,"JSON":114,"XML":142,"PG_NODE_TREE":194,"SMGR":210,"PATH":602,"POLYGON":604,"CIDR":650,"FLOAT4":700,"FLOAT8":701,"ABSTIME":702,"RELTIME":703,"TINTERVAL":704,"CIRCLE":718,"MACADDR8":774,"MONEY":790,"MACADDR":829,"INET":869,"ACLITEM":1033,"BPCHAR":1042,"VARCHAR":1043,"DATE":1082,"TIME":1083,"TIMESTAMP":1114,"TIMESTAMPTZ":1184,"INTERVAL":1186,"TIMETZ":1266,"BIT":1560,"VARBIT":1562,"NUMERIC":1700,"REFCURSOR":1790,"REGPROCEDURE":2202,"REGOPER":2203,"REGOPERATOR":2204,"REGCLASS":2205,"REGTYPE":2206,"UUID":2950,"TXID_SNAPSHOT":2970,"PG_LSN":3220,"PG_NDISTINCT":3361,"PG_DEPENDENCIES":3402,"TSVECTOR":3614,"TSQUERY":3615,"GTSVECTOR":3642,"REGCONFIG":3734,"REGDICTIONARY":3769,"JSONB":3802,"REGNAMESPACE":4089,"REGROLE":4096}},"text":{},"binary":{}},"text":{},"binary":{}},"_ending":true,"_ended":false,"_connecting":false,"_connected":true,"_connectionError":false,"_queryable":false,"_activeQuery":null,"_txStatus":"I","enableChannelBinding":false,"scramMaxIterations":100000,"connection":{"_events":{"end":[null,null]},"_eventsCount":23,"stream":{"connecting":false,"_hadError":false,"_parent":null,"_host":"localhost","_closeAfterHandlingError":false,"_events":{"end":[null,null]},"_readableState":{"highWaterMark":65536,"buffer":[],"bufferIndex":0,"length":0,"pipes":[],"awaitDrainWriters":null},"_writableState":{"highWaterMark":65536,"length":0,"corked":0,"writelen":0,"bufferedIndex":0,"pendingcb":0},"allowHalfOpen":false,"_eventsCount":4,"_sockname":null,"_pendingData":null,"_pendingEncoding":"","server":null,"_server":null,"autoSelectFamilyAttemptedAddresses":["::1:32825"]},"_keepAlive":false,"_keepAliveInitialDelayMillis":0,"parsedStatements":{},"ssl":false,"sslNegotiation":"postgres","_ending":false,"_emitMessage":false,"_connecting":true},"_queryQueue":[],"binary":false,"processID":452,"secretKey":-836128988,"ssl":false,"sslNegotiation":"postgres","_connectionTimeoutMillis":15000,"_connectionCallback":null,"connectionTimeoutHandle":{"_idleTimeout":-1,"_idlePrev":null,"_idleNext":null,"_idleStart":65149,"_repeat":null,"_destroyed":true},"saslSession":null,"readyForQuery":true,"hasExecuted":true,"_poolUseCount":3}},"msg":"Idle pg pool client error (connection reaped/terminated)"}
{"level":40,"time":1789708997508,"pid":123473,"hostname":"cursor","name":"shared","component":"orm","err":{"type":"DatabaseError","message":"terminating connection due to administrator command","stack":"error: terminating connection due to administrator command\n    at parseErrorMessage (/workspace/node_modules/pg/node_modules/pg-protocol/dist/parser.js:305:11)\n    at Parser.handlePacket (/workspace/node_modules/pg/node_modules/pg-protocol/dist/parser.js:143:27)\n    at Parser.parse (/workspace/node_modules/pg/node_modules/pg-protocol/dist/parser.js:37:38)\n    at Socket.<anonymous> (/workspace/node_modules/pg/node_modules/pg-protocol/dist/index.js:12:42)\n    at Socket.emit (node:events:514:28)\n    at addChunk (node:internal/streams/readable:568:12)\n    at readableAddChunkPushByteMode (node:internal/streams/readable:519:3)\n    at Readable.push (node:internal/streams/readable:399:5)\n    at TCP.onStreamRead (node:internal/stream_base_commons:189:23)","length":116,"name":"error","severity":"FATAL","code":"57P01","file":"postgres.c","line":"3286","routine":"ProcessInterrupts"},"msg":"pg client error (connection reaped/terminated)"}
{"level":40,"time":1789708997501,"pid":123473,"hostname":"cursor","name":"shared","component":"orm","err":{"type":"DatabaseError","message":"terminating connection due to administrator command","stack":"error: terminating connection due to administrator command\n    at parseErrorMessage (/workspace/node_modules/pg/node_modules/pg-protocol/dist/parser.js:305:11)\n    at Parser.handlePacket (/workspace/node_modules/pg/node_modules/pg-protocol/dist/parser.js:143:27)\n    at Parser.parse (/workspace/node_modules/pg/node_modules/pg-protocol/dist/parser.js:37:38)\n    at Socket.<anonymous> (/workspace/node_modules/pg/node_modules/pg-protocol/dist/index.js:12:42)\n    at Socket.emit (node:events:514:28)\n    at addChunk (node:internal/streams/readable:568:12)\n    at readableAddChunkPushByteMode (node:internal/streams/readable:519:3)\n    at Readable.push (node:internal/streams/readable:399:5)\n    at TCP.onStreamRead (node:internal/stream_base_commons:189:23)","length":116,"name":"error","severity":"FATAL","code":"57P01","file":"postgres.c","line":"3286","routine":"ProcessInterrupts","client":{"_events":{"error":[null,null,null]},"_eventsCount":1,"connectionParameters":{"user":"mercato","database":"mercato_test","port":32825,"host":"localhost","binary":false,"options":"-c idle_session_timeout=30000","ssl":false,"client_encoding":"","isDomainSocket":false,"statement_timeout":false,"lock_timeout":false,"idle_in_transaction_session_timeout":30000,"query_timeout":false,"connect_timeout":15},"user":"mercato","database":"mercato_test","port":32825,"host":"localhost","_types":{"_types":{"_types":{"arrayParser":{},"builtins":{"BOOL":16,"BYTEA":17,"CHAR":18,"INT8":20,"INT2":21,"INT4":23,"REGPROC":24,"TEXT":25,"OID":26,"TID":27,"XID":28,"CID":29,"JSON":114,"XML":142,"PG_NODE_TREE":194,"SMGR":210,"PATH":602,"POLYGON":604,"CIDR":650,"FLOAT4":700,"FLOAT8":701,"ABSTIME":702,"RELTIME":703,"TINTERVAL":704,"CIRCLE":718,"MACADDR8":774,"MONEY":790,"MACADDR":829,"INET":869,"ACLITEM":1033,"BPCHAR":1042,"VARCHAR":1043,"DATE":1082,"TIME":1083,"TIMESTAMP":1114,"TIMESTAMPTZ":1184,"INTERVAL":1186,"TIMETZ":1266,"BIT":1560,"VARBIT":1562,"NUMERIC":1700,"REFCURSOR":1790,"REGPROCEDURE":2202,"REGOPER":2203,"REGOPERATOR":2204,"REGCLASS":2205,"REGTYPE":2206,"UUID":2950,"TXID_SNAPSHOT":2970,"PG_LSN":3220,"PG_NDISTINCT":3361,"PG_DEPENDENCIES":3402,"TSVECTOR":3614,"TSQUERY":3615,"GTSVECTOR":3642,"REGCONFIG":3734,"REGDICTIONARY":3769,"JSONB":3802,"REGNAMESPACE":4089,"REGROLE":4096}},"text":{},"binary":{}},"text":{},"binary":{}},"_ending":true,"_ended":false,"_connecting":false,"_connected":true,"_connectionError":false,"_queryable":false,"_activeQuery":null,"_txStatus":"I","enableChannelBinding":false,"scramMaxIterations":100000,"connection":{"_events":{"end":[null,null]},"_eventsCount":23,"stream":{"connecting":false,"_hadError":false,"_parent":null,"_host":"localhost","_closeAfterHandlingError":false,"_events":{"end":[null,null]},"_readableState":{"highWaterMark":65536,"buffer":[],"bufferIndex":0,"length":0,"pipes":[],"awaitDrainWriters":null},"_writableState":{"highWaterMark":65536,"length":0,"corked":0,"writelen":0,"bufferedIndex":0,"pendingcb":0},"allowHalfOpen":false,"_eventsCount":4,"_sockname":null,"_pendingData":null,"_pendingEncoding":"","server":null,"_server":null,"autoSelectFamilyAttemptedAddresses":["::1:32825"]},"_keepAlive":false,"_keepAliveInitialDelayMillis":0,"parsedStatements":{},"ssl":false,"sslNegotiation":"postgres","_ending":false,"_emitMessage":false,"_connecting":true},"_queryQueue":[],"binary":false,"processID":431,"secretKey":1045024223,"ssl":false,"sslNegotiation":"postgres","_connectionTimeoutMillis":15000,"_connectionCallback":null,"connectionTimeoutHandle":{"_idleTimeout":-1,"_idlePrev":null,"_idleNext":null,"_idleStart":42684,"_repeat":null,"_destroyed":true},"saslSession":null,"readyForQuery":true,"hasExecuted":true,"_poolUseCount":138}},"msg":"Idle pg pool client error (connection reaped/terminated)"}
{"level":40,"time":1789708997507,"pid":123473,"hostname":"cursor","name":"shared","component":"orm","err":{"type":"DatabaseError","message":"terminating connection due to administrator command","stack":"error: terminating connection due to administrator command\n    at parseErrorMessage (/workspace/node_modules/pg/node_modules/pg-protocol/dist/parser.js:305:11)\n    at Parser.handlePacket (/workspace/node_modules/pg/node_modules/pg-protocol/dist/parser.js:143:27)\n    at Parser.parse (/workspace/node_modules/pg/node_modules/pg-protocol/dist/parser.js:37:38)\n    at Socket.<anonymous> (/workspace/node_modules/pg/node_modules/pg-protocol/dist/index.js:12:42)\n    at Socket.emit (node:events:514:28)\n    at addChunk (node:internal/streams/readable:568:12)\n    at readableAddChunkPushByteMode (node:internal/streams/readable:519:3)\n    at Readable.push (node:internal/streams/readable:399:5)\n    at TCP.onStreamRead (node:internal/stream_base_commons:189:23)","length":116,"name":"error","severity":"FATAL","code":"57P01","file":"postgres.c","line":"3286","routine":"ProcessInterrupts"},"msg":"pg client error (connection reaped/terminated)"}
{"level":40,"time":1789708997508,"pid":123473,"hostname":"cursor","name":"shared","component":"orm","err":{"type":"DatabaseError","message":"terminating connection due to administrator command","stack":"error: terminating connection due to administrator command\n    at parseErrorMessage (/workspace/node_modules/pg/node_modules/pg-protocol/dist/parser.js:305:11)\n    at Parser.handlePacket (/workspace/node_modules/pg/node_modules/pg-protocol/dist/parser.js:143:27)\n    at Parser.parse (/workspace/node_modules/pg/node_modules/pg-protocol/dist/parser.js:37:38)\n    at Socket.<anonymous> (/workspace/node_modules/pg/node_modules/pg-protocol/dist/index.js:12:42)\n    at Socket.emit (node:events:514:28)\n    at addChunk (node:internal/streams/readable:568:12)\n    at readableAddChunkPushByteMode (node:internal/streams/readable:519:3)\n    at Readable.push (node:internal/streams/readable:399:5)\n    at TCP.onStreamRead (node:internal/stream_base_commons:189:23)","length":116,"name":"error","severity":"FATAL","code":"57P01","file":"postgres.c","line":"3286","routine":"ProcessInterrupts","client":{"_events":{"error":[null,null,null]},"_eventsCount":1,"connectionParameters":{"user":"mercato","database":"mercato_test","port":32825,"host":"localhost","binary":false,"options":"-c idle_session_timeout=30000","ssl":false,"client_encoding":"","isDomainSocket":false,"statement_timeout":false,"lock_timeout":false,"idle_in_transaction_session_timeout":30000,"query_timeout":false,"connect_timeout":15},"user":"mercato","database":"mercato_test","port":32825,"host":"localhost","_types":{"_types":{"_types":{"arrayParser":{},"builtins":{"BOOL":16,"BYTEA":17,"CHAR":18,"INT8":20,"INT2":21,"INT4":23,"REGPROC":24,"TEXT":25,"OID":26,"TID":27,"XID":28,"CID":29,"JSON":114,"XML":142,"PG_NODE_TREE":194,"SMGR":210,"PATH":602,"POLYGON":604,"CIDR":650,"FLOAT4":700,"FLOAT8":701,"ABSTIME":702,"RELTIME":703,"TINTERVAL":704,"CIRCLE":718,"MACADDR8":774,"MONEY":790,"MACADDR":829,"INET":869,"ACLITEM":1033,"BPCHAR":1042,"VARCHAR":1043,"DATE":1082,"TIME":1083,"TIMESTAMP":1114,"TIMESTAMPTZ":1184,"INTERVAL":1186,"TIMETZ":1266,"BIT":1560,"VARBIT":1562,"NUMERIC":1700,"REFCURSOR":1790,"REGPROCEDURE":2202,"REGOPER":2203,"REGOPERATOR":2204,"REGCLASS":2205,"REGTYPE":2206,"UUID":2950,"TXID_SNAPSHOT":2970,"PG_LSN":3220,"PG_NDISTINCT":3361,"PG_DEPENDENCIES":3402,"TSVECTOR":3614,"TSQUERY":3615,"GTSVECTOR":3642,"REGCONFIG":3734,"REGDICTIONARY":3769,"JSONB":3802,"REGNAMESPACE":4089,"REGROLE":4096}},"text":{},"binary":{}},"text":{},"binary":{}},"_ending":true,"_ended":false,"_connecting":false,"_connected":true,"_connectionError":false,"_queryable":false,"_activeQuery":null,"_txStatus":"I","enableChannelBinding":false,"scramMaxIterations":100000,"connection":{"_events":{"end":[null,null]},"_eventsCount":23,"stream":{"connecting":false,"_hadError":false,"_parent":null,"_host":"localhost","_closeAfterHandlingError":false,"_events":{"end":[null,null]},"_readableState":{"highWaterMark":65536,"buffer":[],"bufferIndex":0,"length":0,"pipes":[],"awaitDrainWriters":null},"_writableState":{"highWaterMark":65536,"length":0,"corked":0,"writelen":0,"bufferedIndex":0,"pendingcb":0},"allowHalfOpen":false,"_eventsCount":4,"_sockname":null,"_pendingData":null,"_pendingEncoding":"","server":null,"_server":null,"autoSelectFamilyAttemptedAddresses":["::1:32825"]},"_keepAlive":false,"_keepAliveInitialDelayMillis":0,"parsedStatements":{},"ssl":false,"sslNegotiation":"postgres","_ending":true,"_emitMessage":false,"_connecting":true},"_queryQueue":[],"binary":false,"processID":434,"secretKey":-533890747,"ssl":false,"sslNegotiation":"postgres","_connectionTimeoutMillis":15000,"_connectionCallback":null,"connectionTimeoutHandle":{"_idleTimeout":-1,"_idlePrev":null,"_idleNext":null,"_idleStart":42707,"_repeat":null,"_destroyed":true},"saslSession":null,"readyForQuery":true,"hasExecuted":true,"_poolUseCount":95}},"msg":"Idle pg pool client error (connection reaped/terminated)"}
{"level":40,"time":1789708997508,"pid":123473,"hostname":"cursor","name":"shared","component":"orm","err":{"type":"DatabaseError","message":"terminating connection due to administrator command","stack":"error: terminating connection due to administrator command\n    at parseErrorMessage (/workspace/node_modules/pg/node_modules/pg-protocol/dist/parser.js:305:11)\n    at Parser.handlePacket (/workspace/node_modules/pg/node_modules/pg-protocol/dist/parser.js:143:27)\n    at Parser.parse (/workspace/node_modules/pg/node_modules/pg-protocol/dist/parser.js:37:38)\n    at Socket.<anonymous> (/workspace/node_modules/pg/node_modules/pg-protocol/dist/index.js:12:42)\n    at Socket.emit (node:events:514:28)\n    at addChunk (node:internal/streams/readable:568:12)\n    at readableAddChunkPushByteMode (node:internal/streams/readable:519:3)\n    at Readable.push (node:internal/streams/readable:399:5)\n    at TCP.onStreamRead (node:internal/stream_base_commons:189:23)","length":116,"name":"error","severity":"FATAL","code":"57P01","file":"postgres.c","line":"3286","routine":"ProcessInterrupts"},"msg":"pg client error (connection reaped/terminated)"}
{"level":40,"time":1789708997508,"pid":123473,"hostname":"cursor","name":"shared","component":"orm","err":{"type":"DatabaseError","message":"terminating connection due to administrator command","stack":"error: terminating connection due to administrator command\n    at parseErrorMessage (/workspace/node_modules/pg/node_modules/pg-protocol/dist/parser.js:305:11)\n    at Parser.handlePacket (/workspace/node_modules/pg/node_modules/pg-protocol/dist/parser.js:143:27)\n    at Parser.parse (/workspace/node_modules/pg/node_modules/pg-protocol/dist/parser.js:37:38)\n    at Socket.<anonymous> (/workspace/node_modules/pg/node_modules/pg-protocol/dist/index.js:12:42)\n    at Socket.emit (node:events:514:28)\n    at addChunk (node:internal/streams/readable:568:12)\n    at readableAddChunkPushByteMode (node:internal/streams/readable:519:3)\n    at Readable.push (node:internal/streams/readable:399:5)\n    at TCP.onStreamRead (node:internal/stream_base_commons:189:23)","length":116,"name":"error","severity":"FATAL","code":"57P01","file":"postgres.c","line":"3286","routine":"ProcessInterrupts","client":{"_events":{"error":[null,null,null]},"_eventsCount":1,"connectionParameters":{"user":"mercato","database":"mercato_test","port":32825,"host":"localhost","binary":false,"options":"-c idle_session_timeout=30000","ssl":false,"client_encoding":"","isDomainSocket":false,"statement_timeout":false,"lock_timeout":false,"idle_in_transaction_session_timeout":30000,"query_timeout":false,"connect_timeout":15},"user":"mercato","database":"mercato_test","port":32825,"host":"localhost","_types":{"_types":{"_types":{"arrayParser":{},"builtins":{"BOOL":16,"BYTEA":17,"CHAR":18,"INT8":20,"INT2":21,"INT4":23,"REGPROC":24,"TEXT":25,"OID":26,"TID":27,"XID":28,"CID":29,"JSON":114,"XML":142,"PG_NODE_TREE":194,"SMGR":210,"PATH":602,"POLYGON":604,"CIDR":650,"FLOAT4":700,"FLOAT8":701,"ABSTIME":702,"RELTIME":703,"TINTERVAL":704,"CIRCLE":718,"MACADDR8":774,"MONEY":790,"MACADDR":829,"INET":869,"ACLITEM":1033,"BPCHAR":1042,"VARCHAR":1043,"DATE":1082,"TIME":1083,"TIMESTAMP":1114,"TIMESTAMPTZ":1184,"INTERVAL":1186,"TIMETZ":1266,"BIT":1560,"VARBIT":1562,"NUMERIC":1700,"REFCURSOR":1790,"REGPROCEDURE":2202,"REGOPER":2203,"REGOPERATOR":2204,"REGCLASS":2205,"REGTYPE":2206,"UUID":2950,"TXID_SNAPSHOT":2970,"PG_LSN":3220,"PG_NDISTINCT":3361,"PG_DEPENDENCIES":3402,"TSVECTOR":3614,"TSQUERY":3615,"GTSVECTOR":3642,"REGCONFIG":3734,"REGDICTIONARY":3769,"JSONB":3802,"REGNAMESPACE":4089,"REGROLE":4096}},"text":{},"binary":{}},"text":{},"binary":{}},"_ending":true,"_ended":false,"_connecting":false,"_connected":true,"_connectionError":false,"_queryable":false,"_activeQuery":null,"_txStatus":"I","enableChannelBinding":false,"scramMaxIterations":100000,"connection":{"_events":{"end":[null,null]},"_eventsCount":23,"stream":{"connecting":false,"_hadError":false,"_parent":null,"_host":"localhost","_closeAfterHandlingError":false,"_events":{"end":[null,null]},"_readableState":{"highWaterMark":65536,"buffer":[],"bufferIndex":0,"length":0,"pipes":[],"awaitDrainWriters":null},"_writableState":{"highWaterMark":65536,"length":0,"corked":0,"writelen":0,"bufferedIndex":0,"pendingcb":0},"allowHalfOpen":false,"_eventsCount":4,"_sockname":null,"_pendingData":null,"_pendingEncoding":"","server":null,"_server":null,"autoSelectFamilyAttemptedAddresses":["::1:32825"]},"_keepAlive":false,"_keepAliveInitialDelayMillis":0,"parsedStatements":{},"ssl":false,"sslNegotiation":"postgres","_ending":true,"_emitMessage":false,"_connecting":true},"_queryQueue":[],"binary":false,"processID":422,"secretKey":-1507947372,"ssl":false,"sslNegotiation":"postgres","_connectionTimeoutMillis":15000,"_connectionCallback":null,"connectionTimeoutHandle":{"_idleTimeout":-1,"_idlePrev":null,"_idleNext":null,"_idleStart":40166,"_repeat":null,"_destroyed":true},"saslSession":null,"readyForQuery":true,"hasExecuted":true,"_poolUseCount":193}},"msg":"Idle pg pool client error (connection reaped/terminated)"}
{"level":40,"time":1789708997508,"pid":123611,"hostname":"cursor","name":"shared","component":"orm","err":{"type":"DatabaseError","message":"terminating connection due to administrator command","stack":"error: terminating connection due to administrator command\n    at parseErrorMessage (/workspace/node_modules/pg/node_modules/pg-protocol/dist/parser.js:305:11)\n    at Parser.handlePacket (/workspace/node_modules/pg/node_modules/pg-protocol/dist/parser.js:143:27)\n    at Parser.parse (/workspace/node_modules/pg/node_modules/pg-protocol/dist/parser.js:37:38)\n    at Socket.<anonymous> (/workspace/node_modules/pg/node_modules/pg-protocol/dist/index.js:12:42)\n    at Socket.emit (node:events:514:28)\n    at addChunk (node:internal/streams/readable:568:12)\n    at readableAddChunkPushByteMode (node:internal/streams/readable:519:3)\n    at Readable.push (node:internal/streams/readable:399:5)\n    at TCP.onStreamRead (node:internal/stream_base_commons:189:23)","length":116,"name":"error","severity":"FATAL","code":"57P01","file":"postgres.c","line":"3286","routine":"ProcessInterrupts","client":{"_events":{"error":[null,null,null]},"_eventsCount":1,"connectionParameters":{"user":"mercato","database":"mercato_test","port":32825,"host":"localhost","binary":false,"options":"-c idle_session_timeout=30000","ssl":false,"client_encoding":"","isDomainSocket":false,"statement_timeout":false,"lock_timeout":false,"idle_in_transaction_session_timeout":30000,"query_timeout":false,"connect_timeout":15},"user":"mercato","database":"mercato_test","port":32825,"host":"localhost","_types":{"_types":{"_types":{"arrayParser":{},"builtins":{"BOOL":16,"BYTEA":17,"CHAR":18,"INT8":20,"INT2":21,"INT4":23,"REGPROC":24,"TEXT":25,"OID":26,"TID":27,"XID":28,"CID":29,"JSON":114,"XML":142,"PG_NODE_TREE":194,"SMGR":210,"PATH":602,"POLYGON":604,"CIDR":650,"FLOAT4":700,"FLOAT8":701,"ABSTIME":702,"RELTIME":703,"TINTERVAL":704,"CIRCLE":718,"MACADDR8":774,"MONEY":790,"MACADDR":829,"INET":869,"ACLITEM":1033,"BPCHAR":1042,"VARCHAR":1043,"DATE":1082,"TIME":1083,"TIMESTAMP":1114,"TIMESTAMPTZ":1184,"INTERVAL":1186,"TIMETZ":1266,"BIT":1560,"VARBIT":1562,"NUMERIC":1700,"REFCURSOR":1790,"REGPROCEDURE":2202,"REGOPER":2203,"REGOPERATOR":2204,"REGCLASS":2205,"REGTYPE":2206,"UUID":2950,"TXID_SNAPSHOT":2970,"PG_LSN":3220,"PG_NDISTINCT":3361,"PG_DEPENDENCIES":3402,"TSVECTOR":3614,"TSQUERY":3615,"GTSVECTOR":3642,"REGCONFIG":3734,"REGDICTIONARY":3769,"JSONB":3802,"REGNAMESPACE":4089,"REGROLE":4096}},"text":{},"binary":{}},"text":{},"binary":{}},"_ending":true,"_ended":false,"_connecting":false,"_connected":true,"_connectionError":false,"_queryable":false,"_activeQuery":null,"_txStatus":"I","enableChannelBinding":false,"scramMaxIterations":100000,"connection":{"_events":{"end":[null,null]},"_eventsCount":23,"stream":{"connecting":false,"_hadError":false,"_parent":null,"_host":"localhost","_closeAfterHandlingError":false,"_events":{"end":[null,null]},"_readableState":{"highWaterMark":65536,"buffer":[],"bufferIndex":0,"length":0,"pipes":[],"awaitDrainWriters":null},"_writableState":{"highWaterMark":65536,"length":0,"corked":0,"writelen":0,"bufferedIndex":0,"pendingcb":0},"allowHalfOpen":false,"_eventsCount":4,"_sockname":null,"_pendingData":null,"_pendingEncoding":"","server":null,"_server":null,"autoSelectFamilyAttemptedAddresses":["::1:32825"]},"_keepAlive":false,"_keepAliveInitialDelayMillis":0,"parsedStatements":{},"ssl":false,"sslNegotiation":"postgres","_ending":false,"_emitMessage":false,"_connecting":true},"_queryQueue":[],"binary":false,"processID":448,"secretKey":-1209430575,"ssl":false,"sslNegotiation":"postgres","_connectionTimeoutMillis":15000,"_connectionCallback":null,"connectionTimeoutHandle":{"_idleTimeout":-1,"_idlePrev":null,"_idleNext":null,"_idleStart":59456,"_repeat":null,"_destroyed":true},"saslSession":null,"readyForQuery":true,"hasExecuted":true,"_poolUseCount":1}},"msg":"Idle pg pool client error (connection reaped/terminated)"}
{"level":40,"time":1789708997508,"pid":123473,"hostname":"cursor","name":"shared","component":"orm","err":{"type":"DatabaseError","message":"terminating connection due to administrator command","stack":"error: terminating connection due to administrator command\n    at parseErrorMessage (/workspace/node_modules/pg/node_modules/pg-protocol/dist/parser.js:305:11)\n    at Parser.handlePacket (/workspace/node_modules/pg/node_modules/pg-protocol/dist/parser.js:143:27)\n    at Parser.parse (/workspace/node_modules/pg/node_modules/pg-protocol/dist/parser.js:37:38)\n    at Socket.<anonymous> (/workspace/node_modules/pg/node_modules/pg-protocol/dist/index.js:12:42)\n    at Socket.emit (node:events:514:28)\n    at addChunk (node:internal/streams/readable:568:12)\n    at readableAddChunkPushByteMode (node:internal/streams/readable:519:3)\n    at Readable.push (node:internal/streams/readable:399:5)\n    at TCP.onStreamRead (node:internal/stream_base_commons:189:23)","length":116,"name":"error","severity":"FATAL","code":"57P01","file":"postgres.c","line":"3286","routine":"ProcessInterrupts","client":{"_events":{"error":[null,null,null]},"_eventsCount":1,"connectionParameters":{"user":"mercato","database":"mercato_test","port":32825,"host":"localhost","binary":false,"options":"-c idle_session_timeout=30000","ssl":false,"client_encoding":"","isDomainSocket":false,"statement_timeout":false,"lock_timeout":false,"idle_in_transaction_session_timeout":30000,"query_timeout":false,"connect_timeout":15},"user":"mercato","database":"mercato_test","port":32825,"host":"localhost","_types":{"_types":{"_types":{"arrayParser":{},"builtins":{"BOOL":16,"BYTEA":17,"CHAR":18,"INT8":20,"INT2":21,"INT4":23,"REGPROC":24,"TEXT":25,"OID":26,"TID":27,"XID":28,"CID":29,"JSON":114,"XML":142,"PG_NODE_TREE":194,"SMGR":210,"PATH":602,"POLYGON":604,"CIDR":650,"FLOAT4":700,"FLOAT8":701,"ABSTIME":702,"RELTIME":703,"TINTERVAL":704,"CIRCLE":718,"MACADDR8":774,"MONEY":790,"MACADDR":829,"INET":869,"ACLITEM":1033,"BPCHAR":1042,"VARCHAR":1043,"DATE":1082,"TIME":1083,"TIMESTAMP":1114,"TIMESTAMPTZ":1184,"INTERVAL":1186,"TIMETZ":1266,"BIT":1560,"VARBIT":1562,"NUMERIC":1700,"REFCURSOR":1790,"REGPROCEDURE":2202,"REGOPER":2203,"REGOPERATOR":2204,"REGCLASS":2205,"REGTYPE":2206,"UUID":2950,"TXID_SNAPSHOT":2970,"PG_LSN":3220,"PG_NDISTINCT":3361,"PG_DEPENDENCIES":3402,"TSVECTOR":3614,"TSQUERY":3615,"GTSVECTOR":3642,"REGCONFIG":3734,"REGDICTIONARY":3769,"JSONB":3802,"REGNAMESPACE":4089,"REGROLE":4096}},"text":{},"binary":{}},"text":{},"binary":{}},"_ending":true,"_ended":false,"_connecting":false,"_connected":true,"_connectionError":false,"_queryable":false,"_activeQuery":null,"_txStatus":"I","enableChannelBinding":false,"scramMaxIterations":100000,"connection":{"_events":{"end":[null,null]},"_eventsCount":23,"stream":{"connecting":false,"_hadError":false,"_parent":null,"_host":"localhost","_closeAfterHandlingError":false,"_events":{"end":[null,null]},"_readableState":{"highWaterMark":65536,"buffer":[],"bufferIndex":0,"length":0,"pipes":[],"awaitDrainWriters":null},"_writableState":{"highWaterMark":65536,"length":0,"corked":0,"writelen":0,"bufferedIndex":0,"pendingcb":0},"allowHalfOpen":false,"_eventsCount":4,"_sockname":null,"_pendingData":null,"_pendingEncoding":"","server":null,"_server":null,"autoSelectFamilyAttemptedAddresses":["::1:32825"]},"_keepAlive":false,"_keepAliveInitialDelayMillis":0,"parsedStatements":{},"ssl":false,"sslNegotiation":"postgres","_ending":false,"_emitMessage":false,"_connecting":true},"_queryQueue":[],"binary":false,"processID":456,"secretKey":-345033775,"ssl":false,"sslNegotiation":"postgres","_connectionTimeoutMillis":15000,"_connectionCallback":null,"connectionTimeoutHandle":{"_idleTimeout":-1,"_idlePrev":null,"_idleNext":null,"_idleStart":65165,"_repeat":null,"_destroyed":true},"saslSession":null,"readyForQuery":true,"hasExecuted":true,"_poolUseCount":1}},"msg":"Idle pg pool client error (connection reaped/terminated)"}
{"level":40,"time":1789708997509,"pid":123473,"hostname":"cursor","name":"shared","component":"orm","err":{"type":"DatabaseError","message":"terminating connection due to administrator command","stack":"error: terminating connection due to administrator command\n    at parseErrorMessage (/workspace/node_modules/pg/node_modules/pg-protocol/dist/parser.js:305:11)\n    at Parser.handlePacket (/workspace/node_modules/pg/node_modules/pg-protocol/dist/parser.js:143:27)\n    at Parser.parse (/workspace/node_modules/pg/node_modules/pg-protocol/dist/parser.js:37:38)\n    at Socket.<anonymous> (/workspace/node_modules/pg/node_modules/pg-protocol/dist/index.js:12:42)\n    at Socket.emit (node:events:514:28)\n    at addChunk (node:internal/streams/readable:568:12)\n    at readableAddChunkPushByteMode (node:internal/streams/readable:519:3)\n    at Readable.push (node:internal/streams/readable:399:5)\n    at TCP.onStreamRead (node:internal/stream_base_commons:189:23)","length":116,"name":"error","severity":"FATAL","code":"57P01","file":"postgres.c","line":"3286","routine":"ProcessInterrupts"},"msg":"pg client error (connection reaped/terminated)"}
{"level":40,"time":1789708997510,"pid":123473,"hostname":"cursor","name":"shared","component":"orm","err":{"type":"DatabaseError","message":"terminating connection due to administrator command","stack":"error: terminating connection due to administrator command\n    at parseErrorMessage (/workspace/node_modules/pg/node_modules/pg-protocol/dist/parser.js:305:11)\n    at Parser.handlePacket (/workspace/node_modules/pg/node_modules/pg-protocol/dist/parser.js:143:27)\n    at Parser.parse (/workspace/node_modules/pg/node_modules/pg-protocol/dist/parser.js:37:38)\n    at Socket.<anonymous> (/workspace/node_modules/pg/node_modules/pg-protocol/dist/index.js:12:42)\n    at Socket.emit (node:events:514:28)\n    at addChunk (node:internal/streams/readable:568:12)\n    at readableAddChunkPushByteMode (node:internal/streams/readable:519:3)\n    at Readable.push (node:internal/streams/readable:399:5)\n    at TCP.onStreamRead (node:internal/stream_base_commons:189:23)","length":116,"name":"error","severity":"FATAL","code":"57P01","file":"postgres.c","line":"3286","routine":"ProcessInterrupts"},"msg":"pg client error (connection reaped/terminated)"}
{"level":40,"time":1789708997510,"pid":123473,"hostname":"cursor","name":"shared","component":"orm","err":{"type":"DatabaseError","message":"terminating connection due to administrator command","stack":"error: terminating connection due to administrator command\n    at parseErrorMessage (/workspace/node_modules/pg/node_modules/pg-protocol/dist/parser.js:305:11)\n    at Parser.handlePacket (/workspace/node_modules/pg/node_modules/pg-protocol/dist/parser.js:143:27)\n    at Parser.parse (/workspace/node_modules/pg/node_modules/pg-protocol/dist/parser.js:37:38)\n    at Socket.<anonymous> (/workspace/node_modules/pg/node_modules/pg-protocol/dist/index.js:12:42)\n    at Socket.emit (node:events:514:28)\n    at addChunk (node:internal/streams/readable:568:12)\n    at readableAddChunkPushByteMode (node:internal/streams/readable:519:3)\n    at Readable.push (node:internal/streams/readable:399:5)\n    at TCP.onStreamRead (node:internal/stream_base_commons:189:23)","length":116,"name":"error","severity":"FATAL","code":"57P01","file":"postgres.c","line":"3286","routine":"ProcessInterrupts","client":{"_events":{"error":[null,null,null]},"_eventsCount":1,"connectionParameters":{"user":"mercato","database":"mercato_test","port":32825,"host":"localhost","binary":false,"options":"-c idle_session_timeout=30000","ssl":false,"client_encoding":"","isDomainSocket":false,"statement_timeout":false,"lock_timeout":false,"idle_in_transaction_session_timeout":30000,"query_timeout":false,"connect_timeout":15},"user":"mercato","database":"mercato_test","port":32825,"host":"localhost","_types":{"_types":{"_types":{"arrayParser":{},"builtins":{"BOOL":16,"BYTEA":17,"CHAR":18,"INT8":20,"INT2":21,"INT4":23,"REGPROC":24,"TEXT":25,"OID":26,"TID":27,"XID":28,"CID":29,"JSON":114,"XML":142,"PG_NODE_TREE":194,"SMGR":210,"PATH":602,"POLYGON":604,"CIDR":650,"FLOAT4":700,"FLOAT8":701,"ABSTIME":702,"RELTIME":703,"TINTERVAL":704,"CIRCLE":718,"MACADDR8":774,"MONEY":790,"MACADDR":829,"INET":869,"ACLITEM":1033,"BPCHAR":1042,"VARCHAR":1043,"DATE":1082,"TIME":1083,"TIMESTAMP":1114,"TIMESTAMPTZ":1184,"INTERVAL":1186,"TIMETZ":1266,"BIT":1560,"VARBIT":1562,"NUMERIC":1700,"REFCURSOR":1790,"REGPROCEDURE":2202,"REGOPER":2203,"REGOPERATOR":2204,"REGCLASS":2205,"REGTYPE":2206,"UUID":2950,"TXID_SNAPSHOT":2970,"PG_LSN":3220,"PG_NDISTINCT":3361,"PG_DEPENDENCIES":3402,"TSVECTOR":3614,"TSQUERY":3615,"GTSVECTOR":3642,"REGCONFIG":3734,"REGDICTIONARY":3769,"JSONB":3802,"REGNAMESPACE":4089,"REGROLE":4096}},"text":{},"binary":{}},"text":{},"binary":{}},"_ending":true,"_ended":false,"_connecting":false,"_connected":true,"_connectionError":false,"_queryable":false,"_activeQuery":null,"_txStatus":"I","enableChannelBinding":false,"scramMaxIterations":100000,"connection":{"_events":{"end":[null,null]},"_eventsCount":23,"stream":{"connecting":false,"_hadError":false,"_parent":null,"_host":"localhost","_closeAfterHandlingError":false,"_events":{"end":[null,null]},"_readableState":{"highWaterMark":65536,"buffer":[],"bufferIndex":0,"length":0,"pipes":[],"awaitDrainWriters":null},"_writableState":{"highWaterMark":65536,"length":0,"corked":0,"writelen":0,"bufferedIndex":0,"pendingcb":0},"allowHalfOpen":false,"_eventsCount":4,"_sockname":null,"_pendingData":null,"_pendingEncoding":"","server":null,"_server":null,"autoSelectFamilyAttemptedAddresses":["::1:32825"]},"_keepAlive":false,"_keepAliveInitialDelayMillis":0,"parsedStatements":{},"ssl":false,"sslNegotiation":"postgres","_ending":false,"_emitMessage":false,"_connecting":true},"_queryQueue":[],"binary":false,"processID":453,"secretKey":180637295,"ssl":false,"sslNegotiation":"postgres","_connectionTimeoutMillis":15000,"_connectionCallback":null,"connectionTimeoutHandle":{"_idleTimeout":-1,"_idlePrev":null,"_idleNext":null,"_idleStart":65149,"_repeat":null,"_destroyed":true},"saslSession":null,"readyForQuery":true,"hasExecuted":true,"_poolUseCount":3}},"msg":"Idle pg pool client error (connection reaped/terminated)"}
{"level":40,"time":1789708997510,"pid":123473,"hostname":"cursor","name":"shared","component":"orm","err":{"type":"DatabaseError","message":"terminating connection due to administrator command","stack":"error: terminating connection due to administrator command\n    at parseErrorMessage (/workspace/node_modules/pg/node_modules/pg-protocol/dist/parser.js:305:11)\n    at Parser.handlePacket (/workspace/node_modules/pg/node_modules/pg-protocol/dist/parser.js:143:27)\n    at Parser.parse (/workspace/node_modules/pg/node_modules/pg-protocol/dist/parser.js:37:38)\n    at Socket.<anonymous> (/workspace/node_modules/pg/node_modules/pg-protocol/dist/index.js:12:42)\n    at Socket.emit (node:events:514:28)\n    at addChunk (node:internal/streams/readable:568:12)\n    at readableAddChunkPushByteMode (node:internal/streams/readable:519:3)\n    at Readable.push (node:internal/streams/readable:399:5)\n    at TCP.onStreamRead (node:internal/stream_base_commons:189:23)","length":116,"name":"error","severity":"FATAL","code":"57P01","file":"postgres.c","line":"3286","routine":"ProcessInterrupts"},"msg":"pg client error (connection reaped/terminated)"}
{"level":40,"time":1789708997510,"pid":123473,"hostname":"cursor","name":"shared","component":"orm","err":{"type":"DatabaseError","message":"terminating connection due to administrator command","stack":"error: terminating connection due to administrator command\n    at parseErrorMessage (/workspace/node_modules/pg/node_modules/pg-protocol/dist/parser.js:305:11)\n    at Parser.handlePacket (/workspace/node_modules/pg/node_modules/pg-protocol/dist/parser.js:143:27)\n    at Parser.parse (/workspace/node_modules/pg/node_modules/pg-protocol/dist/parser.js:37:38)\n    at Socket.<anonymous> (/workspace/node_modules/pg/node_modules/pg-protocol/dist/index.js:12:42)\n    at Socket.emit (node:events:514:28)\n    at addChunk (node:internal/streams/readable:568:12)\n    at readableAddChunkPushByteMode (node:internal/streams/readable:519:3)\n    at Readable.push (node:internal/streams/readable:399:5)\n    at TCP.onStreamRead (node:internal/stream_base_commons:189:23)","length":116,"name":"error","severity":"FATAL","code":"57P01","file":"postgres.c","line":"3286","routine":"ProcessInterrupts","client":{"_events":{"error":[null,null,null]},"_eventsCount":1,"connectionParameters":{"user":"mercato","database":"mercato_test","port":32825,"host":"localhost","binary":false,"options":"-c idle_session_timeout=30000","ssl":false,"client_encoding":"","isDomainSocket":false,"statement_timeout":false,"lock_timeout":false,"idle_in_transaction_session_timeout":30000,"query_timeout":false,"connect_timeout":15},"user":"mercato","database":"mercato_test","port":32825,"host":"localhost","_types":{"_types":{"_types":{"arrayParser":{},"builtins":{"BOOL":16,"BYTEA":17,"CHAR":18,"INT8":20,"INT2":21,"INT4":23,"REGPROC":24,"TEXT":25,"OID":26,"TID":27,"XID":28,"CID":29,"JSON":114,"XML":142,"PG_NODE_TREE":194,"SMGR":210,"PATH":602,"POLYGON":604,"CIDR":650,"FLOAT4":700,"FLOAT8":701,"ABSTIME":702,"RELTIME":703,"TINTERVAL":704,"CIRCLE":718,"MACADDR8":774,"MONEY":790,"MACADDR":829,"INET":869,"ACLITEM":1033,"BPCHAR":1042,"VARCHAR":1043,"DATE":1082,"TIME":1083,"TIMESTAMP":1114,"TIMESTAMPTZ":1184,"INTERVAL":1186,"TIMETZ":1266,"BIT":1560,"VARBIT":1562,"NUMERIC":1700,"REFCURSOR":1790,"REGPROCEDURE":2202,"REGOPER":2203,"REGOPERATOR":2204,"REGCLASS":2205,"REGTYPE":2206,"UUID":2950,"TXID_SNAPSHOT":2970,"PG_LSN":3220,"PG_NDISTINCT":3361,"PG_DEPENDENCIES":3402,"TSVECTOR":3614,"TSQUERY":3615,"GTSVECTOR":3642,"REGCONFIG":3734,"REGDICTIONARY":3769,"JSONB":3802,"REGNAMESPACE":4089,"REGROLE":4096}},"text":{},"binary":{}},"text":{},"binary":{}},"_ending":true,"_ended":false,"_connecting":false,"_connected":true,"_connectionError":false,"_queryable":false,"_activeQuery":null,"_txStatus":"I","enableChannelBinding":false,"scramMaxIterations":100000,"connection":{"_events":{"end":[null,null]},"_eventsCount":23,"stream":{"connecting":false,"_hadError":false,"_parent":null,"_host":"localhost","_closeAfterHandlingError":false,"_events":{"end":[null,null]},"_readableState":{"highWaterMark":65536,"buffer":[],"bufferIndex":0,"length":0,"pipes":[],"awaitDrainWriters":null},"_writableState":{"highWaterMark":65536,"length":0,"corked":0,"writelen":0,"bufferedIndex":0,"pendingcb":0},"allowHalfOpen":false,"_eventsCount":4,"_sockname":null,"_pendingData":null,"_pendingEncoding":"","server":null,"_server":null,"autoSelectFamilyAttemptedAddresses":["::1:32825"]},"_keepAlive":false,"_keepAliveInitialDelayMillis":0,"parsedStatements":{},"ssl":false,"sslNegotiation":"postgres","_ending":false,"_emitMessage":false,"_connecting":true},"_queryQueue":[],"binary":false,"processID":455,"secretKey":2062534535,"ssl":false,"sslNegotiation":"postgres","_connectionTimeoutMillis":15000,"_connectionCallback":null,"connectionTimeoutHandle":{"_idleTimeout":-1,"_idlePrev":null,"_idleNext":null,"_idleStart":65165,"_repeat":null,"_destroyed":true},"saslSession":null,"readyForQuery":true,"hasExecuted":true,"_poolUseCount":1}},"msg":"Idle pg pool client error (connection reaped/terminated)"}
{"level":40,"time":1789708997510,"pid":123473,"hostname":"cursor","name":"shared","component":"orm","err":{"type":"DatabaseError","message":"terminating connection due to administrator command","stack":"error: terminating connection due to administrator command\n    at parseErrorMessage (/workspace/node_modules/pg/node_modules/pg-protocol/dist/parser.js:305:11)\n    at Parser.handlePacket (/workspace/node_modules/pg/node_modules/pg-protocol/dist/parser.js:143:27)\n    at Parser.parse (/workspace/node_modules/pg/node_modules/pg-protocol/dist/parser.js:37:38)\n    at Socket.<anonymous> (/workspace/node_modules/pg/node_modules/pg-protocol/dist/index.js:12:42)\n    at Socket.emit (node:events:514:28)\n    at addChunk (node:internal/streams/readable:568:12)\n    at readableAddChunkPushByteMode (node:internal/streams/readable:519:3)\n    at Readable.push (node:internal/streams/readable:399:5)\n    at TCP.onStreamRead (node:internal/stream_base_commons:189:23)","length":116,"name":"error","severity":"FATAL","code":"57P01","file":"postgres.c","line":"3286","routine":"ProcessInterrupts","client":{"_events":{"error":[null,null,null]},"_eventsCount":1,"connectionParameters":{"user":"mercato","database":"mercato_test","port":32825,"host":"localhost","binary":false,"options":"-c idle_session_timeout=30000","ssl":false,"client_encoding":"","isDomainSocket":false,"statement_timeout":false,"lock_timeout":false,"idle_in_transaction_session_timeout":30000,"query_timeout":false,"connect_timeout":15},"user":"mercato","database":"mercato_test","port":32825,"host":"localhost","_types":{"_types":{"_types":{"arrayParser":{},"builtins":{"BOOL":16,"BYTEA":17,"CHAR":18,"INT8":20,"INT2":21,"INT4":23,"REGPROC":24,"TEXT":25,"OID":26,"TID":27,"XID":28,"CID":29,"JSON":114,"XML":142,"PG_NODE_TREE":194,"SMGR":210,"PATH":602,"POLYGON":604,"CIDR":650,"FLOAT4":700,"FLOAT8":701,"ABSTIME":702,"RELTIME":703,"TINTERVAL":704,"CIRCLE":718,"MACADDR8":774,"MONEY":790,"MACADDR":829,"INET":869,"ACLITEM":1033,"BPCHAR":1042,"VARCHAR":1043,"DATE":1082,"TIME":1083,"TIMESTAMP":1114,"TIMESTAMPTZ":1184,"INTERVAL":1186,"TIMETZ":1266,"BIT":1560,"VARBIT":1562,"NUMERIC":1700,"REFCURSOR":1790,"REGPROCEDURE":2202,"REGOPER":2203,"REGOPERATOR":2204,"REGCLASS":2205,"REGTYPE":2206,"UUID":2950,"TXID_SNAPSHOT":2970,"PG_LSN":3220,"PG_NDISTINCT":3361,"PG_DEPENDENCIES":3402,"TSVECTOR":3614,"TSQUERY":3615,"GTSVECTOR":3642,"REGCONFIG":3734,"REGDICTIONARY":3769,"JSONB":3802,"REGNAMESPACE":4089,"REGROLE":4096}},"text":{},"binary":{}},"text":{},"binary":{}},"_ending":true,"_ended":false,"_connecting":false,"_connected":true,"_connectionError":false,"_queryable":false,"_activeQuery":null,"_txStatus":"I","enableChannelBinding":false,"scramMaxIterations":100000,"connection":{"_events":{"end":[null,null]},"_eventsCount":23,"stream":{"connecting":false,"_hadError":false,"_parent":null,"_host":"localhost","_closeAfterHandlingError":false,"_events":{"end":[null,null]},"_readableState":{"highWaterMark":65536,"buffer":[],"bufferIndex":0,"length":0,"pipes":[],"awaitDrainWriters":null},"_writableState":{"highWaterMark":65536,"length":0,"corked":0,"writelen":0,"bufferedIndex":0,"pendingcb":0},"allowHalfOpen":false,"_eventsCount":4,"_sockname":null,"_pendingData":null,"_pendingEncoding":"","server":null,"_server":null,"autoSelectFamilyAttemptedAddresses":["::1:32825"]},"_keepAlive":false,"_keepAliveInitialDelayMillis":0,"parsedStatements":{},"ssl":false,"sslNegotiation":"postgres","_ending":true,"_emitMessage":false,"_connecting":true},"_queryQueue":[],"binary":false,"processID":437,"secretKey":1369362627,"ssl":false,"sslNegotiation":"postgres","_connectionTimeoutMillis":15000,"_connectionCallback":null,"connectionTimeoutHandle":{"_idleTimeout":-1,"_idlePrev":null,"_idleNext":null,"_idleStart":42707,"_repeat":null,"_destroyed":true},"saslSession":null,"readyForQuery":true,"hasExecuted":true,"_poolUseCount":154}},"msg":"Idle pg pool client error (connection reaped/terminated)"}
{"level":40,"time":1789708997510,"pid":123473,"hostname":"cursor","name":"shared","component":"orm","err":{"type":"DatabaseError","message":"terminating connection due to administrator command","stack":"error: terminating connection due to administrator command\n    at parseErrorMessage (/workspace/node_modules/pg/node_modules/pg-protocol/dist/parser.js:305:11)\n    at Parser.handlePacket (/workspace/node_modules/pg/node_modules/pg-protocol/dist/parser.js:143:27)\n    at Parser.parse (/workspace/node_modules/pg/node_modules/pg-protocol/dist/parser.js:37:38)\n    at Socket.<anonymous> (/workspace/node_modules/pg/node_modules/pg-protocol/dist/index.js:12:42)\n    at Socket.emit (node:events:514:28)\n    at addChunk (node:internal/streams/readable:568:12)\n    at readableAddChunkPushByteMode (node:internal/streams/readable:519:3)\n    at Readable.push (node:internal/streams/readable:399:5)\n    at TCP.onStreamRead (node:internal/stream_base_commons:189:23)","length":116,"name":"error","severity":"FATAL","code":"57P01","file":"postgres.c","line":"3286","routine":"ProcessInterrupts"},"msg":"pg client error (connection reaped/terminated)"}
{"level":40,"time":1789708997510,"pid":123473,"hostname":"cursor","name":"shared","component":"orm","err":{"type":"DatabaseError","message":"terminating connection due to administrator command","stack":"error: terminating connection due to administrator command\n    at parseErrorMessage (/workspace/node_modules/pg/node_modules/pg-protocol/dist/parser.js:305:11)\n    at Parser.handlePacket (/workspace/node_modules/pg/node_modules/pg-protocol/dist/parser.js:143:27)\n    at Parser.parse (/workspace/node_modules/pg/node_modules/pg-protocol/dist/parser.js:37:38)\n    at Socket.<anonymous> (/workspace/node_modules/pg/node_modules/pg-protocol/dist/index.js:12:42)\n    at Socket.emit (node:events:514:28)\n    at addChunk (node:internal/streams/readable:568:12)\n    at readableAddChunkPushByteMode (node:internal/streams/readable:519:3)\n    at Readable.push (node:internal/streams/readable:399:5)\n    at TCP.onStreamRead (node:internal/stream_base_commons:189:23)","length":116,"name":"error","severity":"FATAL","code":"57P01","file":"postgres.c","line":"3286","routine":"ProcessInterrupts","client":{"_events":{"error":[null,null,null]},"_eventsCount":1,"connectionParameters":{"user":"mercato","database":"mercato_test","port":32825,"host":"localhost","binary":false,"options":"-c idle_session_timeout=30000","ssl":false,"client_encoding":"","isDomainSocket":false,"statement_timeout":false,"lock_timeout":false,"idle_in_transaction_session_timeout":30000,"query_timeout":false,"connect_timeout":15},"user":"mercato","database":"mercato_test","port":32825,"host":"localhost","_types":{"_types":{"_types":{"arrayParser":{},"builtins":{"BOOL":16,"BYTEA":17,"CHAR":18,"INT8":20,"INT2":21,"INT4":23,"REGPROC":24,"TEXT":25,"OID":26,"TID":27,"XID":28,"CID":29,"JSON":114,"XML":142,"PG_NODE_TREE":194,"SMGR":210,"PATH":602,"POLYGON":604,"CIDR":650,"FLOAT4":700,"FLOAT8":701,"ABSTIME":702,"RELTIME":703,"TINTERVAL":704,"CIRCLE":718,"MACADDR8":774,"MONEY":790,"MACADDR":829,"INET":869,"ACLITEM":1033,"BPCHAR":1042,"VARCHAR":1043,"DATE":1082,"TIME":1083,"TIMESTAMP":1114,"TIMESTAMPTZ":1184,"INTERVAL":1186,"TIMETZ":1266,"BIT":1560,"VARBIT":1562,"NUMERIC":1700,"REFCURSOR":1790,"REGPROCEDURE":2202,"REGOPER":2203,"REGOPERATOR":2204,"REGCLASS":2205,"REGTYPE":2206,"UUID":2950,"TXID_SNAPSHOT":2970,"PG_LSN":3220,"PG_NDISTINCT":3361,"PG_DEPENDENCIES":3402,"TSVECTOR":3614,"TSQUERY":3615,"GTSVECTOR":3642,"REGCONFIG":3734,"REGDICTIONARY":3769,"JSONB":3802,"REGNAMESPACE":4089,"REGROLE":4096}},"text":{},"binary":{}},"text":{},"binary":{}},"_ending":true,"_ended":false,"_connecting":false,"_connected":true,"_connectionError":false,"_queryable":false,"_activeQuery":null,"_txStatus":"I","enableChannelBinding":false,"scramMaxIterations":100000,"connection":{"_events":{"end":[null,null]},"_eventsCount":23,"stream":{"connecting":false,"_hadError":false,"_parent":null,"_host":"localhost","_closeAfterHandlingError":false,"_events":{"end":[null,null]},"_readableState":{"highWaterMark":65536,"buffer":[],"bufferIndex":0,"length":0,"pipes":[],"awaitDrainWriters":null},"_writableState":{"highWaterMark":65536,"length":0,"corked":0,"writelen":0,"bufferedIndex":0,"pendingcb":0},"allowHalfOpen":false,"_eventsCount":4,"_sockname":null,"_pendingData":null,"_pendingEncoding":"","server":null,"_server":null,"autoSelectFamilyAttemptedAddresses":["::1:32825"]},"_keepAlive":false,"_keepAliveInitialDelayMillis":0,"parsedStatements":{},"ssl":false,"sslNegotiation":"postgres","_ending":false,"_emitMessage":false,"_connecting":true},"_queryQueue":[],"binary":false,"processID":450,"secretKey":436805599,"ssl":false,"sslNegotiation":"postgres","_connectionTimeoutMillis":15000,"_connectionCallback":null,"connectionTimeoutHandle":{"_idleTimeout":-1,"_idlePrev":null,"_idleNext":null,"_idleStart":64882,"_repeat":null,"_destroyed":true},"saslSession":null,"readyForQuery":true,"hasExecuted":true,"_poolUseCount":1}},"msg":"Idle pg pool client error (connection reaped/terminated)"}
{"level":40,"time":1789708997512,"pid":123473,"hostname":"cursor","name":"shared","component":"orm","err":{"type":"DatabaseError","message":"terminating connection due to administrator command","stack":"error: terminating connection due to administrator command\n    at parseErrorMessage (/workspace/node_modules/pg/node_modules/pg-protocol/dist/parser.js:305:11)\n    at Parser.handlePacket (/workspace/node_modules/pg/node_modules/pg-protocol/dist/parser.js:143:27)\n    at Parser.parse (/workspace/node_modules/pg/node_modules/pg-protocol/dist/parser.js:37:38)\n    at Socket.<anonymous> (/workspace/node_modules/pg/node_modules/pg-protocol/dist/index.js:12:42)\n    at Socket.emit (node:events:514:28)\n    at addChunk (node:internal/streams/readable:568:12)\n    at readableAddChunkPushByteMode (node:internal/streams/readable:519:3)\n    at Readable.push (node:internal/streams/readable:399:5)\n    at TCP.onStreamRead (node:internal/stream_base_commons:189:23)","length":116,"name":"error","severity":"FATAL","code":"57P01","file":"postgres.c","line":"3286","routine":"ProcessInterrupts"},"msg":"pg client error (connection reaped/terminated)"}
{"level":40,"time":1789708997512,"pid":123473,"hostname":"cursor","name":"shared","component":"orm","err":{"type":"DatabaseError","message":"terminating connection due to administrator command","stack":"error: terminating connection due to administrator command\n    at parseErrorMessage (/workspace/node_modules/pg/node_modules/pg-protocol/dist/parser.js:305:11)\n    at Parser.handlePacket (/workspace/node_modules/pg/node_modules/pg-protocol/dist/parser.js:143:27)\n    at Parser.parse (/workspace/node_modules/pg/node_modules/pg-protocol/dist/parser.js:37:38)\n    at Socket.<anonymous> (/workspace/node_modules/pg/node_modules/pg-protocol/dist/index.js:12:42)\n    at Socket.emit (node:events:514:28)\n    at addChunk (node:internal/streams/readable:568:12)\n    at readableAddChunkPushByteMode (node:internal/streams/readable:519:3)\n    at Readable.push (node:internal/streams/readable:399:5)\n    at TCP.onStreamRead (node:internal/stream_base_commons:189:23)","length":116,"name":"error","severity":"FATAL","code":"57P01","file":"postgres.c","line":"3286","routine":"ProcessInterrupts","client":{"_events":{"error":[null,null,null]},"_eventsCount":1,"connectionParameters":{"user":"mercato","database":"mercato_test","port":32825,"host":"localhost","binary":false,"options":"-c idle_session_timeout=30000","ssl":false,"client_encoding":"","isDomainSocket":false,"statement_timeout":false,"lock_timeout":false,"idle_in_transaction_session_timeout":30000,"query_timeout":false,"connect_timeout":15},"user":"mercato","database":"mercato_test","port":32825,"host":"localhost","_types":{"_types":{"_types":{"arrayParser":{},"builtins":{"BOOL":16,"BYTEA":17,"CHAR":18,"INT8":20,"INT2":21,"INT4":23,"REGPROC":24,"TEXT":25,"OID":26,"TID":27,"XID":28,"CID":29,"JSON":114,"XML":142,"PG_NODE_TREE":194,"SMGR":210,"PATH":602,"POLYGON":604,"CIDR":650,"FLOAT4":700,"FLOAT8":701,"ABSTIME":702,"RELTIME":703,"TINTERVAL":704,"CIRCLE":718,"MACADDR8":774,"MONEY":790,"MACADDR":829,"INET":869,"ACLITEM":1033,"BPCHAR":1042,"VARCHAR":1043,"DATE":1082,"TIME":1083,"TIMESTAMP":1114,"TIMESTAMPTZ":1184,"INTERVAL":1186,"TIMETZ":1266,"BIT":1560,"VARBIT":1562,"NUMERIC":1700,"REFCURSOR":1790,"REGPROCEDURE":2202,"REGOPER":2203,"REGOPERATOR":2204,"REGCLASS":2205,"REGTYPE":2206,"UUID":2950,"TXID_SNAPSHOT":2970,"PG_LSN":3220,"PG_NDISTINCT":3361,"PG_DEPENDENCIES":3402,"TSVECTOR":3614,"TSQUERY":3615,"GTSVECTOR":3642,"REGCONFIG":3734,"REGDICTIONARY":3769,"JSONB":3802,"REGNAMESPACE":4089,"REGROLE":4096}},"text":{},"binary":{}},"text":{},"binary":{}},"_ending":true,"_ended":false,"_connecting":false,"_connected":true,"_connectionError":false,"_queryable":false,"_activeQuery":null,"_txStatus":"I","enableChannelBinding":false,"scramMaxIterations":100000,"connection":{"_events":{"end":[null,null]},"_eventsCount":23,"stream":{"connecting":false,"_hadError":false,"_parent":null,"_host":"localhost","_closeAfterHandlingError":false,"_events":{"end":[null,null]},"_readableState":{"highWaterMark":65536,"buffer":[],"bufferIndex":0,"length":0,"pipes":[],"awaitDrainWriters":null},"_writableState":{"highWaterMark":65536,"length":0,"corked":0,"writelen":0,"bufferedIndex":0,"pendingcb":0},"allowHalfOpen":false,"_eventsCount":4,"_sockname":null,"_pendingData":null,"_pendingEncoding":"","server":null,"_server":null,"autoSelectFamilyAttemptedAddresses":["::1:32825"]},"_keepAlive":false,"_keepAliveInitialDelayMillis":0,"parsedStatements":{},"ssl":false,"sslNegotiation":"postgres","_ending":false,"_emitMessage":false,"_connecting":true},"_queryQueue":[],"binary":false,"processID":449,"secretKey":-1075723716,"ssl":false,"sslNegotiation":"postgres","_connectionTimeoutMillis":15000,"_connectionCallback":null,"connectionTimeoutHandle":{"_idleTimeout":-1,"_idlePrev":null,"_idleNext":null,"_idleStart":64882,"_repeat":null,"_destroyed":true},"saslSession":null,"readyForQuery":true,"hasExecuted":true,"_poolUseCount":15}},"msg":"Idle pg pool client error (connection reaped/terminated)"}
{"level":40,"time":1789708998513,"pid":123473,"hostname":"cursor","name":"events","err":{"type":"AggregateError","message":"","stack":"AggregateError: \n    at internalConnectMultiple (node:net:1430:18)\n    at afterConnectMultiple (node:net:2099:7)","aggregateErrors":[{"type":"Error","message":"connect ECONNREFUSED ::1:32825","stack":"Error: connect ECONNREFUSED ::1:32825\n    at createConnectionError (node:net:2062:14)\n    at afterConnectMultiple (node:net:2092:16)","errno":-111,"code":"ECONNREFUSED","syscall":"connect","address":"::1","port":32825},{"type":"Error","message":"connect ECONNREFUSED 127.0.0.1:32825","stack":"Error: connect ECONNREFUSED 127.0.0.1:32825\n    at createConnectionError (node:net:2062:14)\n    at afterConnectMultiple (node:net:2092:16)","errno":-111,"code":"ECONNREFUSED","syscall":"connect","address":"127.0.0.1","port":32825}],"code":"ECONNREFUSED"},"msg":"Cross-process event bridge listener failed"}
{"level":40,"time":1789708999514,"pid":123473,"hostname":"cursor","name":"events","err":{"type":"AggregateError","message":"","stack":"AggregateError: \n    at internalConnectMultiple (node:net:1430:18)\n    at afterConnectMultiple (node:net:2099:7)","aggregateErrors":[{"type":"Error","message":"connect ECONNREFUSED ::1:32825","stack":"Error: connect ECONNREFUSED ::1:32825\n    at createConnectionError (node:net:2062:14)\n    at afterConnectMultiple (node:net:2092:16)","errno":-111,"code":"ECONNREFUSED","syscall":"connect","address":"::1","port":32825},{"type":"Error","message":"connect ECONNREFUSED 127.0.0.1:32825","stack":"Error: connect ECONNREFUSED 127.0.0.1:32825\n    at createConnectionError (node:net:2062:14)\n    at afterConnectMultiple (node:net:2092:16)","errno":-111,"code":"ECONNREFUSED","syscall":"connect","address":"127.0.0.1","port":32825}],"code":"ECONNREFUSED"},"msg":"Cross-process event bridge listener failed"}
{"level":40,"time":1789709000516,"pid":123473,"hostname":"cursor","name":"events","err":{"type":"AggregateError","message":"","stack":"AggregateError: \n    at internalConnectMultiple (node:net:1430:18)\n    at afterConnectMultiple (node:net:2099:7)","aggregateErrors":[{"type":"Error","message":"connect ECONNREFUSED ::1:32825","stack":"Error: connect ECONNREFUSED ::1:32825\n    at createConnectionError (node:net:2062:14)\n    at afterConnectMultiple (node:net:2092:16)","errno":-111,"code":"ECONNREFUSED","syscall":"connect","address":"::1","port":32825},{"type":"Error","message":"connect ECONNREFUSED 127.0.0.1:32825","stack":"Error: connect ECONNREFUSED 127.0.0.1:32825\n    at createConnectionError (node:net:2062:14)\n    at afterConnectMultiple (node:net:2092:16)","errno":-111,"code":"ECONNREFUSED","syscall":"connect","address":"127.0.0.1","port":32825}],"code":"ECONNREFUSED"},"msg":"Cross-process event bridge listener failed"}
{"level":40,"time":1789709001518,"pid":123473,"hostname":"cursor","name":"events","err":{"type":"AggregateError","message":"","stack":"AggregateError: \n    at internalConnectMultiple (node:net:1430:18)\n    at afterConnectMultiple (node:net:2099:7)","aggregateErrors":[{"type":"Error","message":"connect ECONNREFUSED ::1:32825","stack":"Error: connect ECONNREFUSED ::1:32825\n    at createConnectionError (node:net:2062:14)\n    at afterConnectMultiple (node:net:2092:16)","errno":-111,"code":"ECONNREFUSED","syscall":"connect","address":"::1","port":32825},{"type":"Error","message":"connect ECONNREFUSED 127.0.0.1:32825","stack":"Error: connect ECONNREFUSED 127.0.0.1:32825\n    at createConnectionError (node:net:2062:14)\n    at afterConnectMultiple (node:net:2092:16)","errno":-111,"code":"ECONNREFUSED","syscall":"connect","address":"127.0.0.1","port":32825}],"code":"ECONNREFUSED"},"msg":"Cross-process event bridge listener failed"}
{"level":40,"time":1789709002519,"pid":123473,"hostname":"cursor","name":"events","err":{"type":"AggregateError","message":"","stack":"AggregateError: \n    at internalConnectMultiple (node:net:1430:18)\n    at afterConnectMultiple (node:net:2099:7)","aggregateErrors":[{"type":"Error","message":"connect ECONNREFUSED ::1:32825","stack":"Error: connect ECONNREFUSED ::1:32825\n    at createConnectionError (node:net:2062:14)\n    at afterConnectMultiple (node:net:2092:16)","errno":-111,"code":"ECONNREFUSED","syscall":"connect","address":"::1","port":32825},{"type":"Error","message":"connect ECONNREFUSED 127.0.0.1:32825","stack":"Error: connect ECONNREFUSED 127.0.0.1:32825\n    at createConnectionError (node:net:2062:14)\n    at afterConnectMultiple (node:net:2092:16)","errno":-111,"code":"ECONNREFUSED","syscall":"connect","address":"127.0.0.1","port":32825}],"code":"ECONNREFUSED"},"msg":"Cross-process event bridge listener failed"}
{"level":40,"time":1789709003521,"pid":123473,"hostname":"cursor","name":"events","err":{"type":"AggregateError","message":"","stack":"AggregateError: \n    at internalConnectMultiple (node:net:1430:18)\n    at afterConnectMultiple (node:net:2099:7)","aggregateErrors":[{"type":"Error","message":"connect ECONNREFUSED ::1:32825","stack":"Error: connect ECONNREFUSED ::1:32825\n    at createConnectionError (node:net:2062:14)\n    at afterConnectMultiple (node:net:2092:16)","errno":-111,"code":"ECONNREFUSED","syscall":"connect","address":"::1","port":32825},{"type":"Error","message":"connect ECONNREFUSED 127.0.0.1:32825","stack":"Error: connect ECONNREFUSED 127.0.0.1:32825\n    at createConnectionError (node:net:2062:14)\n    at afterConnectMultiple (node:net:2092:16)","errno":-111,"code":"ECONNREFUSED","syscall":"connect","address":"127.0.0.1","port":32825}],"code":"ECONNREFUSED"},"msg":"Cross-process event bridge listener failed"}
{"level":40,"time":1789709004524,"pid":123473,"hostname":"cursor","name":"events","err":{"type":"AggregateError","message":"","stack":"AggregateError: \n    at internalConnectMultiple (node:net:1430:18)\n    at afterConnectMultiple (node:net:2099:7)","aggregateErrors":[{"type":"Error","message":"connect ECONNREFUSED ::1:32825","stack":"Error: connect ECONNREFUSED ::1:32825\n    at createConnectionError (node:net:2062:14)\n    at afterConnectMultiple (node:net:2092:16)","errno":-111,"code":"ECONNREFUSED","syscall":"connect","address":"::1","port":32825},{"type":"Error","message":"connect ECONNREFUSED 127.0.0.1:32825","stack":"Error: connect ECONNREFUSED 127.0.0.1:32825\n    at createConnectionError (node:net:2062:14)\n    at afterConnectMultiple (node:net:2092:16)","errno":-111,"code":"ECONNREFUSED","syscall":"connect","address":"127.0.0.1","port":32825}],"code":"ECONNREFUSED"},"msg":"Cross-process event bridge listener failed"}
{"level":40,"time":1789709005527,"pid":123473,"hostname":"cursor","name":"events","err":{"type":"AggregateError","message":"","stack":"AggregateError: \n    at internalConnectMultiple (node:net:1430:18)\n    at afterConnectMultiple (node:net:2099:7)","aggregateErrors":[{"type":"Error","message":"connect ECONNREFUSED ::1:32825","stack":"Error: connect ECONNREFUSED ::1:32825\n    at createConnectionError (node:net:2062:14)\n    at afterConnectMultiple (node:net:2092:16)","errno":-111,"code":"ECONNREFUSED","syscall":"connect","address":"::1","port":32825},{"type":"Error","message":"connect ECONNREFUSED 127.0.0.1:32825","stack":"Error: connect ECONNREFUSED 127.0.0.1:32825\n    at createConnectionError (node:net:2062:14)\n    at afterConnectMultiple (node:net:2092:16)","errno":-111,"code":"ECONNREFUSED","syscall":"connect","address":"127.0.0.1","port":32825}],"code":"ECONNREFUSED"},"msg":"Cross-process event bridge listener failed"}
{"level":40,"time":1789709006529,"pid":123473,"hostname":"cursor","name":"events","err":{"type":"AggregateError","message":"","stack":"AggregateError: \n    at internalConnectMultiple (node:net:1430:18)\n    at afterConnectMultiple (node:net:2099:7)","aggregateErrors":[{"type":"Error","message":"connect ECONNREFUSED ::1:32825","stack":"Error: connect ECONNREFUSED ::1:32825\n    at createConnectionError (node:net:2062:14)\n    at afterConnectMultiple (node:net:2092:16)","errno":-111,"code":"ECONNREFUSED","syscall":"connect","address":"::1","port":32825},{"type":"Error","message":"connect ECONNREFUSED 127.0.0.1:32825","stack":"Error: connect ECONNREFUSED 127.0.0.1:32825\n    at createConnectionError (node:net:2062:14)\n    at afterConnectMultiple (node:net:2092:16)","errno":-111,"code":"ECONNREFUSED","syscall":"connect","address":"127.0.0.1","port":32825}],"code":"ECONNREFUSED"},"msg":"Cross-process event bridge listener failed"}
{"level":40,"time":1789709007531,"pid":123473,"hostname":"cursor","name":"events","err":{"type":"AggregateError","message":"","stack":"AggregateError: \n    at internalConnectMultiple (node:net:1430:18)\n    at afterConnectMultiple (node:net:2099:7)","aggregateErrors":[{"type":"Error","message":"connect ECONNREFUSED ::1:32825","stack":"Error: connect ECONNREFUSED ::1:32825\n    at createConnectionError (node:net:2062:14)\n    at afterConnectMultiple (node:net:2092:16)","errno":-111,"code":"ECONNREFUSED","syscall":"connect","address":"::1","port":32825},{"type":"Error","message":"connect ECONNREFUSED 127.0.0.1:32825","stack":"Error: connect ECONNREFUSED 127.0.0.1:32825\n    at createConnectionError (node:net:2062:14)\n    at afterConnectMultiple (node:net:2092:16)","errno":-111,"code":"ECONNREFUSED","syscall":"connect","address":"127.0.0.1","port":32825}],"code":"ECONNREFUSED"},"msg":"Cross-process event bridge listener failed"}
{"level":40,"time":1789709008532,"pid":123473,"hostname":"cursor","name":"events","err":{"type":"AggregateError","message":"","stack":"AggregateError: \n    at internalConnectMultiple (node:net:1430:18)\n    at afterConnectMultiple (node:net:2099:7)","aggregateErrors":[{"type":"Error","message":"connect ECONNREFUSED ::1:32825","stack":"Error: connect ECONNREFUSED ::1:32825\n    at createConnectionError (node:net:2062:14)\n    at afterConnectMultiple (node:net:2092:16)","errno":-111,"code":"ECONNREFUSED","syscall":"connect","address":"::1","port":32825},{"type":"Error","message":"connect ECONNREFUSED 127.0.0.1:32825","stack":"Error: connect ECONNREFUSED 127.0.0.1:32825\n    at createConnectionError (node:net:2062:14)\n    at afterConnectMultiple (node:net:2092:16)","errno":-111,"code":"ECONNREFUSED","syscall":"connect","address":"127.0.0.1","port":32825}],"code":"ECONNREFUSED"},"msg":"Cross-process event bridge listener failed"}
{"level":40,"time":1789709009533,"pid":123473,"hostname":"cursor","name":"events","err":{"type":"AggregateError","message":"","stack":"AggregateError: \n    at internalConnectMultiple (node:net:1430:18)\n    at afterConnectMultiple (node:net:2099:7)","aggregateErrors":[{"type":"Error","message":"connect ECONNREFUSED ::1:32825","stack":"Error: connect ECONNREFUSED ::1:32825\n    at createConnectionError (node:net:2062:14)\n    at afterConnectMultiple (node:net:2092:16)","errno":-111,"code":"ECONNREFUSED","syscall":"connect","address":"::1","port":32825},{"type":"Error","message":"connect ECONNREFUSED 127.0.0.1:32825","stack":"Error: connect ECONNREFUSED 127.0.0.1:32825\n    at createConnectionError (node:net:2062:14)\n    at afterConnectMultiple (node:net:2092:16)","errno":-111,"code":"ECONNREFUSED","syscall":"connect","address":"127.0.0.1","port":32825}],"code":"ECONNREFUSED"},"msg":"Cross-process event bridge listener failed"}
{"level":40,"time":1789709010535,"pid":123473,"hostname":"cursor","name":"events","err":{"type":"AggregateError","message":"","stack":"AggregateError: \n    at internalConnectMultiple (node:net:1430:18)\n    at afterConnectMultiple (node:net:2099:7)","aggregateErrors":[{"type":"Error","message":"connect ECONNREFUSED ::1:32825","stack":"Error: connect ECONNREFUSED ::1:32825\n    at createConnectionError (node:net:2062:14)\n    at afterConnectMultiple (node:net:2092:16)","errno":-111,"code":"ECONNREFUSED","syscall":"connect","address":"::1","port":32825},{"type":"Error","message":"connect ECONNREFUSED 127.0.0.1:32825","stack":"Error: connect ECONNREFUSED 127.0.0.1:32825\n    at createConnectionError (node:net:2062:14)\n    at afterConnectMultiple (node:net:2092:16)","errno":-111,"code":"ECONNREFUSED","syscall":"connect","address":"127.0.0.1","port":32825}],"code":"ECONNREFUSED"},"msg":"Cross-process event bridge listener failed"}
{"level":40,"time":1789709011537,"pid":123473,"hostname":"cursor","name":"events","err":{"type":"AggregateError","message":"","stack":"AggregateError: \n    at internalConnectMultiple (node:net:1430:18)\n    at afterConnectMultiple (node:net:2099:7)","aggregateErrors":[{"type":"Error","message":"connect ECONNREFUSED ::1:32825","stack":"Error: connect ECONNREFUSED ::1:32825\n    at createConnectionError (node:net:2062:14)\n    at afterConnectMultiple (node:net:2092:16)","errno":-111,"code":"ECONNREFUSED","syscall":"connect","address":"::1","port":32825},{"type":"Error","message":"connect ECONNREFUSED 127.0.0.1:32825","stack":"Error: connect ECONNREFUSED 127.0.0.1:32825\n    at createConnectionError (node:net:2062:14)\n    at afterConnectMultiple (node:net:2092:16)","errno":-111,"code":"ECONNREFUSED","syscall":"connect","address":"127.0.0.1","port":32825}],"code":"ECONNREFUSED"},"msg":"Cross-process event bridge listener failed"}
{"level":40,"time":1789709012538,"pid":123473,"hostname":"cursor","name":"events","err":{"type":"AggregateError","message":"","stack":"AggregateError: \n    at internalConnectMultiple (node:net:1430:18)\n    at afterConnectMultiple (node:net:2099:7)","aggregateErrors":[{"type":"Error","message":"connect ECONNREFUSED ::1:32825","stack":"Error: connect ECONNREFUSED ::1:32825\n    at createConnectionError (node:net:2062:14)\n    at afterConnectMultiple (node:net:2092:16)","errno":-111,"code":"ECONNREFUSED","syscall":"connect","address":"::1","port":32825},{"type":"Error","message":"connect ECONNREFUSED 127.0.0.1:32825","stack":"Error: connect ECONNREFUSED 127.0.0.1:32825\n    at createConnectionError (node:net:2062:14)\n    at afterConnectMultiple (node:net:2092:16)","errno":-111,"code":"ECONNREFUSED","syscall":"connect","address":"127.0.0.1","port":32825}],"code":"ECONNREFUSED"},"msg":"Cross-process event bridge listener failed"}
{"level":40,"time":1789709013540,"pid":123473,"hostname":"cursor","name":"events","err":{"type":"AggregateError","message":"","stack":"AggregateError: \n    at internalConnectMultiple (node:net:1430:18)\n    at afterConnectMultiple (node:net:2099:7)","aggregateErrors":[{"type":"Error","message":"connect ECONNREFUSED ::1:32825","stack":"Error: connect ECONNREFUSED ::1:32825\n    at createConnectionError (node:net:2062:14)\n    at afterConnectMultiple (node:net:2092:16)","errno":-111,"code":"ECONNREFUSED","syscall":"connect","address":"::1","port":32825},{"type":"Error","message":"connect ECONNREFUSED 127.0.0.1:32825","stack":"Error: connect ECONNREFUSED 127.0.0.1:32825\n    at createConnectionError (node:net:2062:14)\n    at afterConnectMultiple (node:net:2092:16)","errno":-111,"code":"ECONNREFUSED","syscall":"connect","address":"127.0.0.1","port":32825}],"code":"ECONNREFUSED"},"msg":"Cross-process event bridge listener failed"}
{"level":40,"time":1789709014542,"pid":123473,"hostname":"cursor","name":"events","err":{"type":"AggregateError","message":"","stack":"AggregateError: \n    at internalConnectMultiple (node:net:1430:18)\n    at afterConnectMultiple (node:net:2099:7)","aggregateErrors":[{"type":"Error","message":"connect ECONNREFUSED ::1:32825","stack":"Error: connect ECONNREFUSED ::1:32825\n    at createConnectionError (node:net:2062:14)\n    at afterConnectMultiple (node:net:2092:16)","errno":-111,"code":"ECONNREFUSED","syscall":"connect","address":"::1","port":32825},{"type":"Error","message":"connect ECONNREFUSED 127.0.0.1:32825","stack":"Error: connect ECONNREFUSED 127.0.0.1:32825\n    at createConnectionError (node:net:2062:14)\n    at afterConnectMultiple (node:net:2092:16)","errno":-111,"code":"ECONNREFUSED","syscall":"connect","address":"127.0.0.1","port":32825}],"code":"ECONNREFUSED"},"msg":"Cross-process event bridge listener failed"}
{"level":40,"time":1789709015544,"pid":123473,"hostname":"cursor","name":"events","err":{"type":"AggregateError","message":"","stack":"AggregateError: \n    at internalConnectMultiple (node:net:1430:18)\n    at afterConnectMultiple (node:net:2099:7)","aggregateErrors":[{"type":"Error","message":"connect ECONNREFUSED ::1:32825","stack":"Error: connect ECONNREFUSED ::1:32825\n    at createConnectionError (node:net:2062:14)\n    at afterConnectMultiple (node:net:2092:16)","errno":-111,"code":"ECONNREFUSED","syscall":"connect","address":"::1","port":32825},{"type":"Error","message":"connect ECONNREFUSED 127.0.0.1:32825","stack":"Error: connect ECONNREFUSED 127.0.0.1:32825\n    at createConnectionError (node:net:2062:14)\n    at afterConnectMultiple (node:net:2092:16)","errno":-111,"code":"ECONNREFUSED","syscall":"connect","address":"127.0.0.1","port":32825}],"code":"ECONNREFUSED"},"msg":"Cross-process event bridge listener failed"}
{"level":40,"time":1789709016546,"pid":123473,"hostname":"cursor","name":"events","err":{"type":"AggregateError","message":"","stack":"AggregateError: \n    at internalConnectMultiple (node:net:1430:18)\n    at afterConnectMultiple (node:net:2099:7)","aggregateErrors":[{"type":"Error","message":"connect ECONNREFUSED ::1:32825","stack":"Error: connect ECONNREFUSED ::1:32825\n    at createConnectionError (node:net:2062:14)\n    at afterConnectMultiple (node:net:2092:16)","errno":-111,"code":"ECONNREFUSED","syscall":"connect","address":"::1","port":32825},{"type":"Error","message":"connect ECONNREFUSED 127.0.0.1:32825","stack":"Error: connect ECONNREFUSED 127.0.0.1:32825\n    at createConnectionError (node:net:2062:14)\n    at afterConnectMultiple (node:net:2092:16)","errno":-111,"code":"ECONNREFUSED","syscall":"connect","address":"127.0.0.1","port":32825}],"code":"ECONNREFUSED"},"msg":"Cross-process event bridge listener failed"}
{"level":40,"time":1789709017548,"pid":123473,"hostname":"cursor","name":"events","err":{"type":"AggregateError","message":"","stack":"AggregateError: \n    at internalConnectMultiple (node:net:1430:18)\n    at afterConnectMultiple (node:net:2099:7)","aggregateErrors":[{"type":"Error","message":"connect ECONNREFUSED ::1:32825","stack":"Error: connect ECONNREFUSED ::1:32825\n    at createConnectionError (node:net:2062:14)\n    at afterConnectMultiple (node:net:2092:16)","errno":-111,"code":"ECONNREFUSED","syscall":"connect","address":"::1","port":32825},{"type":"Error","message":"connect ECONNREFUSED 127.0.0.1:32825","stack":"Error: connect ECONNREFUSED 127.0.0.1:32825\n    at createConnectionError (node:net:2062:14)\n    at afterConnectMultiple (node:net:2092:16)","errno":-111,"code":"ECONNREFUSED","syscall":"connect","address":"127.0.0.1","port":32825}],"code":"ECONNREFUSED"},"msg":"Cross-process event bridge listener failed"}
{"level":40,"time":1789709018550,"pid":123473,"hostname":"cursor","name":"events","err":{"type":"AggregateError","message":"","stack":"AggregateError: \n    at internalConnectMultiple (node:net:1430:18)\n    at afterConnectMultiple (node:net:2099:7)","aggregateErrors":[{"type":"Error","message":"connect ECONNREFUSED ::1:32825","stack":"Error: connect ECONNREFUSED ::1:32825\n    at createConnectionError (node:net:2062:14)\n    at afterConnectMultiple (node:net:2092:16)","errno":-111,"code":"ECONNREFUSED","syscall":"connect","address":"::1","port":32825},{"type":"Error","message":"connect ECONNREFUSED 127.0.0.1:32825","stack":"Error: connect ECONNREFUSED 127.0.0.1:32825\n    at createConnectionError (node:net:2062:14)\n    at afterConnectMultiple (node:net:2092:16)","errno":-111,"code":"ECONNREFUSED","syscall":"connect","address":"127.0.0.1","port":32825}],"code":"ECONNREFUSED"},"msg":"Cross-process event bridge listener failed"}
{"level":40,"time":1789709019552,"pid":123473,"hostname":"cursor","name":"events","err":{"type":"AggregateError","message":"","stack":"AggregateError: \n    at internalConnectMultiple (node:net:1430:18)\n    at afterConnectMultiple (node:net:2099:7)","aggregateErrors":[{"type":"Error","message":"connect ECONNREFUSED ::1:32825","stack":"Error: connect ECONNREFUSED ::1:32825\n    at createConnectionError (node:net:2062:14)\n    at afterConnectMultiple (node:net:2092:16)","errno":-111,"code":"ECONNREFUSED","syscall":"connect","address":"::1","port":32825},{"type":"Error","message":"connect ECONNREFUSED 127.0.0.1:32825","stack":"Error: connect ECONNREFUSED 127.0.0.1:32825\n    at createConnectionError (node:net:2062:14)\n    at afterConnectMultiple (node:net:2092:16)","errno":-111,"code":"ECONNREFUSED","syscall":"connect","address":"127.0.0.1","port":32825}],"code":"ECONNREFUSED"},"msg":"Cross-process event bridge listener failed"}
{"level":40,"time":1789709020554,"pid":123473,"hostname":"cursor","name":"events","err":{"type":"AggregateError","message":"","stack":"AggregateError: \n    at internalConnectMultiple (node:net:1430:18)\n    at afterConnectMultiple (node:net:2099:7)","aggregateErrors":[{"type":"Error","message":"connect ECONNREFUSED ::1:32825","stack":"Error: connect ECONNREFUSED ::1:32825\n    at createConnectionError (node:net:2062:14)\n    at afterConnectMultiple (node:net:2092:16)","errno":-111,"code":"ECONNREFUSED","syscall":"connect","address":"::1","port":32825},{"type":"Error","message":"connect ECONNREFUSED 127.0.0.1:32825","stack":"Error: connect ECONNREFUSED 127.0.0.1:32825\n    at createConnectionError (node:net:2062:14)\n    at afterConnectMultiple (node:net:2092:16)","errno":-111,"code":"ECONNREFUSED","syscall":"connect","address":"127.0.0.1","port":32825}],"code":"ECONNREFUSED"},"msg":"Cross-process event bridge listener failed"}
{"level":40,"time":1789709021556,"pid":123473,"hostname":"cursor","name":"events","err":{"type":"AggregateError","message":"","stack":"AggregateError: \n    at internalConnectMultiple (node:net:1430:18)\n    at afterConnectMultiple (node:net:2099:7)","aggregateErrors":[{"type":"Error","message":"connect ECONNREFUSED ::1:32825","stack":"Error: connect ECONNREFUSED ::1:32825\n    at createConnectionError (node:net:2062:14)\n    at afterConnectMultiple (node:net:2092:16)","errno":-111,"code":"ECONNREFUSED","syscall":"connect","address":"::1","port":32825},{"type":"Error","message":"connect ECONNREFUSED 127.0.0.1:32825","stack":"Error: connect ECONNREFUSED 127.0.0.1:32825\n    at createConnectionError (node:net:2062:14)\n    at afterConnectMultiple (node:net:2092:16)","errno":-111,"code":"ECONNREFUSED","syscall":"connect","address":"127.0.0.1","port":32825}],"code":"ECONNREFUSED"},"msg":"Cross-process event bridge listener failed"}
{"level":40,"time":1789709022558,"pid":123473,"hostname":"cursor","name":"events","err":{"type":"AggregateError","message":"","stack":"AggregateError: \n    at internalConnectMultiple (node:net:1430:18)\n    at afterConnectMultiple (node:net:2099:7)","aggregateErrors":[{"type":"Error","message":"connect ECONNREFUSED ::1:32825","stack":"Error: connect ECONNREFUSED ::1:32825\n    at createConnectionError (node:net:2062:14)\n    at afterConnectMultiple (node:net:2092:16)","errno":-111,"code":"ECONNREFUSED","syscall":"connect","address":"::1","port":32825},{"type":"Error","message":"connect ECONNREFUSED 127.0.0.1:32825","stack":"Error: connect ECONNREFUSED 127.0.0.1:32825\n    at createConnectionError (node:net:2062:14)\n    at afterConnectMultiple (node:net:2092:16)","errno":-111,"code":"ECONNREFUSED","syscall":"connect","address":"127.0.0.1","port":32825}],"code":"ECONNREFUSED"},"msg":"Cross-process event bridge listener failed"}
{"level":40,"time":1789709023560,"pid":123473,"hostname":"cursor","name":"events","err":{"type":"AggregateError","message":"","stack":"AggregateError: \n    at internalConnectMultiple (node:net:1430:18)\n    at afterConnectMultiple (node:net:2099:7)","aggregateErrors":[{"type":"Error","message":"connect ECONNREFUSED ::1:32825","stack":"Error: connect ECONNREFUSED ::1:32825\n    at createConnectionError (node:net:2062:14)\n    at afterConnectMultiple (node:net:2092:16)","errno":-111,"code":"ECONNREFUSED","syscall":"connect","address":"::1","port":32825},{"type":"Error","message":"connect ECONNREFUSED 127.0.0.1:32825","stack":"Error: connect ECONNREFUSED 127.0.0.1:32825\n    at createConnectionError (node:net:2062:14)\n    at afterConnectMultiple (node:net:2092:16)","errno":-111,"code":"ECONNREFUSED","syscall":"connect","address":"127.0.0.1","port":32825}],"code":"ECONNREFUSED"},"msg":"Cross-process event bridge listener failed"}
{"level":40,"time":1789709024563,"pid":123473,"hostname":"cursor","name":"events","err":{"type":"AggregateError","message":"","stack":"AggregateError: \n    at internalConnectMultiple (node:net:1430:18)\n    at afterConnectMultiple (node:net:2099:7)","aggregateErrors":[{"type":"Error","message":"connect ECONNREFUSED ::1:32825","stack":"Error: connect ECONNREFUSED ::1:32825\n    at createConnectionError (node:net:2062:14)\n    at afterConnectMultiple (node:net:2092:16)","errno":-111,"code":"ECONNREFUSED","syscall":"connect","address":"::1","port":32825},{"type":"Error","message":"connect ECONNREFUSED 127.0.0.1:32825","stack":"Error: connect ECONNREFUSED 127.0.0.1:32825\n    at createConnectionError (node:net:2062:14)\n    at afterConnectMultiple (node:net:2092:16)","errno":-111,"code":"ECONNREFUSED","syscall":"connect","address":"127.0.0.1","port":32825}],"code":"ECONNREFUSED"},"msg":"Cross-process event bridge listener failed"}
{"level":40,"time":1789709025565,"pid":123473,"hostname":"cursor","name":"events","err":{"type":"AggregateError","message":"","stack":"AggregateError: \n    at internalConnectMultiple (node:net:1430:18)\n    at afterConnectMultiple (node:net:2099:7)","aggregateErrors":[{"type":"Error","message":"connect ECONNREFUSED ::1:32825","stack":"Error: connect ECONNREFUSED ::1:32825\n    at createConnectionError (node:net:2062:14)\n    at afterConnectMultiple (node:net:2092:16)","errno":-111,"code":"ECONNREFUSED","syscall":"connect","address":"::1","port":32825},{"type":"Error","message":"connect ECONNREFUSED 127.0.0.1:32825","stack":"Error: connect ECONNREFUSED 127.0.0.1:32825\n    at createConnectionError (node:net:2062:14)\n    at afterConnectMultiple (node:net:2092:16)","errno":-111,"code":"ECONNREFUSED","syscall":"connect","address":"127.0.0.1","port":32825}],"code":"ECONNREFUSED"},"msg":"Cross-process event bridge listener failed"}
{"level":40,"time":1789709026568,"pid":123473,"hostname":"cursor","name":"events","err":{"type":"AggregateError","message":"","stack":"AggregateError: \n    at internalConnectMultiple (node:net:1430:18)\n    at afterConnectMultiple (node:net:2099:7)","aggregateErrors":[{"type":"Error","message":"connect ECONNREFUSED ::1:32825","stack":"Error: connect ECONNREFUSED ::1:32825\n    at createConnectionError (node:net:2062:14)\n    at afterConnectMultiple (node:net:2092:16)","errno":-111,"code":"ECONNREFUSED","syscall":"connect","address":"::1","port":32825},{"type":"Error","message":"connect ECONNREFUSED 127.0.0.1:32825","stack":"Error: connect ECONNREFUSED 127.0.0.1:32825\n    at createConnectionError (node:net:2062:14)\n    at afterConnectMultiple (node:net:2092:16)","errno":-111,"code":"ECONNREFUSED","syscall":"connect","address":"127.0.0.1","port":32825}],"code":"ECONNREFUSED"},"msg":"Cross-process event bridge listener failed"}
{"level":40,"time":1789709027570,"pid":123473,"hostname":"cursor","name":"events","err":{"type":"AggregateError","message":"","stack":"AggregateError: \n    at internalConnectMultiple (node:net:1430:18)\n    at afterConnectMultiple (node:net:2099:7)","aggregateErrors":[{"type":"Error","message":"connect ECONNREFUSED ::1:32825","stack":"Error: connect ECONNREFUSED ::1:32825\n    at createConnectionError (node:net:2062:14)\n    at afterConnectMultiple (node:net:2092:16)","errno":-111,"code":"ECONNREFUSED","syscall":"connect","address":"::1","port":32825},{"type":"Error","message":"connect ECONNREFUSED 127.0.0.1:32825","stack":"Error: connect ECONNREFUSED 127.0.0.1:32825\n    at createConnectionError (node:net:2062:14)\n    at afterConnectMultiple (node:net:2092:16)","errno":-111,"code":"ECONNREFUSED","syscall":"connect","address":"127.0.0.1","port":32825}],"code":"ECONNREFUSED"},"msg":"Cross-process event bridge listener failed"}
{"level":40,"time":1789709028572,"pid":123473,"hostname":"cursor","name":"events","err":{"type":"AggregateError","message":"","stack":"AggregateError: \n    at internalConnectMultiple (node:net:1430:18)\n    at afterConnectMultiple (node:net:2099:7)","aggregateErrors":[{"type":"Error","message":"connect ECONNREFUSED ::1:32825","stack":"Error: connect ECONNREFUSED ::1:32825\n    at createConnectionError (node:net:2062:14)\n    at afterConnectMultiple (node:net:2092:16)","errno":-111,"code":"ECONNREFUSED","syscall":"connect","address":"::1","port":32825},{"type":"Error","message":"connect ECONNREFUSED 127.0.0.1:32825","stack":"Error: connect ECONNREFUSED 127.0.0.1:32825\n    at createConnectionError (node:net:2062:14)\n    at afterConnectMultiple (node:net:2092:16)","errno":-111,"code":"ECONNREFUSED","syscall":"connect","address":"127.0.0.1","port":32825}],"code":"ECONNREFUSED"},"msg":"Cross-process event bridge listener failed"}
{"level":40,"time":1789709029574,"pid":123473,"hostname":"cursor","name":"events","err":{"type":"AggregateError","message":"","stack":"AggregateError: \n    at internalConnectMultiple (node:net:1430:18)\n    at afterConnectMultiple (node:net:2099:7)","aggregateErrors":[{"type":"Error","message":"connect ECONNREFUSED ::1:32825","stack":"Error: connect ECONNREFUSED ::1:32825\n    at createConnectionError (node:net:2062:14)\n    at afterConnectMultiple (node:net:2092:16)","errno":-111,"code":"ECONNREFUSED","syscall":"connect","address":"::1","port":32825},{"type":"Error","message":"connect ECONNREFUSED 127.0.0.1:32825","stack":"Error: connect ECONNREFUSED 127.0.0.1:32825\n    at createConnectionError (node:net:2062:14)\n    at afterConnectMultiple (node:net:2092:16)","errno":-111,"code":"ECONNREFUSED","syscall":"connect","address":"127.0.0.1","port":32825}],"code":"ECONNREFUSED"},"msg":"Cross-process event bridge listener failed"}
{"level":40,"time":1789709030576,"pid":123473,"hostname":"cursor","name":"events","err":{"type":"AggregateError","message":"","stack":"AggregateError: \n    at internalConnectMultiple (node:net:1430:18)\n    at afterConnectMultiple (node:net:2099:7)","aggregateErrors":[{"type":"Error","message":"connect ECONNREFUSED ::1:32825","stack":"Error: connect ECONNREFUSED ::1:32825\n    at createConnectionError (node:net:2062:14)\n    at afterConnectMultiple (node:net:2092:16)","errno":-111,"code":"ECONNREFUSED","syscall":"connect","address":"::1","port":32825},{"type":"Error","message":"connect ECONNREFUSED 127.0.0.1:32825","stack":"Error: connect ECONNREFUSED 127.0.0.1:32825\n    at createConnectionError (node:net:2062:14)\n    at afterConnectMultiple (node:net:2092:16)","errno":-111,"code":"ECONNREFUSED","syscall":"connect","address":"127.0.0.1","port":32825}],"code":"ECONNREFUSED"},"msg":"Cross-process event bridge listener failed"}
{"level":40,"time":1789709031578,"pid":123473,"hostname":"cursor","name":"events","err":{"type":"AggregateError","message":"","stack":"AggregateError: \n    at internalConnectMultiple (node:net:1430:18)\n    at afterConnectMultiple (node:net:2099:7)","aggregateErrors":[{"type":"Error","message":"connect ECONNREFUSED ::1:32825","stack":"Error: connect ECONNREFUSED ::1:32825\n    at createConnectionError (node:net:2062:14)\n    at afterConnectMultiple (node:net:2092:16)","errno":-111,"code":"ECONNREFUSED","syscall":"connect","address":"::1","port":32825},{"type":"Error","message":"connect ECONNREFUSED 127.0.0.1:32825","stack":"Error: connect ECONNREFUSED 127.0.0.1:32825\n    at createConnectionError (node:net:2062:14)\n    at afterConnectMultiple (node:net:2092:16)","errno":-111,"code":"ECONNREFUSED","syscall":"connect","address":"127.0.0.1","port":32825}],"code":"ECONNREFUSED"},"msg":"Cross-process event bridge listener failed"}
{"level":40,"time":1789709032580,"pid":123473,"hostname":"cursor","name":"events","err":{"type":"AggregateError","message":"","stack":"AggregateError: \n    at internalConnectMultiple (node:net:1430:18)\n    at afterConnectMultiple (node:net:2099:7)","aggregateErrors":[{"type":"Error","message":"connect ECONNREFUSED ::1:32825","stack":"Error: connect ECONNREFUSED ::1:32825\n    at createConnectionError (node:net:2062:14)\n    at afterConnectMultiple (node:net:2092:16)","errno":-111,"code":"ECONNREFUSED","syscall":"connect","address":"::1","port":32825},{"type":"Error","message":"connect ECONNREFUSED 127.0.0.1:32825","stack":"Error: connect ECONNREFUSED 127.0.0.1:32825\n    at createConnectionError (node:net:2062:14)\n    at afterConnectMultiple (node:net:2092:16)","errno":-111,"code":"ECONNREFUSED","syscall":"connect","address":"127.0.0.1","port":32825}],"code":"ECONNREFUSED"},"msg":"Cross-process event bridge listener failed"}
{"level":40,"time":1789709033582,"pid":123473,"hostname":"cursor","name":"events","err":{"type":"AggregateError","message":"","stack":"AggregateError: \n    at internalConnectMultiple (node:net:1430:18)\n    at afterConnectMultiple (node:net:2099:7)","aggregateErrors":[{"type":"Error","message":"connect ECONNREFUSED ::1:32825","stack":"Error: connect ECONNREFUSED ::1:32825\n    at createConnectionError (node:net:2062:14)\n    at afterConnectMultiple (node:net:2092:16)","errno":-111,"code":"ECONNREFUSED","syscall":"connect","address":"::1","port":32825},{"type":"Error","message":"connect ECONNREFUSED 127.0.0.1:32825","stack":"Error: connect ECONNREFUSED 127.0.0.1:32825\n    at createConnectionError (node:net:2062:14)\n    at afterConnectMultiple (node:net:2092:16)","errno":-111,"code":"ECONNREFUSED","syscall":"connect","address":"127.0.0.1","port":32825}],"code":"ECONNREFUSED"},"msg":"Cross-process event bridge listener failed"}
{"level":40,"time":1789709034584,"pid":123473,"hostname":"cursor","name":"events","err":{"type":"AggregateError","message":"","stack":"AggregateError: \n    at internalConnectMultiple (node:net:1430:18)\n    at afterConnectMultiple (node:net:2099:7)","aggregateErrors":[{"type":"Error","message":"connect ECONNREFUSED ::1:32825","stack":"Error: connect ECONNREFUSED ::1:32825\n    at createConnectionError (node:net:2062:14)\n    at afterConnectMultiple (node:net:2092:16)","errno":-111,"code":"ECONNREFUSED","syscall":"connect","address":"::1","port":32825},{"type":"Error","message":"connect ECONNREFUSED 127.0.0.1:32825","stack":"Error: connect ECONNREFUSED 127.0.0.1:32825\n    at createConnectionError (node:net:2062:14)\n    at afterConnectMultiple (node:net:2092:16)","errno":-111,"code":"ECONNREFUSED","syscall":"connect","address":"127.0.0.1","port":32825}],"code":"ECONNREFUSED"},"msg":"Cross-process event bridge listener failed"}
{"level":40,"time":1789709035586,"pid":123473,"hostname":"cursor","name":"events","err":{"type":"AggregateError","message":"","stack":"AggregateError: \n    at internalConnectMultiple (node:net:1430:18)\n    at afterConnectMultiple (node:net:2099:7)","aggregateErrors":[{"type":"Error","message":"connect ECONNREFUSED ::1:32825","stack":"Error: connect ECONNREFUSED ::1:32825\n    at createConnectionError (node:net:2062:14)\n    at afterConnectMultiple (node:net:2092:16)","errno":-111,"code":"ECONNREFUSED","syscall":"connect","address":"::1","port":32825},{"type":"Error","message":"connect ECONNREFUSED 127.0.0.1:32825","stack":"Error: connect ECONNREFUSED 127.0.0.1:32825\n    at createConnectionError (node:net:2062:14)\n    at afterConnectMultiple (node:net:2092:16)","errno":-111,"code":"ECONNREFUSED","syscall":"connect","address":"127.0.0.1","port":32825}],"code":"ECONNREFUSED"},"msg":"Cross-process event bridge listener failed"}
{"level":40,"time":1789709036588,"pid":123473,"hostname":"cursor","name":"events","err":{"type":"AggregateError","message":"","stack":"AggregateError: \n    at internalConnectMultiple (node:net:1430:18)\n    at afterConnectMultiple (node:net:2099:7)","aggregateErrors":[{"type":"Error","message":"connect ECONNREFUSED ::1:32825","stack":"Error: connect ECONNREFUSED ::1:32825\n    at createConnectionError (node:net:2062:14)\n    at afterConnectMultiple (node:net:2092:16)","errno":-111,"code":"ECONNREFUSED","syscall":"connect","address":"::1","port":32825},{"type":"Error","message":"connect ECONNREFUSED 127.0.0.1:32825","stack":"Error: connect ECONNREFUSED 127.0.0.1:32825\n    at createConnectionError (node:net:2062:14)\n    at afterConnectMultiple (node:net:2092:16)","errno":-111,"code":"ECONNREFUSED","syscall":"connect","address":"127.0.0.1","port":32825}],"code":"ECONNREFUSED"},"msg":"Cross-process event bridge listener failed"}
{"level":40,"time":1789709037590,"pid":123473,"hostname":"cursor","name":"events","err":{"type":"AggregateError","message":"","stack":"AggregateError: \n    at internalConnectMultiple (node:net:1430:18)\n    at afterConnectMultiple (node:net:2099:7)","aggregateErrors":[{"type":"Error","message":"connect ECONNREFUSED ::1:32825","stack":"Error: connect ECONNREFUSED ::1:32825\n    at createConnectionError (node:net:2062:14)\n    at afterConnectMultiple (node:net:2092:16)","errno":-111,"code":"ECONNREFUSED","syscall":"connect","address":"::1","port":32825},{"type":"Error","message":"connect ECONNREFUSED 127.0.0.1:32825","stack":"Error: connect ECONNREFUSED 127.0.0.1:32825\n    at createConnectionError (node:net:2062:14)\n    at afterConnectMultiple (node:net:2092:16)","errno":-111,"code":"ECONNREFUSED","syscall":"connect","address":"127.0.0.1","port":32825}],"code":"ECONNREFUSED"},"msg":"Cross-process event bridge listener failed"}
{"level":40,"time":1789709038593,"pid":123473,"hostname":"cursor","name":"events","err":{"type":"AggregateError","message":"","stack":"AggregateError: \n    at internalConnectMultiple (node:net:1430:18)\n    at afterConnectMultiple (node:net:2099:7)","aggregateErrors":[{"type":"Error","message":"connect ECONNREFUSED ::1:32825","stack":"Error: connect ECONNREFUSED ::1:32825\n    at createConnectionError (node:net:2062:14)\n    at afterConnectMultiple (node:net:2092:16)","errno":-111,"code":"ECONNREFUSED","syscall":"connect","address":"::1","port":32825},{"type":"Error","message":"connect ECONNREFUSED 127.0.0.1:32825","stack":"Error: connect ECONNREFUSED 127.0.0.1:32825\n    at createConnectionError (node:net:2062:14)\n    at afterConnectMultiple (node:net:2092:16)","errno":-111,"code":"ECONNREFUSED","syscall":"connect","address":"127.0.0.1","port":32825}],"code":"ECONNREFUSED"},"msg":"Cross-process event bridge listener failed"}
{"level":40,"time":1789709039595,"pid":123473,"hostname":"cursor","name":"events","err":{"type":"AggregateError","message":"","stack":"AggregateError: \n    at internalConnectMultiple (node:net:1430:18)\n    at afterConnectMultiple (node:net:2099:7)","aggregateErrors":[{"type":"Error","message":"connect ECONNREFUSED ::1:32825","stack":"Error: connect ECONNREFUSED ::1:32825\n    at createConnectionError (node:net:2062:14)\n    at afterConnectMultiple (node:net:2092:16)","errno":-111,"code":"ECONNREFUSED","syscall":"connect","address":"::1","port":32825},{"type":"Error","message":"connect ECONNREFUSED 127.0.0.1:32825","stack":"Error: connect ECONNREFUSED 127.0.0.1:32825\n    at createConnectionError (node:net:2062:14)\n    at afterConnectMultiple (node:net:2092:16)","errno":-111,"code":"ECONNREFUSED","syscall":"connect","address":"127.0.0.1","port":32825}],"code":"ECONNREFUSED"},"msg":"Cross-process event bridge listener failed"}
{"level":40,"time":1789709040597,"pid":123473,"hostname":"cursor","name":"events","err":{"type":"AggregateError","message":"","stack":"AggregateError: \n    at internalConnectMultiple (node:net:1430:18)\n    at afterConnectMultiple (node:net:2099:7)","aggregateErrors":[{"type":"Error","message":"connect ECONNREFUSED ::1:32825","stack":"Error: connect ECONNREFUSED ::1:32825\n    at createConnectionError (node:net:2062:14)\n    at afterConnectMultiple (node:net:2092:16)","errno":-111,"code":"ECONNREFUSED","syscall":"connect","address":"::1","port":32825},{"type":"Error","message":"connect ECONNREFUSED 127.0.0.1:32825","stack":"Error: connect ECONNREFUSED 127.0.0.1:32825\n    at createConnectionError (node:net:2062:14)\n    at afterConnectMultiple (node:net:2092:16)","errno":-111,"code":"ECONNREFUSED","syscall":"connect","address":"127.0.0.1","port":32825}],"code":"ECONNREFUSED"},"msg":"Cross-process event bridge listener failed"}
{"level":40,"time":1789709041599,"pid":123473,"hostname":"cursor","name":"events","err":{"type":"AggregateError","message":"","stack":"AggregateError: \n    at internalConnectMultiple (node:net:1430:18)\n    at afterConnectMultiple (node:net:2099:7)","aggregateErrors":[{"type":"Error","message":"connect ECONNREFUSED ::1:32825","stack":"Error: connect ECONNREFUSED ::1:32825\n    at createConnectionError (node:net:2062:14)\n    at afterConnectMultiple (node:net:2092:16)","errno":-111,"code":"ECONNREFUSED","syscall":"connect","address":"::1","port":32825},{"type":"Error","message":"connect ECONNREFUSED 127.0.0.1:32825","stack":"Error: connect ECONNREFUSED 127.0.0.1:32825\n    at createConnectionError (node:net:2062:14)\n    at afterConnectMultiple (node:net:2092:16)","errno":-111,"code":"ECONNREFUSED","syscall":"connect","address":"127.0.0.1","port":32825}],"code":"ECONNREFUSED"},"msg":"Cross-process event bridge listener failed"}
{"level":40,"time":1789709042601,"pid":123473,"hostname":"cursor","name":"events","err":{"type":"AggregateError","message":"","stack":"AggregateError: \n    at internalConnectMultiple (node:net:1430:18)\n    at afterConnectMultiple (node:net:2099:7)","aggregateErrors":[{"type":"Error","message":"connect ECONNREFUSED ::1:32825","stack":"Error: connect ECONNREFUSED ::1:32825\n    at createConnectionError (node:net:2062:14)\n    at afterConnectMultiple (node:net:2092:16)","errno":-111,"code":"ECONNREFUSED","syscall":"connect","address":"::1","port":32825},{"type":"Error","message":"connect ECONNREFUSED 127.0.0.1:32825","stack":"Error: connect ECONNREFUSED 127.0.0.1:32825\n    at createConnectionError (node:net:2062:14)\n    at afterConnectMultiple (node:net:2092:16)","errno":-111,"code":"ECONNREFUSED","syscall":"connect","address":"127.0.0.1","port":32825}],"code":"ECONNREFUSED"},"msg":"Cross-process event bridge listener failed"}
{"level":40,"time":1789709043603,"pid":123473,"hostname":"cursor","name":"events","err":{"type":"AggregateError","message":"","stack":"AggregateError: \n    at internalConnectMultiple (node:net:1430:18)\n    at afterConnectMultiple (node:net:2099:7)","aggregateErrors":[{"type":"Error","message":"connect ECONNREFUSED ::1:32825","stack":"Error: connect ECONNREFUSED ::1:32825\n    at createConnectionError (node:net:2062:14)\n    at afterConnectMultiple (node:net:2092:16)","errno":-111,"code":"ECONNREFUSED","syscall":"connect","address":"::1","port":32825},{"type":"Error","message":"connect ECONNREFUSED 127.0.0.1:32825","stack":"Error: connect ECONNREFUSED 127.0.0.1:32825\n    at createConnectionError (node:net:2062:14)\n    at afterConnectMultiple (node:net:2092:16)","errno":-111,"code":"ECONNREFUSED","syscall":"connect","address":"127.0.0.1","port":32825}],"code":"ECONNREFUSED"},"msg":"Cross-process event bridge listener failed"}
{"level":40,"time":1789709044605,"pid":123473,"hostname":"cursor","name":"events","err":{"type":"AggregateError","message":"","stack":"AggregateError: \n    at internalConnectMultiple (node:net:1430:18)\n    at afterConnectMultiple (node:net:2099:7)","aggregateErrors":[{"type":"Error","message":"connect ECONNREFUSED ::1:32825","stack":"Error: connect ECONNREFUSED ::1:32825\n    at createConnectionError (node:net:2062:14)\n    at afterConnectMultiple (node:net:2092:16)","errno":-111,"code":"ECONNREFUSED","syscall":"connect","address":"::1","port":32825},{"type":"Error","message":"connect ECONNREFUSED 127.0.0.1:32825","stack":"Error: connect ECONNREFUSED 127.0.0.1:32825\n    at createConnectionError (node:net:2062:14)\n    at afterConnectMultiple (node:net:2092:16)","errno":-111,"code":"ECONNREFUSED","syscall":"connect","address":"127.0.0.1","port":32825}],"code":"ECONNREFUSED"},"msg":"Cross-process event bridge listener failed"}
{"level":40,"time":1789709045607,"pid":123473,"hostname":"cursor","name":"events","err":{"type":"AggregateError","message":"","stack":"AggregateError: \n    at internalConnectMultiple (node:net:1430:18)\n    at afterConnectMultiple (node:net:2099:7)","aggregateErrors":[{"type":"Error","message":"connect ECONNREFUSED ::1:32825","stack":"Error: connect ECONNREFUSED ::1:32825\n    at createConnectionError (node:net:2062:14)\n    at afterConnectMultiple (node:net:2092:16)","errno":-111,"code":"ECONNREFUSED","syscall":"connect","address":"::1","port":32825},{"type":"Error","message":"connect ECONNREFUSED 127.0.0.1:32825","stack":"Error: connect ECONNREFUSED 127.0.0.1:32825\n    at createConnectionError (node:net:2062:14)\n    at afterConnectMultiple (node:net:2092:16)","errno":-111,"code":"ECONNREFUSED","syscall":"connect","address":"127.0.0.1","port":32825}],"code":"ECONNREFUSED"},"msg":"Cross-process event bridge listener failed"}
{"level":40,"time":1789709046609,"pid":123473,"hostname":"cursor","name":"events","err":{"type":"AggregateError","message":"","stack":"AggregateError: \n    at internalConnectMultiple (node:net:1430:18)\n    at afterConnectMultiple (node:net:2099:7)","aggregateErrors":[{"type":"Error","message":"connect ECONNREFUSED ::1:32825","stack":"Error: connect ECONNREFUSED ::1:32825\n    at createConnectionError (node:net:2062:14)\n    at afterConnectMultiple (node:net:2092:16)","errno":-111,"code":"ECONNREFUSED","syscall":"connect","address":"::1","port":32825},{"type":"Error","message":"connect ECONNREFUSED 127.0.0.1:32825","stack":"Error: connect ECONNREFUSED 127.0.0.1:32825\n    at createConnectionError (node:net:2062:14)\n    at afterConnectMultiple (node:net:2092:16)","errno":-111,"code":"ECONNREFUSED","syscall":"connect","address":"127.0.0.1","port":32825}],"code":"ECONNREFUSED"},"msg":"Cross-process event bridge listener failed"}
{"level":40,"time":1789709047611,"pid":123473,"hostname":"cursor","name":"events","err":{"type":"AggregateError","message":"","stack":"AggregateError: \n    at internalConnectMultiple (node:net:1430:18)\n    at afterConnectMultiple (node:net:2099:7)","aggregateErrors":[{"type":"Error","message":"connect ECONNREFUSED ::1:32825","stack":"Error: connect ECONNREFUSED ::1:32825\n    at createConnectionError (node:net:2062:14)\n    at afterConnectMultiple (node:net:2092:16)","errno":-111,"code":"ECONNREFUSED","syscall":"connect","address":"::1","port":32825},{"type":"Error","message":"connect ECONNREFUSED 127.0.0.1:32825","stack":"Error: connect ECONNREFUSED 127.0.0.1:32825\n    at createConnectionError (node:net:2062:14)\n    at afterConnectMultiple (node:net:2092:16)","errno":-111,"code":"ECONNREFUSED","syscall":"connect","address":"127.0.0.1","port":32825}],"code":"ECONNREFUSED"},"msg":"Cross-process event bridge listener failed"}
{"level":40,"time":1789709048613,"pid":123473,"hostname":"cursor","name":"events","err":{"type":"AggregateError","message":"","stack":"AggregateError: \n    at internalConnectMultiple (node:net:1430:18)\n    at afterConnectMultiple (node:net:2099:7)","aggregateErrors":[{"type":"Error","message":"connect ECONNREFUSED ::1:32825","stack":"Error: connect ECONNREFUSED ::1:32825\n    at createConnectionError (node:net:2062:14)\n    at afterConnectMultiple (node:net:2092:16)","errno":-111,"code":"ECONNREFUSED","syscall":"connect","address":"::1","port":32825},{"type":"Error","message":"connect ECONNREFUSED 127.0.0.1:32825","stack":"Error: connect ECONNREFUSED 127.0.0.1:32825\n    at createConnectionError (node:net:2062:14)\n    at afterConnectMultiple (node:net:2092:16)","errno":-111,"code":"ECONNREFUSED","syscall":"connect","address":"127.0.0.1","port":32825}],"code":"ECONNREFUSED"},"msg":"Cross-process event bridge listener failed"}
{"level":40,"time":1789709049615,"pid":123473,"hostname":"cursor","name":"events","err":{"type":"AggregateError","message":"","stack":"AggregateError: \n    at internalConnectMultiple (node:net:1430:18)\n    at afterConnectMultiple (node:net:2099:7)","aggregateErrors":[{"type":"Error","message":"connect ECONNREFUSED ::1:32825","stack":"Error: connect ECONNREFUSED ::1:32825\n    at createConnectionError (node:net:2062:14)\n    at afterConnectMultiple (node:net:2092:16)","errno":-111,"code":"ECONNREFUSED","syscall":"connect","address":"::1","port":32825},{"type":"Error","message":"connect ECONNREFUSED 127.0.0.1:32825","stack":"Error: connect ECONNREFUSED 127.0.0.1:32825\n    at createConnectionError (node:net:2062:14)\n    at afterConnectMultiple (node:net:2092:16)","errno":-111,"code":"ECONNREFUSED","syscall":"connect","address":"127.0.0.1","port":32825}],"code":"ECONNREFUSED"},"msg":"Cross-process event bridge listener failed"}
{"level":40,"time":1789709050617,"pid":123473,"hostname":"cursor","name":"events","err":{"type":"AggregateError","message":"","stack":"AggregateError: \n    at internalConnectMultiple (node:net:1430:18)\n    at afterConnectMultiple (node:net:2099:7)","aggregateErrors":[{"type":"Error","message":"connect ECONNREFUSED ::1:32825","stack":"Error: connect ECONNREFUSED ::1:32825\n    at createConnectionError (node:net:2062:14)\n    at afterConnectMultiple (node:net:2092:16)","errno":-111,"code":"ECONNREFUSED","syscall":"connect","address":"::1","port":32825},{"type":"Error","message":"connect ECONNREFUSED 127.0.0.1:32825","stack":"Error: connect ECONNREFUSED 127.0.0.1:32825\n    at createConnectionError (node:net:2062:14)\n    at afterConnectMultiple (node:net:2092:16)","errno":-111,"code":"ECONNREFUSED","syscall":"connect","address":"127.0.0.1","port":32825}],"code":"ECONNREFUSED"},"msg":"Cross-process event bridge listener failed"}
{"level":40,"time":1789709051619,"pid":123473,"hostname":"cursor","name":"events","err":{"type":"AggregateError","message":"","stack":"AggregateError: \n    at internalConnectMultiple (node:net:1430:18)\n    at afterConnectMultiple (node:net:2099:7)","aggregateErrors":[{"type":"Error","message":"connect ECONNREFUSED ::1:32825","stack":"Error: connect ECONNREFUSED ::1:32825\n    at createConnectionError (node:net:2062:14)\n    at afterConnectMultiple (node:net:2092:16)","errno":-111,"code":"ECONNREFUSED","syscall":"connect","address":"::1","port":32825},{"type":"Error","message":"connect ECONNREFUSED 127.0.0.1:32825","stack":"Error: connect ECONNREFUSED 127.0.0.1:32825\n    at createConnectionError (node:net:2062:14)\n    at afterConnectMultiple (node:net:2092:16)","errno":-111,"code":"ECONNREFUSED","syscall":"connect","address":"127.0.0.1","port":32825}],"code":"ECONNREFUSED"},"msg":"Cross-process event bridge listener failed"}
{"level":40,"time":1789709052623,"pid":123473,"hostname":"cursor","name":"events","err":{"type":"AggregateError","message":"","stack":"AggregateError: \n    at internalConnectMultiple (node:net:1430:18)\n    at afterConnectMultiple (node:net:2099:7)","aggregateErrors":[{"type":"Error","message":"connect ECONNREFUSED ::1:32825","stack":"Error: connect ECONNREFUSED ::1:32825\n    at createConnectionError (node:net:2062:14)\n    at afterConnectMultiple (node:net:2092:16)","errno":-111,"code":"ECONNREFUSED","syscall":"connect","address":"::1","port":32825},{"type":"Error","message":"connect ECONNREFUSED 127.0.0.1:32825","stack":"Error: connect ECONNREFUSED 127.0.0.1:32825\n    at createConnectionError (node:net:2062:14)\n    at afterConnectMultiple (node:net:2092:16)","errno":-111,"code":"ECONNREFUSED","syscall":"connect","address":"127.0.0.1","port":32825}],"code":"ECONNREFUSED"},"msg":"Cross-process event bridge listener failed"}
{"level":40,"time":1789709053625,"pid":123473,"hostname":"cursor","name":"events","err":{"type":"AggregateError","message":"","stack":"AggregateError: \n    at internalConnectMultiple (node:net:1430:18)\n    at afterConnectMultiple (node:net:2099:7)","aggregateErrors":[{"type":"Error","message":"connect ECONNREFUSED ::1:32825","stack":"Error: connect ECONNREFUSED ::1:32825\n    at createConnectionError (node:net:2062:14)\n    at afterConnectMultiple (node:net:2092:16)","errno":-111,"code":"ECONNREFUSED","syscall":"connect","address":"::1","port":32825},{"type":"Error","message":"connect ECONNREFUSED 127.0.0.1:32825","stack":"Error: connect ECONNREFUSED 127.0.0.1:32825\n    at createConnectionError (node:net:2062:14)\n    at afterConnectMultiple (node:net:2092:16)","errno":-111,"code":"ECONNREFUSED","syscall":"connect","address":"127.0.0.1","port":32825}],"code":"ECONNREFUSED"},"msg":"Cross-process event bridge listener failed"}
{"level":40,"time":1789709054629,"pid":123473,"hostname":"cursor","name":"events","err":{"type":"AggregateError","message":"","stack":"AggregateError: \n    at internalConnectMultiple (node:net:1430:18)\n    at afterConnectMultiple (node:net:2099:7)","aggregateErrors":[{"type":"Error","message":"connect ECONNREFUSED ::1:32825","stack":"Error: connect ECONNREFUSED ::1:32825\n    at createConnectionError (node:net:2062:14)\n    at afterConnectMultiple (node:net:2092:16)","errno":-111,"code":"ECONNREFUSED","syscall":"connect","address":"::1","port":32825},{"type":"Error","message":"connect ECONNREFUSED 127.0.0.1:32825","stack":"Error: connect ECONNREFUSED 127.0.0.1:32825\n    at createConnectionError (node:net:2062:14)\n    at afterConnectMultiple (node:net:2092:16)","errno":-111,"code":"ECONNREFUSED","syscall":"connect","address":"127.0.0.1","port":32825}],"code":"ECONNREFUSED"},"msg":"Cross-process event bridge listener failed"}
{"level":40,"time":1789709055632,"pid":123473,"hostname":"cursor","name":"events","err":{"type":"AggregateError","message":"","stack":"AggregateError: \n    at internalConnectMultiple (node:net:1430:18)\n    at afterConnectMultiple (node:net:2099:7)","aggregateErrors":[{"type":"Error","message":"connect ECONNREFUSED ::1:32825","stack":"Error: connect ECONNREFUSED ::1:32825\n    at createConnectionError (node:net:2062:14)\n    at afterConnectMultiple (node:net:2092:16)","errno":-111,"code":"ECONNREFUSED","syscall":"connect","address":"::1","port":32825},{"type":"Error","message":"connect ECONNREFUSED 127.0.0.1:32825","stack":"Error: connect ECONNREFUSED 127.0.0.1:32825\n    at createConnectionError (node:net:2062:14)\n    at afterConnectMultiple (node:net:2092:16)","errno":-111,"code":"ECONNREFUSED","syscall":"connect","address":"127.0.0.1","port":32825}],"code":"ECONNREFUSED"},"msg":"Cross-process event bridge listener failed"}
{"level":40,"time":1789709056634,"pid":123473,"hostname":"cursor","name":"events","err":{"type":"AggregateError","message":"","stack":"AggregateError: \n    at internalConnectMultiple (node:net:1430:18)\n    at afterConnectMultiple (node:net:2099:7)","aggregateErrors":[{"type":"Error","message":"connect ECONNREFUSED ::1:32825","stack":"Error: connect ECONNREFUSED ::1:32825\n    at createConnectionError (node:net:2062:14)\n    at afterConnectMultiple (node:net:2092:16)","errno":-111,"code":"ECONNREFUSED","syscall":"connect","address":"::1","port":32825},{"type":"Error","message":"connect ECONNREFUSED 127.0.0.1:32825","stack":"Error: connect ECONNREFUSED 127.0.0.1:32825\n    at createConnectionError (node:net:2062:14)\n    at afterConnectMultiple (node:net:2092:16)","errno":-111,"code":"ECONNREFUSED","syscall":"connect","address":"127.0.0.1","port":32825}],"code":"ECONNREFUSED"},"msg":"Cross-process event bridge listener failed"}
{"level":40,"time":1789709057636,"pid":123473,"hostname":"cursor","name":"events","err":{"type":"AggregateError","message":"","stack":"AggregateError: \n    at internalConnectMultiple (node:net:1430:18)\n    at afterConnectMultiple (node:net:2099:7)","aggregateErrors":[{"type":"Error","message":"connect ECONNREFUSED ::1:32825","stack":"Error: connect ECONNREFUSED ::1:32825\n    at createConnectionError (node:net:2062:14)\n    at afterConnectMultiple (node:net:2092:16)","errno":-111,"code":"ECONNREFUSED","syscall":"connect","address":"::1","port":32825},{"type":"Error","message":"connect ECONNREFUSED 127.0.0.1:32825","stack":"Error: connect ECONNREFUSED 127.0.0.1:32825\n    at createConnectionError (node:net:2062:14)\n    at afterConnectMultiple (node:net:2092:16)","errno":-111,"code":"ECONNREFUSED","syscall":"connect","address":"127.0.0.1","port":32825}],"code":"ECONNREFUSED"},"msg":"Cross-process event bridge listener failed"}
{"level":40,"time":1789709058638,"pid":123473,"hostname":"cursor","name":"events","err":{"type":"AggregateError","message":"","stack":"AggregateError: \n    at internalConnectMultiple (node:net:1430:18)\n    at afterConnectMultiple (node:net:2099:7)","aggregateErrors":[{"type":"Error","message":"connect ECONNREFUSED ::1:32825","stack":"Error: connect ECONNREFUSED ::1:32825\n    at createConnectionError (node:net:2062:14)\n    at afterConnectMultiple (node:net:2092:16)","errno":-111,"code":"ECONNREFUSED","syscall":"connect","address":"::1","port":32825},{"type":"Error","message":"connect ECONNREFUSED 127.0.0.1:32825","stack":"Error: connect ECONNREFUSED 127.0.0.1:32825\n    at createConnectionError (node:net:2062:14)\n    at afterConnectMultiple (node:net:2092:16)","errno":-111,"code":"ECONNREFUSED","syscall":"connect","address":"127.0.0.1","port":32825}],"code":"ECONNREFUSED"},"msg":"Cross-process event bridge listener failed"}
{"level":40,"time":1789709059639,"pid":123473,"hostname":"cursor","name":"events","err":{"type":"AggregateError","message":"","stack":"AggregateError: \n    at internalConnectMultiple (node:net:1430:18)\n    at afterConnectMultiple (node:net:2099:7)","aggregateErrors":[{"type":"Error","message":"connect ECONNREFUSED ::1:32825","stack":"Error: connect ECONNREFUSED ::1:32825\n    at createConnectionError (node:net:2062:14)\n    at afterConnectMultiple (node:net:2092:16)","errno":-111,"code":"ECONNREFUSED","syscall":"connect","address":"::1","port":32825},{"type":"Error","message":"connect ECONNREFUSED 127.0.0.1:32825","stack":"Error: connect ECONNREFUSED 127.0.0.1:32825\n    at createConnectionError (node:net:2062:14)\n    at afterConnectMultiple (node:net:2092:16)","errno":-111,"code":"ECONNREFUSED","syscall":"connect","address":"127.0.0.1","port":32825}],"code":"ECONNREFUSED"},"msg":"Cross-process event bridge listener failed"}
{"level":40,"time":1789709060641,"pid":123473,"hostname":"cursor","name":"events","err":{"type":"AggregateError","message":"","stack":"AggregateError: \n    at internalConnectMultiple (node:net:1430:18)\n    at afterConnectMultiple (node:net:2099:7)","aggregateErrors":[{"type":"Error","message":"connect ECONNREFUSED ::1:32825","stack":"Error: connect ECONNREFUSED ::1:32825\n    at createConnectionError (node:net:2062:14)\n    at afterConnectMultiple (node:net:2092:16)","errno":-111,"code":"ECONNREFUSED","syscall":"connect","address":"::1","port":32825},{"type":"Error","message":"connect ECONNREFUSED 127.0.0.1:32825","stack":"Error: connect ECONNREFUSED 127.0.0.1:32825\n    at createConnectionError (node:net:2062:14)\n    at afterConnectMultiple (node:net:2092:16)","errno":-111,"code":"ECONNREFUSED","syscall":"connect","address":"127.0.0.1","port":32825}],"code":"ECONNREFUSED"},"msg":"Cross-process event bridge listener failed"}
{"level":40,"time":1789709061642,"pid":123473,"hostname":"cursor","name":"events","err":{"type":"AggregateError","message":"","stack":"AggregateError: \n    at internalConnectMultiple (node:net:1430:18)\n    at afterConnectMultiple (node:net:2099:7)","aggregateErrors":[{"type":"Error","message":"connect ECONNREFUSED ::1:32825","stack":"Error: connect ECONNREFUSED ::1:32825\n    at createConnectionError (node:net:2062:14)\n    at afterConnectMultiple (node:net:2092:16)","errno":-111,"code":"ECONNREFUSED","syscall":"connect","address":"::1","port":32825},{"type":"Error","message":"connect ECONNREFUSED 127.0.0.1:32825","stack":"Error: connect ECONNREFUSED 127.0.0.1:32825\n    at createConnectionError (node:net:2062:14)\n    at afterConnectMultiple (node:net:2092:16)","errno":-111,"code":"ECONNREFUSED","syscall":"connect","address":"127.0.0.1","port":32825}],"code":"ECONNREFUSED"},"msg":"Cross-process event bridge listener failed"}
{"level":40,"time":1789709062645,"pid":123473,"hostname":"cursor","name":"events","err":{"type":"AggregateError","message":"","stack":"AggregateError: \n    at internalConnectMultiple (node:net:1430:18)\n    at afterConnectMultiple (node:net:2099:7)","aggregateErrors":[{"type":"Error","message":"connect ECONNREFUSED ::1:32825","stack":"Error: connect ECONNREFUSED ::1:32825\n    at createConnectionError (node:net:2062:14)\n    at afterConnectMultiple (node:net:2092:16)","errno":-111,"code":"ECONNREFUSED","syscall":"connect","address":"::1","port":32825},{"type":"Error","message":"connect ECONNREFUSED 127.0.0.1:32825","stack":"Error: connect ECONNREFUSED 127.0.0.1:32825\n    at createConnectionError (node:net:2062:14)\n    at afterConnectMultiple (node:net:2092:16)","errno":-111,"code":"ECONNREFUSED","syscall":"connect","address":"127.0.0.1","port":32825}],"code":"ECONNREFUSED"},"msg":"Cross-process event bridge listener failed"}
{"level":40,"time":1789709063647,"pid":123473,"hostname":"cursor","name":"events","err":{"type":"AggregateError","message":"","stack":"AggregateError: \n    at internalConnectMultiple (node:net:1430:18)\n    at afterConnectMultiple (node:net:2099:7)","aggregateErrors":[{"type":"Error","message":"connect ECONNREFUSED ::1:32825","stack":"Error: connect ECONNREFUSED ::1:32825\n    at createConnectionError (node:net:2062:14)\n    at afterConnectMultiple (node:net:2092:16)","errno":-111,"code":"ECONNREFUSED","syscall":"connect","address":"::1","port":32825},{"type":"Error","message":"connect ECONNREFUSED 127.0.0.1:32825","stack":"Error: connect ECONNREFUSED 127.0.0.1:32825\n    at createConnectionError (node:net:2062:14)\n    at afterConnectMultiple (node:net:2092:16)","errno":-111,"code":"ECONNREFUSED","syscall":"connect","address":"127.0.0.1","port":32825}],"code":"ECONNREFUSED"},"msg":"Cross-process event bridge listener failed"}
{"level":40,"time":1789709064649,"pid":123473,"hostname":"cursor","name":"events","err":{"type":"AggregateError","message":"","stack":"AggregateError: \n    at internalConnectMultiple (node:net:1430:18)\n    at afterConnectMultiple (node:net:2099:7)","aggregateErrors":[{"type":"Error","message":"connect ECONNREFUSED ::1:32825","stack":"Error: connect ECONNREFUSED ::1:32825\n    at createConnectionError (node:net:2062:14)\n    at afterConnectMultiple (node:net:2092:16)","errno":-111,"code":"ECONNREFUSED","syscall":"connect","address":"::1","port":32825},{"type":"Error","message":"connect ECONNREFUSED 127.0.0.1:32825","stack":"Error: connect ECONNREFUSED 127.0.0.1:32825\n    at createConnectionError (node:net:2062:14)\n    at afterConnectMultiple (node:net:2092:16)","errno":-111,"code":"ECONNREFUSED","syscall":"connect","address":"127.0.0.1","port":32825}],"code":"ECONNREFUSED"},"msg":"Cross-process event bridge listener failed"}
{"level":40,"time":1789709065650,"pid":123473,"hostname":"cursor","name":"events","err":{"type":"AggregateError","message":"","stack":"AggregateError: \n    at internalConnectMultiple (node:net:1430:18)\n    at afterConnectMultiple (node:net:2099:7)","aggregateErrors":[{"type":"Error","message":"connect ECONNREFUSED ::1:32825","stack":"Error: connect ECONNREFUSED ::1:32825\n    at createConnectionError (node:net:2062:14)\n    at afterConnectMultiple (node:net:2092:16)","errno":-111,"code":"ECONNREFUSED","syscall":"connect","address":"::1","port":32825},{"type":"Error","message":"connect ECONNREFUSED 127.0.0.1:32825","stack":"Error: connect ECONNREFUSED 127.0.0.1:32825\n    at createConnectionError (node:net:2062:14)\n    at afterConnectMultiple (node:net:2092:16)","errno":-111,"code":"ECONNREFUSED","syscall":"connect","address":"127.0.0.1","port":32825}],"code":"ECONNREFUSED"},"msg":"Cross-process event bridge listener failed"}
{"level":40,"time":1789709066652,"pid":123473,"hostname":"cursor","name":"events","err":{"type":"AggregateError","message":"","stack":"AggregateError: \n    at internalConnectMultiple (node:net:1430:18)\n    at afterConnectMultiple (node:net:2099:7)","aggregateErrors":[{"type":"Error","message":"connect ECONNREFUSED ::1:32825","stack":"Error: connect ECONNREFUSED ::1:32825\n    at createConnectionError (node:net:2062:14)\n    at afterConnectMultiple (node:net:2092:16)","errno":-111,"code":"ECONNREFUSED","syscall":"connect","address":"::1","port":32825},{"type":"Error","message":"connect ECONNREFUSED 127.0.0.1:32825","stack":"Error: connect ECONNREFUSED 127.0.0.1:32825\n    at createConnectionError (node:net:2062:14)\n    at afterConnectMultiple (node:net:2092:16)","errno":-111,"code":"ECONNREFUSED","syscall":"connect","address":"127.0.0.1","port":32825}],"code":"ECONNREFUSED"},"msg":"Cross-process event bridge listener failed"}
{"level":40,"time":1789709067654,"pid":123473,"hostname":"cursor","name":"events","err":{"type":"AggregateError","message":"","stack":"AggregateError: \n    at internalConnectMultiple (node:net:1430:18)\n    at afterConnectMultiple (node:net:2099:7)","aggregateErrors":[{"type":"Error","message":"connect ECONNREFUSED ::1:32825","stack":"Error: connect ECONNREFUSED ::1:32825\n    at createConnectionError (node:net:2062:14)\n    at afterConnectMultiple (node:net:2092:16)","errno":-111,"code":"ECONNREFUSED","syscall":"connect","address":"::1","port":32825},{"type":"Error","message":"connect ECONNREFUSED 127.0.0.1:32825","stack":"Error: connect ECONNREFUSED 127.0.0.1:32825\n    at createConnectionError (node:net:2062:14)\n    at afterConnectMultiple (node:net:2092:16)","errno":-111,"code":"ECONNREFUSED","syscall":"connect","address":"127.0.0.1","port":32825}],"code":"ECONNREFUSED"},"msg":"Cross-process event bridge listener failed"}
{"level":40,"time":1789709068656,"pid":123473,"hostname":"cursor","name":"events","err":{"type":"AggregateError","message":"","stack":"AggregateError: \n    at internalConnectMultiple (node:net:1430:18)\n    at afterConnectMultiple (node:net:2099:7)","aggregateErrors":[{"type":"Error","message":"connect ECONNREFUSED ::1:32825","stack":"Error: connect ECONNREFUSED ::1:32825\n    at createConnectionError (node:net:2062:14)\n    at afterConnectMultiple (node:net:2092:16)","errno":-111,"code":"ECONNREFUSED","syscall":"connect","address":"::1","port":32825},{"type":"Error","message":"connect ECONNREFUSED 127.0.0.1:32825","stack":"Error: connect ECONNREFUSED 127.0.0.1:32825\n    at createConnectionError (node:net:2062:14)\n    at afterConnectMultiple (node:net:2092:16)","errno":-111,"code":"ECONNREFUSED","syscall":"connect","address":"127.0.0.1","port":32825}],"code":"ECONNREFUSED"},"msg":"Cross-process event bridge listener failed"}
{"level":40,"time":1789709069658,"pid":123473,"hostname":"cursor","name":"events","err":{"type":"AggregateError","message":"","stack":"AggregateError: \n    at internalConnectMultiple (node:net:1430:18)\n    at afterConnectMultiple (node:net:2099:7)","aggregateErrors":[{"type":"Error","message":"connect ECONNREFUSED ::1:32825","stack":"Error: connect ECONNREFUSED ::1:32825\n    at createConnectionError (node:net:2062:14)\n    at afterConnectMultiple (node:net:2092:16)","errno":-111,"code":"ECONNREFUSED","syscall":"connect","address":"::1","port":32825},{"type":"Error","message":"connect ECONNREFUSED 127.0.0.1:32825","stack":"Error: connect ECONNREFUSED 127.0.0.1:32825\n    at createConnectionError (node:net:2062:14)\n    at afterConnectMultiple (node:net:2092:16)","errno":-111,"code":"ECONNREFUSED","syscall":"connect","address":"127.0.0.1","port":32825}],"code":"ECONNREFUSED"},"msg":"Cross-process event bridge listener failed"}
{"level":40,"time":1789709070659,"pid":123473,"hostname":"cursor","name":"events","err":{"type":"AggregateError","message":"","stack":"AggregateError: \n    at internalConnectMultiple (node:net:1430:18)\n    at afterConnectMultiple (node:net:2099:7)","aggregateErrors":[{"type":"Error","message":"connect ECONNREFUSED ::1:32825","stack":"Error: connect ECONNREFUSED ::1:32825\n    at createConnectionError (node:net:2062:14)\n    at afterConnectMultiple (node:net:2092:16)","errno":-111,"code":"ECONNREFUSED","syscall":"connect","address":"::1","port":32825},{"type":"Error","message":"connect ECONNREFUSED 127.0.0.1:32825","stack":"Error: connect ECONNREFUSED 127.0.0.1:32825\n    at createConnectionError (node:net:2062:14)\n    at afterConnectMultiple (node:net:2092:16)","errno":-111,"code":"ECONNREFUSED","syscall":"connect","address":"127.0.0.1","port":32825}],"code":"ECONNREFUSED"},"msg":"Cross-process event bridge listener failed"}
{"level":40,"time":1789709071661,"pid":123473,"hostname":"cursor","name":"events","err":{"type":"AggregateError","message":"","stack":"AggregateError: \n    at internalConnectMultiple (node:net:1430:18)\n    at afterConnectMultiple (node:net:2099:7)","aggregateErrors":[{"type":"Error","message":"connect ECONNREFUSED ::1:32825","stack":"Error: connect ECONNREFUSED ::1:32825\n    at createConnectionError (node:net:2062:14)\n    at afterConnectMultiple (node:net:2092:16)","errno":-111,"code":"ECONNREFUSED","syscall":"connect","address":"::1","port":32825},{"type":"Error","message":"connect ECONNREFUSED 127.0.0.1:32825","stack":"Error: connect ECONNREFUSED 127.0.0.1:32825\n    at createConnectionError (node:net:2062:14)\n    at afterConnectMultiple (node:net:2092:16)","errno":-111,"code":"ECONNREFUSED","syscall":"connect","address":"127.0.0.1","port":32825}],"code":"ECONNREFUSED"},"msg":"Cross-process event bridge listener failed"}
{"level":40,"time":1789709072664,"pid":123473,"hostname":"cursor","name":"events","err":{"type":"AggregateError","message":"","stack":"AggregateError: \n    at internalConnectMultiple (node:net:1430:18)\n    at afterConnectMultiple (node:net:2099:7)","aggregateErrors":[{"type":"Error","message":"connect ECONNREFUSED ::1:32825","stack":"Error: connect ECONNREFUSED ::1:32825\n    at createConnectionError (node:net:2062:14)\n    at afterConnectMultiple (node:net:2092:16)","errno":-111,"code":"ECONNREFUSED","syscall":"connect","address":"::1","port":32825},{"type":"Error","message":"connect ECONNREFUSED 127.0.0.1:32825","stack":"Error: connect ECONNREFUSED 127.0.0.1:32825\n    at createConnectionError (node:net:2062:14)\n    at afterConnectMultiple (node:net:2092:16)","errno":-111,"code":"ECONNREFUSED","syscall":"connect","address":"127.0.0.1","port":32825}],"code":"ECONNREFUSED"},"msg":"Cross-process event bridge listener failed"}
{"level":40,"time":1789709073666,"pid":123473,"hostname":"cursor","name":"events","err":{"type":"AggregateError","message":"","stack":"AggregateError: \n    at internalConnectMultiple (node:net:1430:18)\n    at afterConnectMultiple (node:net:2099:7)","aggregateErrors":[{"type":"Error","message":"connect ECONNREFUSED ::1:32825","stack":"Error: connect ECONNREFUSED ::1:32825\n    at createConnectionError (node:net:2062:14)\n    at afterConnectMultiple (node:net:2092:16)","errno":-111,"code":"ECONNREFUSED","syscall":"connect","address":"::1","port":32825},{"type":"Error","message":"connect ECONNREFUSED 127.0.0.1:32825","stack":"Error: connect ECONNREFUSED 127.0.0.1:32825\n    at createConnectionError (node:net:2062:14)\n    at afterConnectMultiple (node:net:2092:16)","errno":-111,"code":"ECONNREFUSED","syscall":"connect","address":"127.0.0.1","port":32825}],"code":"ECONNREFUSED"},"msg":"Cross-process event bridge listener failed"}
{"level":40,"time":1789709074668,"pid":123473,"hostname":"cursor","name":"events","err":{"type":"AggregateError","message":"","stack":"AggregateError: \n    at internalConnectMultiple (node:net:1430:18)\n    at afterConnectMultiple (node:net:2099:7)","aggregateErrors":[{"type":"Error","message":"connect ECONNREFUSED ::1:32825","stack":"Error: connect ECONNREFUSED ::1:32825\n    at createConnectionError (node:net:2062:14)\n    at afterConnectMultiple (node:net:2092:16)","errno":-111,"code":"ECONNREFUSED","syscall":"connect","address":"::1","port":32825},{"type":"Error","message":"connect ECONNREFUSED 127.0.0.1:32825","stack":"Error: connect ECONNREFUSED 127.0.0.1:32825\n    at createConnectionError (node:net:2062:14)\n    at afterConnectMultiple (node:net:2092:16)","errno":-111,"code":"ECONNREFUSED","syscall":"connect","address":"127.0.0.1","port":32825}],"code":"ECONNREFUSED"},"msg":"Cross-process event bridge listener failed"}
{"level":40,"time":1789709075670,"pid":123473,"hostname":"cursor","name":"events","err":{"type":"AggregateError","message":"","stack":"AggregateError: \n    at internalConnectMultiple (node:net:1430:18)\n    at afterConnectMultiple (node:net:2099:7)","aggregateErrors":[{"type":"Error","message":"connect ECONNREFUSED ::1:32825","stack":"Error: connect ECONNREFUSED ::1:32825\n    at createConnectionError (node:net:2062:14)\n    at afterConnectMultiple (node:net:2092:16)","errno":-111,"code":"ECONNREFUSED","syscall":"connect","address":"::1","port":32825},{"type":"Error","message":"connect ECONNREFUSED 127.0.0.1:32825","stack":"Error: connect ECONNREFUSED 127.0.0.1:32825\n    at createConnectionError (node:net:2062:14)\n    at afterConnectMultiple (node:net:2092:16)","errno":-111,"code":"ECONNREFUSED","syscall":"connect","address":"127.0.0.1","port":32825}],"code":"ECONNREFUSED"},"msg":"Cross-process event bridge listener failed"}
{"level":40,"time":1789709076672,"pid":123473,"hostname":"cursor","name":"events","err":{"type":"AggregateError","message":"","stack":"AggregateError: \n    at internalConnectMultiple (node:net:1430:18)\n    at afterConnectMultiple (node:net:2099:7)","aggregateErrors":[{"type":"Error","message":"connect ECONNREFUSED ::1:32825","stack":"Error: connect ECONNREFUSED ::1:32825\n    at createConnectionError (node:net:2062:14)\n    at afterConnectMultiple (node:net:2092:16)","errno":-111,"code":"ECONNREFUSED","syscall":"connect","address":"::1","port":32825},{"type":"Error","message":"connect ECONNREFUSED 127.0.0.1:32825","stack":"Error: connect ECONNREFUSED 127.0.0.1:32825\n    at createConnectionError (node:net:2062:14)\n    at afterConnectMultiple (node:net:2092:16)","errno":-111,"code":"ECONNREFUSED","syscall":"connect","address":"127.0.0.1","port":32825}],"code":"ECONNREFUSED"},"msg":"Cross-process event bridge listener failed"}
{"level":50,"time":1789709076731,"pid":123611,"hostname":"cursor","name":"queue","queue":"checkout-email","err":{"type":"Error","message":"ENOENT: no such file or directory, open '/workspace/apps/mercato/.mercato/queue/checkout-email/queue.json'","stack":"Error: ENOENT: no such file or directory, open '/workspace/apps/mercato/.mercato/queue/checkout-email/queue.json'\n    at async open (node:internal/fs/promises:1345:25)\n    at async Object.writeFile (node:internal/fs/promises:1965:14)\n    at async ensureDir (file:///workspace/packages/queue/dist/strategies/local.js:179:7)\n    at async file:///workspace/packages/queue/dist/strategies/local.js:396:9","errno":-2,"code":"ENOENT","syscall":"open","path":"/workspace/apps/mercato/.mercato/queue/checkout-email/queue.json"},"msg":"Failed to watch queue file; fallback polling remains active"}
{"level":50,"time":1789709076732,"pid":123611,"hostname":"cursor","name":"queue","queue":"attachments-quota-recovery","err":{"type":"Error","message":"ENOENT: no such file or directory, open '/workspace/apps/mercato/.mercato/queue/attachments-quota-recovery/queue.json'","stack":"Error: ENOENT: no such file or directory, open '/workspace/apps/mercato/.mercato/queue/attachments-quota-recovery/queue.json'\n    at async open (node:internal/fs/promises:1345:25)\n    at async Object.writeFile (node:internal/fs/promises:1965:14)\n    at async ensureDir (file:///workspace/packages/queue/dist/strategies/local.js:179:7)\n    at async file:///workspace/packages/queue/dist/strategies/local.js:396:9","errno":-2,"code":"ENOENT","syscall":"open","path":"/workspace/apps/mercato/.mercato/queue/attachments-quota-recovery/queue.json"},"msg":"Failed to watch queue file; fallback polling remains active"}
{"level":50,"time":1789709076732,"pid":123611,"hostname":"cursor","name":"queue","queue":"checkout-email","err":{"type":"Error","message":"ENOENT: no such file or directory, open '/workspace/apps/mercato/.mercato/queue/checkout-email/queue.json'","stack":"Error: ENOENT: no such file or directory, open '/workspace/apps/mercato/.mercato/queue/checkout-email/queue.json'\n    at async open (node:internal/fs/promises:1345:25)\n    at async Object.writeFile (node:internal/fs/promises:1965:14)\n    at async ensureDir (file:///workspace/packages/queue/dist/strategies/local.js:179:7)\n    at async runExclusively (file:///workspace/packages/queue/dist/strategies/local.js:67:5)","errno":-2,"code":"ENOENT","syscall":"open","path":"/workspace/apps/mercato/.mercato/queue/checkout-email/queue.json"},"msg":"Polling error"}
{"level":50,"time":1789709076732,"pid":123611,"hostname":"cursor","name":"queue","queue":"attachments-quota-recovery","err":{"type":"Error","message":"ENOENT: no such file or directory, open '/workspace/apps/mercato/.mercato/queue/attachments-quota-recovery/queue.json'","stack":"Error: ENOENT: no such file or directory, open '/workspace/apps/mercato/.mercato/queue/attachments-quota-recovery/queue.json'\n    at async open (node:internal/fs/promises:1345:25)\n    at async Object.writeFile (node:internal/fs/promises:1965:14)\n    at async ensureDir (file:///workspace/packages/queue/dist/strategies/local.js:179:7)\n    at async runExclusively (file:///workspace/packages/queue/dist/strategies/local.js:67:5)","errno":-2,"code":"ENOENT","syscall":"open","path":"/workspace/apps/mercato/.mercato/queue/attachments-quota-recovery/queue.json"},"msg":"Polling error"}
{"level":50,"time":1789709076732,"pid":123611,"hostname":"cursor","name":"queue","queue":"checkout-transaction-expiry","err":{"type":"Error","message":"ENOENT: no such file or directory, open '/workspace/apps/mercato/.mercato/queue/checkout-transaction-expiry/queue.json'","stack":"Error: ENOENT: no such file or directory, open '/workspace/apps/mercato/.mercato/queue/checkout-transaction-expiry/queue.json'\n    at async open (node:internal/fs/promises:1345:25)\n    at async Object.writeFile (node:internal/fs/promises:1965:14)\n    at async ensureDir (file:///workspace/packages/queue/dist/strategies/local.js:179:7)\n    at async runExclusively (file:///workspace/packages/queue/dist/strategies/local.js:67:5)","errno":-2,"code":"ENOENT","syscall":"open","path":"/workspace/apps/mercato/.mercato/queue/checkout-transaction-expiry/queue.json"},"msg":"Polling error"}
{"level":50,"time":1789709076732,"pid":123611,"hostname":"cursor","name":"queue","queue":"communication-channels-gmail-history-sync","err":{"type":"Error","message":"ENOENT: no such file or directory, open '/workspace/apps/mercato/.mercato/queue/communication-channels-gmail-history-sync/queue.json'","stack":"Error: ENOENT: no such file or directory, open '/workspace/apps/mercato/.mercato/queue/communication-channels-gmail-history-sync/queue.json'\n    at async open (node:internal/fs/promises:1345:25)\n    at async Object.writeFile (node:internal/fs/promises:1965:14)\n    at async ensureDir (file:///workspace/packages/queue/dist/strategies/local.js:179:7)\n    at async runExclusively (file:///workspace/packages/queue/dist/strategies/local.js:67:5)","errno":-2,"code":"ENOENT","syscall":"open","path":"/workspace/apps/mercato/.mercato/queue/communication-channels-gmail-history-sync/queue.json"},"msg":"Polling error"}
{"level":50,"time":1789709076732,"pid":123611,"hostname":"cursor","name":"queue","queue":"communication-channels-gmail-history-sync","err":{"type":"Error","message":"ENOENT: no such file or directory, open '/workspace/apps/mercato/.mercato/queue/communication-channels-gmail-history-sync/queue.json'","stack":"Error: ENOENT: no such file or directory, open '/workspace/apps/mercato/.mercato/queue/communication-channels-gmail-history-sync/queue.json'\n    at async open (node:internal/fs/promises:1345:25)\n    at async Object.writeFile (node:internal/fs/promises:1965:14)\n    at async ensureDir (file:///workspace/packages/queue/dist/strategies/local.js:179:7)\n    at async file:///workspace/packages/queue/dist/strategies/local.js:396:9","errno":-2,"code":"ENOENT","syscall":"open","path":"/workspace/apps/mercato/.mercato/queue/communication-channels-gmail-history-sync/queue.json"},"msg":"Failed to watch queue file; fallback polling remains active"}
{"level":50,"time":1789709076733,"pid":123611,"hostname":"cursor","name":"queue","queue":"checkout-transaction-expiry","err":{"type":"Error","message":"ENOENT: no such file or directory, open '/workspace/apps/mercato/.mercato/queue/checkout-transaction-expiry/queue.json'","stack":"Error: ENOENT: no such file or directory, open '/workspace/apps/mercato/.mercato/queue/checkout-transaction-expiry/queue.json'\n    at async open (node:internal/fs/promises:1345:25)\n    at async Object.writeFile (node:internal/fs/promises:1965:14)\n    at async ensureDir (file:///workspace/packages/queue/dist/strategies/local.js:179:7)\n    at async file:///workspace/packages/queue/dist/strategies/local.js:396:9","errno":-2,"code":"ENOENT","syscall":"open","path":"/workspace/apps/mercato/.mercato/queue/checkout-transaction-expiry/queue.json"},"msg":"Failed to watch queue file; fallback polling remains active"}
{"level":50,"time":1789709076733,"pid":123611,"hostname":"cursor","name":"queue","queue":"catalog-product-bulk-delete","err":{"type":"Error","message":"ENOENT: no such file or directory, open '/workspace/apps/mercato/.mercato/queue/catalog-product-bulk-delete/queue.json'","stack":"Error: ENOENT: no such file or directory, open '/workspace/apps/mercato/.mercato/queue/catalog-product-bulk-delete/queue.json'\n    at async open (node:internal/fs/promises:1345:25)\n    at async Object.writeFile (node:internal/fs/promises:1965:14)\n    at async ensureDir (file:///workspace/packages/queue/dist/strategies/local.js:179:7)\n    at async runExclusively (file:///workspace/packages/queue/dist/strategies/local.js:67:5)","errno":-2,"code":"ENOENT","syscall":"open","path":"/workspace/apps/mercato/.mercato/queue/catalog-product-bulk-delete/queue.json"},"msg":"Polling error"}
{"level":50,"time":1789709076734,"pid":123611,"hostname":"cursor","name":"queue","queue":"catalog-product-bulk-delete","err":{"type":"Error","message":"ENOENT: no such file or directory, open '/workspace/apps/mercato/.mercato/queue/catalog-product-bulk-delete/queue.json'","stack":"Error: ENOENT: no such file or directory, open '/workspace/apps/mercato/.mercato/queue/catalog-product-bulk-delete/queue.json'\n    at async open (node:internal/fs/promises:1345:25)\n    at async Object.writeFile (node:internal/fs/promises:1965:14)\n    at async ensureDir (file:///workspace/packages/queue/dist/strategies/local.js:179:7)\n    at async file:///workspace/packages/queue/dist/strategies/local.js:396:9","errno":-2,"code":"ENOENT","syscall":"open","path":"/workspace/apps/mercato/.mercato/queue/catalog-product-bulk-delete/queue.json"},"msg":"Failed to watch queue file; fallback polling remains active"}
{"level":40,"time":1789709077674,"pid":123473,"hostname":"cursor","name":"events","err":{"type":"AggregateError","message":"","stack":"AggregateError: \n    at internalConnectMultiple (node:net:1430:18)\n    at afterConnectMultiple (node:net:2099:7)","aggregateErrors":[{"type":"Error","message":"connect ECONNREFUSED ::1:32825","stack":"Error: connect ECONNREFUSED ::1:32825\n    at createConnectionError (node:net:2062:14)\n    at afterConnectMultiple (node:net:2092:16)","errno":-111,"code":"ECONNREFUSED","syscall":"connect","address":"::1","port":32825},{"type":"Error","message":"connect ECONNREFUSED 127.0.0.1:32825","stack":"Error: connect ECONNREFUSED 127.0.0.1:32825\n    at createConnectionError (node:net:2062:14)\n    at afterConnectMultiple (node:net:2092:16)","errno":-111,"code":"ECONNREFUSED","syscall":"connect","address":"127.0.0.1","port":32825}],"code":"ECONNREFUSED"},"msg":"Cross-process event bridge listener failed"}
{"level":40,"time":1789709078676,"pid":123473,"hostname":"cursor","name":"events","err":{"type":"AggregateError","message":"","stack":"AggregateError: \n    at internalConnectMultiple (node:net:1430:18)\n    at afterConnectMultiple (node:net:2099:7)","aggregateErrors":[{"type":"Error","message":"connect ECONNREFUSED ::1:32825","stack":"Error: connect ECONNREFUSED ::1:32825\n    at createConnectionError (node:net:2062:14)\n    at afterConnectMultiple (node:net:2092:16)","errno":-111,"code":"ECONNREFUSED","syscall":"connect","address":"::1","port":32825},{"type":"Error","message":"connect ECONNREFUSED 127.0.0.1:32825","stack":"Error: connect ECONNREFUSED 127.0.0.1:32825\n    at createConnectionError (node:net:2062:14)\n    at afterConnectMultiple (node:net:2092:16)","errno":-111,"code":"ECONNREFUSED","syscall":"connect","address":"127.0.0.1","port":32825}],"code":"ECONNREFUSED"},"msg":"Cross-process event bridge listener failed"}
{"level":40,"time":1789709079681,"pid":123473,"hostname":"cursor","name":"events","err":{"type":"AggregateError","message":"","stack":"AggregateError: \n    at internalConnectMultiple (node:net:1430:18)\n    at afterConnectMultiple (node:net:2099:7)","aggregateErrors":[{"type":"Error","message":"connect ECONNREFUSED ::1:32825","stack":"Error: connect ECONNREFUSED ::1:32825\n    at createConnectionError (node:net:2062:14)\n    at afterConnectMultiple (node:net:2092:16)","errno":-111,"code":"ECONNREFUSED","syscall":"connect","address":"::1","port":32825},{"type":"Error","message":"connect ECONNREFUSED 127.0.0.1:32825","stack":"Error: connect ECONNREFUSED 127.0.0.1:32825\n    at createConnectionError (node:net:2062:14)\n    at afterConnectMultiple (node:net:2092:16)","errno":-111,"code":"ECONNREFUSED","syscall":"connect","address":"127.0.0.1","port":32825}],"code":"ECONNREFUSED"},"msg":"Cross-process event bridge listener failed"}
{"level":40,"time":1789709080684,"pid":123473,"hostname":"cursor","name":"events","err":{"type":"AggregateError","message":"","stack":"AggregateError: \n    at internalConnectMultiple (node:net:1430:18)\n    at afterConnectMultiple (node:net:2099:7)","aggregateErrors":[{"type":"Error","message":"connect ECONNREFUSED ::1:32825","stack":"Error: connect ECONNREFUSED ::1:32825\n    at createConnectionError (node:net:2062:14)\n    at afterConnectMultiple (node:net:2092:16)","errno":-111,"code":"ECONNREFUSED","syscall":"connect","address":"::1","port":32825},{"type":"Error","message":"connect ECONNREFUSED 127.0.0.1:32825","stack":"Error: connect ECONNREFUSED 127.0.0.1:32825\n    at createConnectionError (node:net:2062:14)\n    at afterConnectMultiple (node:net:2092:16)","errno":-111,"code":"ECONNREFUSED","syscall":"connect","address":"127.0.0.1","port":32825}],"code":"ECONNREFUSED"},"msg":"Cross-process event bridge listener failed"}
{"level":40,"time":1789709081687,"pid":123473,"hostname":"cursor","name":"events","err":{"type":"AggregateError","message":"","stack":"AggregateError: \n    at internalConnectMultiple (node:net:1430:18)\n    at afterConnectMultiple (node:net:2099:7)","aggregateErrors":[{"type":"Error","message":"connect ECONNREFUSED ::1:32825","stack":"Error: connect ECONNREFUSED ::1:32825\n    at createConnectionError (node:net:2062:14)\n    at afterConnectMultiple (node:net:2092:16)","errno":-111,"code":"ECONNREFUSED","syscall":"connect","address":"::1","port":32825},{"type":"Error","message":"connect ECONNREFUSED 127.0.0.1:32825","stack":"Error: connect ECONNREFUSED 127.0.0.1:32825\n    at createConnectionError (node:net:2062:14)\n    at afterConnectMultiple (node:net:2092:16)","errno":-111,"code":"ECONNREFUSED","syscall":"connect","address":"127.0.0.1","port":32825}],"code":"ECONNREFUSED"},"msg":"Cross-process event bridge listener failed"}
{"level":40,"time":1789709082688,"pid":123473,"hostname":"cursor","name":"events","err":{"type":"AggregateError","message":"","stack":"AggregateError: \n    at internalConnectMultiple (node:net:1430:18)\n    at afterConnectMultiple (node:net:2099:7)","aggregateErrors":[{"type":"Error","message":"connect ECONNREFUSED ::1:32825","stack":"Error: connect ECONNREFUSED ::1:32825\n    at createConnectionError (node:net:2062:14)\n    at afterConnectMultiple (node:net:2092:16)","errno":-111,"code":"ECONNREFUSED","syscall":"connect","address":"::1","port":32825},{"type":"Error","message":"connect ECONNREFUSED 127.0.0.1:32825","stack":"Error: connect ECONNREFUSED 127.0.0.1:32825\n    at createConnectionError (node:net:2062:14)\n    at afterConnectMultiple (node:net:2092:16)","errno":-111,"code":"ECONNREFUSED","syscall":"connect","address":"127.0.0.1","port":32825}],"code":"ECONNREFUSED"},"msg":"Cross-process event bridge listener failed"}
{"level":40,"time":1789709083691,"pid":123473,"hostname":"cursor","name":"events","err":{"type":"AggregateError","message":"","stack":"AggregateError: \n    at internalConnectMultiple (node:net:1430:18)\n    at afterConnectMultiple (node:net:2099:7)","aggregateErrors":[{"type":"Error","message":"connect ECONNREFUSED ::1:32825","stack":"Error: connect ECONNREFUSED ::1:32825\n    at createConnectionError (node:net:2062:14)\n    at afterConnectMultiple (node:net:2092:16)","errno":-111,"code":"ECONNREFUSED","syscall":"connect","address":"::1","port":32825},{"type":"Error","message":"connect ECONNREFUSED 127.0.0.1:32825","stack":"Error: connect ECONNREFUSED 127.0.0.1:32825\n    at createConnectionError (node:net:2062:14)\n    at afterConnectMultiple (node:net:2092:16)","errno":-111,"code":"ECONNREFUSED","syscall":"connect","address":"127.0.0.1","port":32825}],"code":"ECONNREFUSED"},"msg":"Cross-process event bridge listener failed"}
{"level":40,"time":1789709084695,"pid":123473,"hostname":"cursor","name":"events","err":{"type":"AggregateError","message":"","stack":"AggregateError: \n    at internalConnectMultiple (node:net:1430:18)\n    at afterConnectMultiple (node:net:2099:7)","aggregateErrors":[{"type":"Error","message":"connect ECONNREFUSED ::1:32825","stack":"Error: connect ECONNREFUSED ::1:32825\n    at createConnectionError (node:net:2062:14)\n    at afterConnectMultiple (node:net:2092:16)","errno":-111,"code":"ECONNREFUSED","syscall":"connect","address":"::1","port":32825},{"type":"Error","message":"connect ECONNREFUSED 127.0.0.1:32825","stack":"Error: connect ECONNREFUSED 127.0.0.1:32825\n    at createConnectionError (node:net:2062:14)\n    at afterConnectMultiple (node:net:2092:16)","errno":-111,"code":"ECONNREFUSED","syscall":"connect","address":"127.0.0.1","port":32825}],"code":"ECONNREFUSED"},"msg":"Cross-process event bridge listener failed"}
{"level":40,"time":1789709085697,"pid":123473,"hostname":"cursor","name":"events","err":{"type":"AggregateError","message":"","stack":"AggregateError: \n    at internalConnectMultiple (node:net:1430:18)\n    at afterConnectMultiple (node:net:2099:7)","aggregateErrors":[{"type":"Error","message":"connect ECONNREFUSED ::1:32825","stack":"Error: connect ECONNREFUSED ::1:32825\n    at createConnectionError (node:net:2062:14)\n    at afterConnectMultiple (node:net:2092:16)","errno":-111,"code":"ECONNREFUSED","syscall":"connect","address":"::1","port":32825},{"type":"Error","message":"connect ECONNREFUSED 127.0.0.1:32825","stack":"Error: connect ECONNREFUSED 127.0.0.1:32825\n    at createConnectionError (node:net:2062:14)\n    at afterConnectMultiple (node:net:2092:16)","errno":-111,"code":"ECONNREFUSED","syscall":"connect","address":"127.0.0.1","port":32825}],"code":"ECONNREFUSED"},"msg":"Cross-process event bridge listener failed"}
{"level":40,"time":1789709086699,"pid":123473,"hostname":"cursor","name":"events","err":{"type":"AggregateError","message":"","stack":"AggregateError: \n    at internalConnectMultiple (node:net:1430:18)\n    at afterConnectMultiple (node:net:2099:7)","aggregateErrors":[{"type":"Error","message":"connect ECONNREFUSED ::1:32825","stack":"Error: connect ECONNREFUSED ::1:32825\n    at createConnectionError (node:net:2062:14)\n    at afterConnectMultiple (node:net:2092:16)","errno":-111,"code":"ECONNREFUSED","syscall":"connect","address":"::1","port":32825},{"type":"Error","message":"connect ECONNREFUSED 127.0.0.1:32825","stack":"Error: connect ECONNREFUSED 127.0.0.1:32825\n    at createConnectionError (node:net:2062:14)\n    at afterConnectMultiple (node:net:2092:16)","errno":-111,"code":"ECONNREFUSED","syscall":"connect","address":"127.0.0.1","port":32825}],"code":"ECONNREFUSED"},"msg":"Cross-process event bridge listener failed"}
{"level":40,"time":1789709087701,"pid":123473,"hostname":"cursor","name":"events","err":{"type":"AggregateError","message":"","stack":"AggregateError: \n    at internalConnectMultiple (node:net:1430:18)\n    at afterConnectMultiple (node:net:2099:7)","aggregateErrors":[{"type":"Error","message":"connect ECONNREFUSED ::1:32825","stack":"Error: connect ECONNREFUSED ::1:32825\n    at createConnectionError (node:net:2062:14)\n    at afterConnectMultiple (node:net:2092:16)","errno":-111,"code":"ECONNREFUSED","syscall":"connect","address":"::1","port":32825},{"type":"Error","message":"connect ECONNREFUSED 127.0.0.1:32825","stack":"Error: connect ECONNREFUSED 127.0.0.1:32825\n    at createConnectionError (node:net:2062:14)\n    at afterConnectMultiple (node:net:2092:16)","errno":-111,"code":"ECONNREFUSED","syscall":"connect","address":"127.0.0.1","port":32825}],"code":"ECONNREFUSED"},"msg":"Cross-process event bridge listener failed"}
{"level":40,"time":1789709088704,"pid":123473,"hostname":"cursor","name":"events","err":{"type":"AggregateError","message":"","stack":"AggregateError: \n    at internalConnectMultiple (node:net:1430:18)\n    at afterConnectMultiple (node:net:2099:7)","aggregateErrors":[{"type":"Error","message":"connect ECONNREFUSED ::1:32825","stack":"Error: connect ECONNREFUSED ::1:32825\n    at createConnectionError (node:net:2062:14)\n    at afterConnectMultiple (node:net:2092:16)","errno":-111,"code":"ECONNREFUSED","syscall":"connect","address":"::1","port":32825},{"type":"Error","message":"connect ECONNREFUSED 127.0.0.1:32825","stack":"Error: connect ECONNREFUSED 127.0.0.1:32825\n    at createConnectionError (node:net:2062:14)\n    at afterConnectMultiple (node:net:2092:16)","errno":-111,"code":"ECONNREFUSED","syscall":"connect","address":"127.0.0.1","port":32825}],"code":"ECONNREFUSED"},"msg":"Cross-process event bridge listener failed"}
{"level":40,"time":1789709089706,"pid":123473,"hostname":"cursor","name":"events","err":{"type":"AggregateError","message":"","stack":"AggregateError: \n    at internalConnectMultiple (node:net:1430:18)\n    at afterConnectMultiple (node:net:2099:7)","aggregateErrors":[{"type":"Error","message":"connect ECONNREFUSED ::1:32825","stack":"Error: connect ECONNREFUSED ::1:32825\n    at createConnectionError (node:net:2062:14)\n    at afterConnectMultiple (node:net:2092:16)","errno":-111,"code":"ECONNREFUSED","syscall":"connect","address":"::1","port":32825},{"type":"Error","message":"connect ECONNREFUSED 127.0.0.1:32825","stack":"Error: connect ECONNREFUSED 127.0.0.1:32825\n    at createConnectionError (node:net:2062:14)\n    at afterConnectMultiple (node:net:2092:16)","errno":-111,"code":"ECONNREFUSED","syscall":"connect","address":"127.0.0.1","port":32825}],"code":"ECONNREFUSED"},"msg":"Cross-process event bridge listener failed"}
{"level":40,"time":1789709090709,"pid":123473,"hostname":"cursor","name":"events","err":{"type":"AggregateError","message":"","stack":"AggregateError: \n    at internalConnectMultiple (node:net:1430:18)\n    at afterConnectMultiple (node:net:2099:7)","aggregateErrors":[{"type":"Error","message":"connect ECONNREFUSED ::1:32825","stack":"Error: connect ECONNREFUSED ::1:32825\n    at createConnectionError (node:net:2062:14)\n    at afterConnectMultiple (node:net:2092:16)","errno":-111,"code":"ECONNREFUSED","syscall":"connect","address":"::1","port":32825},{"type":"Error","message":"connect ECONNREFUSED 127.0.0.1:32825","stack":"Error: connect ECONNREFUSED 127.0.0.1:32825\n    at createConnectionError (node:net:2062:14)\n    at afterConnectMultiple (node:net:2092:16)","errno":-111,"code":"ECONNREFUSED","syscall":"connect","address":"127.0.0.1","port":32825}],"code":"ECONNREFUSED"},"msg":"Cross-process event bridge listener failed"}
{"level":40,"time":1789709091710,"pid":123473,"hostname":"cursor","name":"events","err":{"type":"AggregateError","message":"","stack":"AggregateError: \n    at internalConnectMultiple (node:net:1430:18)\n    at afterConnectMultiple (node:net:2099:7)","aggregateErrors":[{"type":"Error","message":"connect ECONNREFUSED ::1:32825","stack":"Error: connect ECONNREFUSED ::1:32825\n    at createConnectionError (node:net:2062:14)\n    at afterConnectMultiple (node:net:2092:16)","errno":-111,"code":"ECONNREFUSED","syscall":"connect","address":"::1","port":32825},{"type":"Error","message":"connect ECONNREFUSED 127.0.0.1:32825","stack":"Error: connect ECONNREFUSED 127.0.0.1:32825\n    at createConnectionError (node:net:2062:14)\n    at afterConnectMultiple (node:net:2092:16)","errno":-111,"code":"ECONNREFUSED","syscall":"connect","address":"127.0.0.1","port":32825}],"code":"ECONNREFUSED"},"msg":"Cross-process event bridge listener failed"}
{"level":40,"time":1789709092713,"pid":123473,"hostname":"cursor","name":"events","err":{"type":"AggregateError","message":"","stack":"AggregateError: \n    at internalConnectMultiple (node:net:1430:18)\n    at afterConnectMultiple (node:net:2099:7)","aggregateErrors":[{"type":"Error","message":"connect ECONNREFUSED ::1:32825","stack":"Error: connect ECONNREFUSED ::1:32825\n    at createConnectionError (node:net:2062:14)\n    at afterConnectMultiple (node:net:2092:16)","errno":-111,"code":"ECONNREFUSED","syscall":"connect","address":"::1","port":32825},{"type":"Error","message":"connect ECONNREFUSED 127.0.0.1:32825","stack":"Error: connect ECONNREFUSED 127.0.0.1:32825\n    at createConnectionError (node:net:2062:14)\n    at afterConnectMultiple (node:net:2092:16)","errno":-111,"code":"ECONNREFUSED","syscall":"connect","address":"127.0.0.1","port":32825}],"code":"ECONNREFUSED"},"msg":"Cross-process event bridge listener failed"}
{"level":40,"time":1789709093715,"pid":123473,"hostname":"cursor","name":"events","err":{"type":"AggregateError","message":"","stack":"AggregateError: \n    at internalConnectMultiple (node:net:1430:18)\n    at afterConnectMultiple (node:net:2099:7)","aggregateErrors":[{"type":"Error","message":"connect ECONNREFUSED ::1:32825","stack":"Error: connect ECONNREFUSED ::1:32825\n    at createConnectionError (node:net:2062:14)\n    at afterConnectMultiple (node:net:2092:16)","errno":-111,"code":"ECONNREFUSED","syscall":"connect","address":"::1","port":32825},{"type":"Error","message":"connect ECONNREFUSED 127.0.0.1:32825","stack":"Error: connect ECONNREFUSED 127.0.0.1:32825\n    at createConnectionError (node:net:2062:14)\n    at afterConnectMultiple (node:net:2092:16)","errno":-111,"code":"ECONNREFUSED","syscall":"connect","address":"127.0.0.1","port":32825}],"code":"ECONNREFUSED"},"msg":"Cross-process event bridge listener failed"}
{"level":40,"time":1789709094718,"pid":123473,"hostname":"cursor","name":"events","err":{"type":"AggregateError","message":"","stack":"AggregateError: \n    at internalConnectMultiple (node:net:1430:18)\n    at afterConnectMultiple (node:net:2099:7)","aggregateErrors":[{"type":"Error","message":"connect ECONNREFUSED ::1:32825","stack":"Error: connect ECONNREFUSED ::1:32825\n    at createConnectionError (node:net:2062:14)\n    at afterConnectMultiple (node:net:2092:16)","errno":-111,"code":"ECONNREFUSED","syscall":"connect","address":"::1","port":32825},{"type":"Error","message":"connect ECONNREFUSED 127.0.0.1:32825","stack":"Error: connect ECONNREFUSED 127.0.0.1:32825\n    at createConnectionError (node:net:2062:14)\n    at afterConnectMultiple (node:net:2092:16)","errno":-111,"code":"ECONNREFUSED","syscall":"connect","address":"127.0.0.1","port":32825}],"code":"ECONNREFUSED"},"msg":"Cross-process event bridge listener failed"}
{"level":40,"time":1789709095719,"pid":123473,"hostname":"cursor","name":"events","err":{"type":"AggregateError","message":"","stack":"AggregateError: \n    at internalConnectMultiple (node:net:1430:18)\n    at afterConnectMultiple (node:net:2099:7)","aggregateErrors":[{"type":"Error","message":"connect ECONNREFUSED ::1:32825","stack":"Error: connect ECONNREFUSED ::1:32825\n    at createConnectionError (node:net:2062:14)\n    at afterConnectMultiple (node:net:2092:16)","errno":-111,"code":"ECONNREFUSED","syscall":"connect","address":"::1","port":32825},{"type":"Error","message":"connect ECONNREFUSED 127.0.0.1:32825","stack":"Error: connect ECONNREFUSED 127.0.0.1:32825\n    at createConnectionError (node:net:2062:14)\n    at afterConnectMultiple (node:net:2092:16)","errno":-111,"code":"ECONNREFUSED","syscall":"connect","address":"127.0.0.1","port":32825}],"code":"ECONNREFUSED"},"msg":"Cross-process event bridge listener failed"}
{"level":40,"time":1789709096722,"pid":123473,"hostname":"cursor","name":"events","err":{"type":"AggregateError","message":"","stack":"AggregateError: \n    at internalConnectMultiple (node:net:1430:18)\n    at afterConnectMultiple (node:net:2099:7)","aggregateErrors":[{"type":"Error","message":"connect ECONNREFUSED ::1:32825","stack":"Error: connect ECONNREFUSED ::1:32825\n    at createConnectionError (node:net:2062:14)\n    at afterConnectMultiple (node:net:2092:16)","errno":-111,"code":"ECONNREFUSED","syscall":"connect","address":"::1","port":32825},{"type":"Error","message":"connect ECONNREFUSED 127.0.0.1:32825","stack":"Error: connect ECONNREFUSED 127.0.0.1:32825\n    at createConnectionError (node:net:2062:14)\n    at afterConnectMultiple (node:net:2092:16)","errno":-111,"code":"ECONNREFUSED","syscall":"connect","address":"127.0.0.1","port":32825}],"code":"ECONNREFUSED"},"msg":"Cross-process event bridge listener failed"}
{"level":40,"time":1789709097723,"pid":123473,"hostname":"cursor","name":"events","err":{"type":"AggregateError","message":"","stack":"AggregateError: \n    at internalConnectMultiple (node:net:1430:18)\n    at afterConnectMultiple (node:net:2099:7)","aggregateErrors":[{"type":"Error","message":"connect ECONNREFUSED ::1:32825","stack":"Error: connect ECONNREFUSED ::1:32825\n    at createConnectionError (node:net:2062:14)\n    at afterConnectMultiple (node:net:2092:16)","errno":-111,"code":"ECONNREFUSED","syscall":"connect","address":"::1","port":32825},{"type":"Error","message":"connect ECONNREFUSED 127.0.0.1:32825","stack":"Error: connect ECONNREFUSED 127.0.0.1:32825\n    at createConnectionError (node:net:2062:14)\n    at afterConnectMultiple (node:net:2092:16)","errno":-111,"code":"ECONNREFUSED","syscall":"connect","address":"127.0.0.1","port":32825}],"code":"ECONNREFUSED"},"msg":"Cross-process event bridge listener failed"}
{"level":30,"time":1789709098634,"pid":123611,"hostname":"cursor","name":"queue","queue":"events","jobId":"edb3e07a-7da3-4965-8ac3-01caefe29626","msg":"Job completed"}
{"level":40,"time":1789709098725,"pid":123473,"hostname":"cursor","name":"events","err":{"type":"AggregateError","message":"","stack":"AggregateError: \n    at internalConnectMultiple (node:net:1430:18)\n    at afterConnectMultiple (node:net:2099:7)","aggregateErrors":[{"type":"Error","message":"connect ECONNREFUSED ::1:32825","stack":"Error: connect ECONNREFUSED ::1:32825\n    at createConnectionError (node:net:2062:14)\n    at afterConnectMultiple (node:net:2092:16)","errno":-111,"code":"ECONNREFUSED","syscall":"connect","address":"::1","port":32825},{"type":"Error","message":"connect ECONNREFUSED 127.0.0.1:32825","stack":"Error: connect ECONNREFUSED 127.0.0.1:32825\n    at createConnectionError (node:net:2062:14)\n    at afterConnectMultiple (node:net:2092:16)","errno":-111,"code":"ECONNREFUSED","syscall":"connect","address":"127.0.0.1","port":32825}],"code":"ECONNREFUSED"},"msg":"Cross-process event bridge listener failed"}
{"level":30,"time":1789709099291,"pid":123611,"hostname":"cursor","name":"queue","queue":"events","jobId":"c2e9fbd0-adcb-4ff4-a9ae-9976f3ab081d","msg":"Job completed"}
{"level":30,"time":1789709099319,"pid":123611,"hostname":"cursor","name":"queue","queue":"events","jobId":"5f2409fe-5de1-413b-9208-e594fd8303bd","msg":"Job completed"}
{"level":30,"time":1789709099337,"pid":123611,"hostname":"cursor","name":"queue","queue":"events","jobId":"108669a3-2b1f-4815-83d0-195737a6a3d1","msg":"Job completed"}
{"level":30,"time":1789709099366,"pid":123611,"hostname":"cursor","name":"queue","queue":"events","jobId":"d7aa97e8-d415-408f-a457-b0f65bc21f95","msg":"Job completed"}
{"level":30,"time":1789709099399,"pid":123611,"hostname":"cursor","name":"queue","queue":"events","jobId":"10031cb6-72cb-463b-8eb4-19b62ca86f9c","msg":"Job completed"}
{"level":30,"time":1789709099431,"pid":123611,"hostname":"cursor","name":"queue","queue":"events","jobId":"89046ee9-7354-416d-8e43-22c418e34126","msg":"Job completed"}
{"level":30,"time":1789709099452,"pid":123611,"hostname":"cursor","name":"queue","queue":"events","jobId":"503af269-31cb-4b20-862f-94a3d7444568","msg":"Job completed"}
{"level":30,"time":1789709099476,"pid":123611,"hostname":"cursor","name":"queue","queue":"events","jobId":"9803e559-752f-4af0-a923-2dc65262a2b0","msg":"Job completed"}
{"level":30,"time":1789709099512,"pid":123611,"hostname":"cursor","name":"queue","queue":"events","jobId":"d8b8d0f4-3dd2-4a47-8f2a-8c990625d053","msg":"Job completed"}
{"level":30,"time":1789709099545,"pid":123611,"hostname":"cursor","name":"queue","queue":"events","jobId":"42488207-2a38-4cd3-8bcd-363dfa362049","msg":"Job completed"}
{"level":30,"time":1789709099586,"pid":123611,"hostname":"cursor","name":"queue","queue":"events","jobId":"732b9143-b637-4ffc-844e-1cd4925159ff","msg":"Job completed"}
{"level":30,"time":1789709099602,"pid":123611,"hostname":"cursor","name":"queue","queue":"events","jobId":"09f2ded6-e56b-42f2-a67c-f1bc9bec49ff","msg":"Job completed"}
{"level":30,"time":1789709099684,"pid":123611,"hostname":"cursor","name":"queue","queue":"events","jobId":"9fcd6f85-1fcb-4547-9544-6a8991a95f6c","msg":"Job completed"}
{"level":30,"time":1789709099714,"pid":123611,"hostname":"cursor","name":"queue","queue":"events","jobId":"2638f21a-05aa-412b-8112-53e23b225397","msg":"Job completed"}
{"level":30,"time":1789709099724,"pid":123611,"hostname":"cursor","name":"queue","queue":"events","jobId":"679b23b4-f041-4166-8389-ecd3a8d1c61b","msg":"Job completed"}
{"level":40,"time":1789709099727,"pid":123473,"hostname":"cursor","name":"events","err":{"type":"AggregateError","message":"","stack":"AggregateError: \n    at internalConnectMultiple (node:net:1430:18)\n    at afterConnectMultiple (node:net:2099:7)","aggregateErrors":[{"type":"Error","message":"connect ECONNREFUSED ::1:32825","stack":"Error: connect ECONNREFUSED ::1:32825\n    at createConnectionError (node:net:2062:14)\n    at afterConnectMultiple (node:net:2092:16)","errno":-111,"code":"ECONNREFUSED","syscall":"connect","address":"::1","port":32825},{"type":"Error","message":"connect ECONNREFUSED 127.0.0.1:32825","stack":"Error: connect ECONNREFUSED 127.0.0.1:32825\n    at createConnectionError (node:net:2062:14)\n    at afterConnectMultiple (node:net:2092:16)","errno":-111,"code":"ECONNREFUSED","syscall":"connect","address":"127.0.0.1","port":32825}],"code":"ECONNREFUSED"},"msg":"Cross-process event bridge listener failed"}
{"level":30,"time":1789709099770,"pid":123611,"hostname":"cursor","name":"queue","queue":"events","jobId":"7ca1a15e-e575-4b9d-baeb-48b8e9485ec0","msg":"Job completed"}
{"level":30,"time":1789709099796,"pid":123611,"hostname":"cursor","name":"queue","queue":"events","jobId":"b1d60d52-b330-406c-aee9-03207139b77b","msg":"Job completed"}
{"level":30,"time":1789709099824,"pid":123611,"hostname":"cursor","name":"queue","queue":"events","jobId":"c6b3f53d-0626-4313-b7d4-f5a5b418bd0b","msg":"Job completed"}
{"level":30,"time":1789709099845,"pid":123611,"hostname":"cursor","name":"queue","queue":"events","jobId":"5ddc555a-5f5d-4ddd-8321-f888c4fda368","msg":"Job completed"}
{"level":30,"time":1789709099879,"pid":123611,"hostname":"cursor","name":"queue","queue":"events","jobId":"73314ad6-6c59-4230-9a1b-21326c0db9e3","msg":"Job completed"}
{"level":30,"time":1789709099912,"pid":123611,"hostname":"cursor","name":"queue","queue":"events","jobId":"79d0caa7-1d25-4b2d-9443-f8480ed0b9c5","msg":"Job completed"}
{"level":30,"time":1789709099930,"pid":123611,"hostname":"cursor","name":"queue","queue":"events","jobId":"7db2f75e-f42a-46ee-912f-bd1919569895","msg":"Job completed"}
{"level":30,"time":1789709099971,"pid":123611,"hostname":"cursor","name":"queue","queue":"events","jobId":"d6f704de-e4ac-4f6a-9f58-a46a43cc16d0","msg":"Job completed"}
{"level":30,"time":1789709099980,"pid":123611,"hostname":"cursor","name":"queue","queue":"events","jobId":"3a42d9a0-78fa-413e-ab60-827c7533518f","msg":"Job completed"}
{"level":30,"time":1789709100011,"pid":123611,"hostname":"cursor","name":"queue","queue":"events","jobId":"ab8c1a6a-af51-4291-be81-7e86e460795f","msg":"Job completed"}
{"level":30,"time":1789709100055,"pid":123611,"hostname":"cursor","name":"queue","queue":"events","jobId":"8128ed32-cffe-4f97-be86-7c5c471e454f","msg":"Job completed"}
{"level":30,"time":1789709100316,"pid":123611,"hostname":"cursor","name":"queue","queue":"events","jobId":"9c05a0cf-5bdf-4dd3-9ac7-78714f16e908","msg":"Job completed"}
{"level":30,"time":1789709100342,"pid":123611,"hostname":"cursor","name":"queue","queue":"events","jobId":"68472160-92e7-467e-ba8f-88d45cc55e6a","msg":"Job completed"}
{"level":30,"time":1789709100365,"pid":123611,"hostname":"cursor","name":"queue","queue":"events","jobId":"367d80ca-dde5-43e8-983f-7312e083d35d","msg":"Job completed"}
{"level":30,"time":1789709100410,"pid":123611,"hostname":"cursor","name":"queue","queue":"events","jobId":"d3303fee-d948-4eb1-9a1b-47af134594b9","msg":"Job completed"}
{"level":30,"time":1789709100435,"pid":123611,"hostname":"cursor","name":"queue","queue":"events","jobId":"c8baef2d-af39-4120-900c-603cb4c572ec","msg":"Job completed"}
{"level":30,"time":1789709100467,"pid":123611,"hostname":"cursor","name":"queue","queue":"events","jobId":"351f3229-3a4d-4739-9af7-f3a33b922ca9","msg":"Job completed"}
{"level":30,"time":1789709100491,"pid":123611,"hostname":"cursor","name":"queue","queue":"events","jobId":"ce866ffa-5d0c-402d-8e1b-ddd6cd312ffc","msg":"Job completed"}
{"level":30,"time":1789709100535,"pid":123611,"hostname":"cursor","name":"queue","queue":"events","jobId":"cfb69ac1-8b8e-4ac0-b4b2-85d8bb55f31b","msg":"Job completed"}
{"level":30,"time":1789709100571,"pid":123611,"hostname":"cursor","name":"queue","queue":"events","jobId":"6050ba52-3843-419b-a228-8073c24232e3","msg":"Job completed"}
{"level":30,"time":1789709100606,"pid":123611,"hostname":"cursor","name":"queue","queue":"events","jobId":"20b0c12b-7b9d-418e-b678-66304a0c81b2","msg":"Job completed"}
{"level":40,"time":1789709100730,"pid":123473,"hostname":"cursor","name":"events","err":{"type":"AggregateError","message":"","stack":"AggregateError: \n    at internalConnectMultiple (node:net:1430:18)\n    at afterConnectMultiple (node:net:2099:7)","aggregateErrors":[{"type":"Error","message":"connect ECONNREFUSED ::1:32825","stack":"Error: connect ECONNREFUSED ::1:32825\n    at createConnectionError (node:net:2062:14)\n    at afterConnectMultiple (node:net:2092:16)","errno":-111,"code":"ECONNREFUSED","syscall":"connect","address":"::1","port":32825},{"type":"Error","message":"connect ECONNREFUSED 127.0.0.1:32825","stack":"Error: connect ECONNREFUSED 127.0.0.1:32825\n    at createConnectionError (node:net:2062:14)\n    at afterConnectMultiple (node:net:2092:16)","errno":-111,"code":"ECONNREFUSED","syscall":"connect","address":"127.0.0.1","port":32825}],"code":"ECONNREFUSED"},"msg":"Cross-process event bridge listener failed"}
{"level":40,"time":1789709101732,"pid":123473,"hostname":"cursor","name":"events","err":{"type":"AggregateError","message":"","stack":"AggregateError: \n    at internalConnectMultiple (node:net:1430:18)\n    at afterConnectMultiple (node:net:2099:7)","aggregateErrors":[{"type":"Error","message":"connect ECONNREFUSED ::1:32825","stack":"Error: connect ECONNREFUSED ::1:32825\n    at createConnectionError (node:net:2062:14)\n    at afterConnectMultiple (node:net:2092:16)","errno":-111,"code":"ECONNREFUSED","syscall":"connect","address":"::1","port":32825},{"type":"Error","message":"connect ECONNREFUSED 127.0.0.1:32825","stack":"Error: connect ECONNREFUSED 127.0.0.1:32825\n    at createConnectionError (node:net:2062:14)\n    at afterConnectMultiple (node:net:2092:16)","errno":-111,"code":"ECONNREFUSED","syscall":"connect","address":"127.0.0.1","port":32825}],"code":"ECONNREFUSED"},"msg":"Cross-process event bridge listener failed"}
{"level":40,"time":1789709102733,"pid":123473,"hostname":"cursor","name":"events","err":{"type":"AggregateError","message":"","stack":"AggregateError: \n    at internalConnectMultiple (node:net:1430:18)\n    at afterConnectMultiple (node:net:2099:7)","aggregateErrors":[{"type":"Error","message":"connect ECONNREFUSED ::1:32825","stack":"Error: connect ECONNREFUSED ::1:32825\n    at createConnectionError (node:net:2062:14)\n    at afterConnectMultiple (node:net:2092:16)","errno":-111,"code":"ECONNREFUSED","syscall":"connect","address":"::1","port":32825},{"type":"Error","message":"connect ECONNREFUSED 127.0.0.1:32825","stack":"Error: connect ECONNREFUSED 127.0.0.1:32825\n    at createConnectionError (node:net:2062:14)\n    at afterConnectMultiple (node:net:2092:16)","errno":-111,"code":"ECONNREFUSED","syscall":"connect","address":"127.0.0.1","port":32825}],"code":"ECONNREFUSED"},"msg":"Cross-process event bridge listener failed"}
{"level":30,"time":1789709103293,"pid":123611,"hostname":"cursor","name":"queue","queue":"events","jobId":"e4b710eb-8801-464a-bd36-bf86c2c05873","msg":"Job completed"}
{"level":30,"time":1789709103357,"pid":123611,"hostname":"cursor","name":"queue","queue":"events","jobId":"6a6cf4a1-57d8-4df8-9f3e-b25727cd9084","msg":"Job completed"}
{"level":30,"time":1789709103412,"pid":123611,"hostname":"cursor","name":"queue","queue":"events","jobId":"2d032120-5d1a-4bdc-8f29-241e6276a803","msg":"Job completed"}
{"level":30,"time":1789709103461,"pid":123611,"hostname":"cursor","name":"queue","queue":"events","jobId":"d8f36007-102d-49df-8aa5-661166633fe2","msg":"Job completed"}
{"level":30,"time":1789709103538,"pid":123611,"hostname":"cursor","name":"queue","queue":"events","jobId":"aefd53eb-6caa-4a56-8487-ce2525539aa4","msg":"Job completed"}
{"level":30,"time":1789709103588,"pid":123611,"hostname":"cursor","name":"queue","queue":"events","jobId":"4602c20d-9af6-449a-a11a-d514f5dfb2f9","msg":"Job completed"}
{"level":40,"time":1789709103737,"pid":123473,"hostname":"cursor","name":"events","err":{"type":"AggregateError","message":"","stack":"AggregateError: \n    at internalConnectMultiple (node:net:1430:18)\n    at afterConnectMultiple (node:net:2099:7)","aggregateErrors":[{"type":"Error","message":"connect ECONNREFUSED ::1:32825","stack":"Error: connect ECONNREFUSED ::1:32825\n    at createConnectionError (node:net:2062:14)\n    at afterConnectMultiple (node:net:2092:16)","errno":-111,"code":"ECONNREFUSED","syscall":"connect","address":"::1","port":32825},{"type":"Error","message":"connect ECONNREFUSED 127.0.0.1:32825","stack":"Error: connect ECONNREFUSED 127.0.0.1:32825\n    at createConnectionError (node:net:2062:14)\n    at afterConnectMultiple (node:net:2092:16)","errno":-111,"code":"ECONNREFUSED","syscall":"connect","address":"127.0.0.1","port":32825}],"code":"ECONNREFUSED"},"msg":"Cross-process event bridge listener failed"}
{"level":40,"time":1789709104739,"pid":123473,"hostname":"cursor","name":"events","err":{"type":"AggregateError","message":"","stack":"AggregateError: \n    at internalConnectMultiple (node:net:1430:18)\n    at afterConnectMultiple (node:net:2099:7)","aggregateErrors":[{"type":"Error","message":"connect ECONNREFUSED ::1:32825","stack":"Error: connect ECONNREFUSED ::1:32825\n    at createConnectionError (node:net:2062:14)\n    at afterConnectMultiple (node:net:2092:16)","errno":-111,"code":"ECONNREFUSED","syscall":"connect","address":"::1","port":32825},{"type":"Error","message":"connect ECONNREFUSED 127.0.0.1:32825","stack":"Error: connect ECONNREFUSED 127.0.0.1:32825\n    at createConnectionError (node:net:2062:14)\n    at afterConnectMultiple (node:net:2092:16)","errno":-111,"code":"ECONNREFUSED","syscall":"connect","address":"127.0.0.1","port":32825}],"code":"ECONNREFUSED"},"msg":"Cross-process event bridge listener failed"}
{"level":40,"time":1789709105742,"pid":123473,"hostname":"cursor","name":"events","err":{"type":"AggregateError","message":"","stack":"AggregateError: \n    at internalConnectMultiple (node:net:1430:18)\n    at afterConnectMultiple (node:net:2099:7)","aggregateErrors":[{"type":"Error","message":"connect ECONNREFUSED ::1:32825","stack":"Error: connect ECONNREFUSED ::1:32825\n    at createConnectionError (node:net:2062:14)\n    at afterConnectMultiple (node:net:2092:16)","errno":-111,"code":"ECONNREFUSED","syscall":"connect","address":"::1","port":32825},{"type":"Error","message":"connect ECONNREFUSED 127.0.0.1:32825","stack":"Error: connect ECONNREFUSED 127.0.0.1:32825\n    at createConnectionError (node:net:2062:14)\n    at afterConnectMultiple (node:net:2092:16)","errno":-111,"code":"ECONNREFUSED","syscall":"connect","address":"127.0.0.1","port":32825}],"code":"ECONNREFUSED"},"msg":"Cross-process event bridge listener failed"}
{"level":40,"time":1789709106744,"pid":123473,"hostname":"cursor","name":"events","err":{"type":"AggregateError","message":"","stack":"AggregateError: \n    at internalConnectMultiple (node:net:1430:18)\n    at afterConnectMultiple (node:net:2099:7)","aggregateErrors":[{"type":"Error","message":"connect ECONNREFUSED ::1:32825","stack":"Error: connect ECONNREFUSED ::1:32825\n    at createConnectionError (node:net:2062:14)\n    at afterConnectMultiple (node:net:2092:16)","errno":-111,"code":"ECONNREFUSED","syscall":"connect","address":"::1","port":32825},{"type":"Error","message":"connect ECONNREFUSED 127.0.0.1:32825","stack":"Error: connect ECONNREFUSED 127.0.0.1:32825\n    at createConnectionError (node:net:2062:14)\n    at afterConnectMultiple (node:net:2092:16)","errno":-111,"code":"ECONNREFUSED","syscall":"connect","address":"127.0.0.1","port":32825}],"code":"ECONNREFUSED"},"msg":"Cross-process event bridge listener failed"}
{"level":40,"time":1789709107746,"pid":123473,"hostname":"cursor","name":"events","err":{"type":"AggregateError","message":"","stack":"AggregateError: \n    at internalConnectMultiple (node:net:1430:18)\n    at afterConnectMultiple (node:net:2099:7)","aggregateErrors":[{"type":"Error","message":"connect ECONNREFUSED ::1:32825","stack":"Error: connect ECONNREFUSED ::1:32825\n    at createConnectionError (node:net:2062:14)\n    at afterConnectMultiple (node:net:2092:16)","errno":-111,"code":"ECONNREFUSED","syscall":"connect","address":"::1","port":32825},{"type":"Error","message":"connect ECONNREFUSED 127.0.0.1:32825","stack":"Error: connect ECONNREFUSED 127.0.0.1:32825\n    at createConnectionError (node:net:2062:14)\n    at afterConnectMultiple (node:net:2092:16)","errno":-111,"code":"ECONNREFUSED","syscall":"connect","address":"127.0.0.1","port":32825}],"code":"ECONNREFUSED"},"msg":"Cross-process event bridge listener failed"}
{"level":40,"time":1789709108749,"pid":123473,"hostname":"cursor","name":"events","err":{"type":"AggregateError","message":"","stack":"AggregateError: \n    at internalConnectMultiple (node:net:1430:18)\n    at afterConnectMultiple (node:net:2099:7)","aggregateErrors":[{"type":"Error","message":"connect ECONNREFUSED ::1:32825","stack":"Error: connect ECONNREFUSED ::1:32825\n    at createConnectionError (node:net:2062:14)\n    at afterConnectMultiple (node:net:2092:16)","errno":-111,"code":"ECONNREFUSED","syscall":"connect","address":"::1","port":32825},{"type":"Error","message":"connect ECONNREFUSED 127.0.0.1:32825","stack":"Error: connect ECONNREFUSED 127.0.0.1:32825\n    at createConnectionError (node:net:2062:14)\n    at afterConnectMultiple (node:net:2092:16)","errno":-111,"code":"ECONNREFUSED","syscall":"connect","address":"127.0.0.1","port":32825}],"code":"ECONNREFUSED"},"msg":"Cross-process event bridge listener failed"}
{"level":40,"time":1789709109755,"pid":123473,"hostname":"cursor","name":"events","err":{"type":"AggregateError","message":"","stack":"AggregateError: \n    at internalConnectMultiple (node:net:1430:18)\n    at afterConnectMultiple (node:net:2099:7)","aggregateErrors":[{"type":"Error","message":"connect ECONNREFUSED ::1:32825","stack":"Error: connect ECONNREFUSED ::1:32825\n    at createConnectionError (node:net:2062:14)\n    at afterConnectMultiple (node:net:2092:16)","errno":-111,"code":"ECONNREFUSED","syscall":"connect","address":"::1","port":32825},{"type":"Error","message":"connect ECONNREFUSED 127.0.0.1:32825","stack":"Error: connect ECONNREFUSED 127.0.0.1:32825\n    at createConnectionError (node:net:2062:14)\n    at afterConnectMultiple (node:net:2092:16)","errno":-111,"code":"ECONNREFUSED","syscall":"connect","address":"127.0.0.1","port":32825}],"code":"ECONNREFUSED"},"msg":"Cross-process event bridge listener failed"}
{"level":40,"time":1789709110757,"pid":123473,"hostname":"cursor","name":"events","err":{"type":"AggregateError","message":"","stack":"AggregateError: \n    at internalConnectMultiple (node:net:1430:18)\n    at afterConnectMultiple (node:net:2099:7)","aggregateErrors":[{"type":"Error","message":"connect ECONNREFUSED ::1:32825","stack":"Error: connect ECONNREFUSED ::1:32825\n    at createConnectionError (node:net:2062:14)\n    at afterConnectMultiple (node:net:2092:16)","errno":-111,"code":"ECONNREFUSED","syscall":"connect","address":"::1","port":32825},{"type":"Error","message":"connect ECONNREFUSED 127.0.0.1:32825","stack":"Error: connect ECONNREFUSED 127.0.0.1:32825\n    at createConnectionError (node:net:2062:14)\n    at afterConnectMultiple (node:net:2092:16)","errno":-111,"code":"ECONNREFUSED","syscall":"connect","address":"127.0.0.1","port":32825}],"code":"ECONNREFUSED"},"msg":"Cross-process event bridge listener failed"}
{"level":40,"time":1789709111758,"pid":123473,"hostname":"cursor","name":"events","err":{"type":"AggregateError","message":"","stack":"AggregateError: \n    at internalConnectMultiple (node:net:1430:18)\n    at afterConnectMultiple (node:net:2099:7)","aggregateErrors":[{"type":"Error","message":"connect ECONNREFUSED ::1:32825","stack":"Error: connect ECONNREFUSED ::1:32825\n    at createConnectionError (node:net:2062:14)\n    at afterConnectMultiple (node:net:2092:16)","errno":-111,"code":"ECONNREFUSED","syscall":"connect","address":"::1","port":32825},{"type":"Error","message":"connect ECONNREFUSED 127.0.0.1:32825","stack":"Error: connect ECONNREFUSED 127.0.0.1:32825\n    at createConnectionError (node:net:2062:14)\n    at afterConnectMultiple (node:net:2092:16)","errno":-111,"code":"ECONNREFUSED","syscall":"connect","address":"127.0.0.1","port":32825}],"code":"ECONNREFUSED"},"msg":"Cross-process event bridge listener failed"}
{"level":40,"time":1789709112761,"pid":123473,"hostname":"cursor","name":"events","err":{"type":"AggregateError","message":"","stack":"AggregateError: \n    at internalConnectMultiple (node:net:1430:18)\n    at afterConnectMultiple (node:net:2099:7)","aggregateErrors":[{"type":"Error","message":"connect ECONNREFUSED ::1:32825","stack":"Error: connect ECONNREFUSED ::1:32825\n    at createConnectionError (node:net:2062:14)\n    at afterConnectMultiple (node:net:2092:16)","errno":-111,"code":"ECONNREFUSED","syscall":"connect","address":"::1","port":32825},{"type":"Error","message":"connect ECONNREFUSED 127.0.0.1:32825","stack":"Error: connect ECONNREFUSED 127.0.0.1:32825\n    at createConnectionError (node:net:2062:14)\n    at afterConnectMultiple (node:net:2092:16)","errno":-111,"code":"ECONNREFUSED","syscall":"connect","address":"127.0.0.1","port":32825}],"code":"ECONNREFUSED"},"msg":"Cross-process event bridge listener failed"}
{"level":40,"time":1789709113765,"pid":123473,"hostname":"cursor","name":"events","err":{"type":"AggregateError","message":"","stack":"AggregateError: \n    at internalConnectMultiple (node:net:1430:18)\n    at afterConnectMultiple (node:net:2099:7)","aggregateErrors":[{"type":"Error","message":"connect ECONNREFUSED ::1:32825","stack":"Error: connect ECONNREFUSED ::1:32825\n    at createConnectionError (node:net:2062:14)\n    at afterConnectMultiple (node:net:2092:16)","errno":-111,"code":"ECONNREFUSED","syscall":"connect","address":"::1","port":32825},{"type":"Error","message":"connect ECONNREFUSED 127.0.0.1:32825","stack":"Error: connect ECONNREFUSED 127.0.0.1:32825\n    at createConnectionError (node:net:2062:14)\n    at afterConnectMultiple (node:net:2092:16)","errno":-111,"code":"ECONNREFUSED","syscall":"connect","address":"127.0.0.1","port":32825}],"code":"ECONNREFUSED"},"msg":"Cross-process event bridge listener failed"}
{"level":40,"time":1789709114768,"pid":123473,"hostname":"cursor","name":"events","err":{"type":"AggregateError","message":"","stack":"AggregateError: \n    at internalConnectMultiple (node:net:1430:18)\n    at afterConnectMultiple (node:net:2099:7)","aggregateErrors":[{"type":"Error","message":"connect ECONNREFUSED ::1:32825","stack":"Error: connect ECONNREFUSED ::1:32825\n    at createConnectionError (node:net:2062:14)\n    at afterConnectMultiple (node:net:2092:16)","errno":-111,"code":"ECONNREFUSED","syscall":"connect","address":"::1","port":32825},{"type":"Error","message":"connect ECONNREFUSED 127.0.0.1:32825","stack":"Error: connect ECONNREFUSED 127.0.0.1:32825\n    at createConnectionError (node:net:2062:14)\n    at afterConnectMultiple (node:net:2092:16)","errno":-111,"code":"ECONNREFUSED","syscall":"connect","address":"127.0.0.1","port":32825}],"code":"ECONNREFUSED"},"msg":"Cross-process event bridge listener failed"}
{"level":40,"time":1789709115770,"pid":123473,"hostname":"cursor","name":"events","err":{"type":"AggregateError","message":"","stack":"AggregateError: \n    at internalConnectMultiple (node:net:1430:18)\n    at afterConnectMultiple (node:net:2099:7)","aggregateErrors":[{"type":"Error","message":"connect ECONNREFUSED ::1:32825","stack":"Error: connect ECONNREFUSED ::1:32825\n    at createConnectionError (node:net:2062:14)\n    at afterConnectMultiple (node:net:2092:16)","errno":-111,"code":"ECONNREFUSED","syscall":"connect","address":"::1","port":32825},{"type":"Error","message":"connect ECONNREFUSED 127.0.0.1:32825","stack":"Error: connect ECONNREFUSED 127.0.0.1:32825\n    at createConnectionError (node:net:2062:14)\n    at afterConnectMultiple (node:net:2092:16)","errno":-111,"code":"ECONNREFUSED","syscall":"connect","address":"127.0.0.1","port":32825}],"code":"ECONNREFUSED"},"msg":"Cross-process event bridge listener failed"}
{"level":40,"time":1789709116772,"pid":123473,"hostname":"cursor","name":"events","err":{"type":"AggregateError","message":"","stack":"AggregateError: \n    at internalConnectMultiple (node:net:1430:18)\n    at afterConnectMultiple (node:net:2099:7)","aggregateErrors":[{"type":"Error","message":"connect ECONNREFUSED ::1:32825","stack":"Error: connect ECONNREFUSED ::1:32825\n    at createConnectionError (node:net:2062:14)\n    at afterConnectMultiple (node:net:2092:16)","errno":-111,"code":"ECONNREFUSED","syscall":"connect","address":"::1","port":32825},{"type":"Error","message":"connect ECONNREFUSED 127.0.0.1:32825","stack":"Error: connect ECONNREFUSED 127.0.0.1:32825\n    at createConnectionError (node:net:2062:14)\n    at afterConnectMultiple (node:net:2092:16)","errno":-111,"code":"ECONNREFUSED","syscall":"connect","address":"127.0.0.1","port":32825}],"code":"ECONNREFUSED"},"msg":"Cross-process event bridge listener failed"}
{"level":40,"time":1789709117774,"pid":123473,"hostname":"cursor","name":"events","err":{"type":"AggregateError","message":"","stack":"AggregateError: \n    at internalConnectMultiple (node:net:1430:18)\n    at afterConnectMultiple (node:net:2099:7)","aggregateErrors":[{"type":"Error","message":"connect ECONNREFUSED ::1:32825","stack":"Error: connect ECONNREFUSED ::1:32825\n    at createConnectionError (node:net:2062:14)\n    at afterConnectMultiple (node:net:2092:16)","errno":-111,"code":"ECONNREFUSED","syscall":"connect","address":"::1","port":32825},{"type":"Error","message":"connect ECONNREFUSED 127.0.0.1:32825","stack":"Error: connect ECONNREFUSED 127.0.0.1:32825\n    at createConnectionError (node:net:2062:14)\n    at afterConnectMultiple (node:net:2092:16)","errno":-111,"code":"ECONNREFUSED","syscall":"connect","address":"127.0.0.1","port":32825}],"code":"ECONNREFUSED"},"msg":"Cross-process event bridge listener failed"}
{"level":40,"time":1789709118776,"pid":123473,"hostname":"cursor","name":"events","err":{"type":"AggregateError","message":"","stack":"AggregateError: \n    at internalConnectMultiple (node:net:1430:18)\n    at afterConnectMultiple (node:net:2099:7)","aggregateErrors":[{"type":"Error","message":"connect ECONNREFUSED ::1:32825","stack":"Error: connect ECONNREFUSED ::1:32825\n    at createConnectionError (node:net:2062:14)\n    at afterConnectMultiple (node:net:2092:16)","errno":-111,"code":"ECONNREFUSED","syscall":"connect","address":"::1","port":32825},{"type":"Error","message":"connect ECONNREFUSED 127.0.0.1:32825","stack":"Error: connect ECONNREFUSED 127.0.0.1:32825\n    at createConnectionError (node:net:2062:14)\n    at afterConnectMultiple (node:net:2092:16)","errno":-111,"code":"ECONNREFUSED","syscall":"connect","address":"127.0.0.1","port":32825}],"code":"ECONNREFUSED"},"msg":"Cross-process event bridge listener failed"}
{"level":40,"time":1789709119778,"pid":123473,"hostname":"cursor","name":"events","err":{"type":"AggregateError","message":"","stack":"AggregateError: \n    at internalConnectMultiple (node:net:1430:18)\n    at afterConnectMultiple (node:net:2099:7)","aggregateErrors":[{"type":"Error","message":"connect ECONNREFUSED ::1:32825","stack":"Error: connect ECONNREFUSED ::1:32825\n    at createConnectionError (node:net:2062:14)\n    at afterConnectMultiple (node:net:2092:16)","errno":-111,"code":"ECONNREFUSED","syscall":"connect","address":"::1","port":32825},{"type":"Error","message":"connect ECONNREFUSED 127.0.0.1:32825","stack":"Error: connect ECONNREFUSED 127.0.0.1:32825\n    at createConnectionError (node:net:2062:14)\n    at afterConnectMultiple (node:net:2092:16)","errno":-111,"code":"ECONNREFUSED","syscall":"connect","address":"127.0.0.1","port":32825}],"code":"ECONNREFUSED"},"msg":"Cross-process event bridge listener failed"}
{"level":40,"time":1789709120782,"pid":123473,"hostname":"cursor","name":"events","err":{"type":"AggregateError","message":"","stack":"AggregateError: \n    at internalConnectMultiple (node:net:1430:18)\n    at afterConnectMultiple (node:net:2099:7)","aggregateErrors":[{"type":"Error","message":"connect ECONNREFUSED ::1:32825","stack":"Error: connect ECONNREFUSED ::1:32825\n    at createConnectionError (node:net:2062:14)\n    at afterConnectMultiple (node:net:2092:16)","errno":-111,"code":"ECONNREFUSED","syscall":"connect","address":"::1","port":32825},{"type":"Error","message":"connect ECONNREFUSED 127.0.0.1:32825","stack":"Error: connect ECONNREFUSED 127.0.0.1:32825\n    at createConnectionError (node:net:2062:14)\n    at afterConnectMultiple (node:net:2092:16)","errno":-111,"code":"ECONNREFUSED","syscall":"connect","address":"127.0.0.1","port":32825}],"code":"ECONNREFUSED"},"msg":"Cross-process event bridge listener failed"}
{"level":40,"time":1789709121784,"pid":123473,"hostname":"cursor","name":"events","err":{"type":"AggregateError","message":"","stack":"AggregateError: \n    at internalConnectMultiple (node:net:1430:18)\n    at afterConnectMultiple (node:net:2099:7)","aggregateErrors":[{"type":"Error","message":"connect ECONNREFUSED ::1:32825","stack":"Error: connect ECONNREFUSED ::1:32825\n    at createConnectionError (node:net:2062:14)\n    at afterConnectMultiple (node:net:2092:16)","errno":-111,"code":"ECONNREFUSED","syscall":"connect","address":"::1","port":32825},{"type":"Error","message":"connect ECONNREFUSED 127.0.0.1:32825","stack":"Error: connect ECONNREFUSED 127.0.0.1:32825\n    at createConnectionError (node:net:2062:14)\n    at afterConnectMultiple (node:net:2092:16)","errno":-111,"code":"ECONNREFUSED","syscall":"connect","address":"127.0.0.1","port":32825}],"code":"ECONNREFUSED"},"msg":"Cross-process event bridge listener failed"}
{"level":40,"time":1789709122786,"pid":123473,"hostname":"cursor","name":"events","err":{"type":"AggregateError","message":"","stack":"AggregateError: \n    at internalConnectMultiple (node:net:1430:18)\n    at afterConnectMultiple (node:net:2099:7)","aggregateErrors":[{"type":"Error","message":"connect ECONNREFUSED ::1:32825","stack":"Error: connect ECONNREFUSED ::1:32825\n    at createConnectionError (node:net:2062:14)\n    at afterConnectMultiple (node:net:2092:16)","errno":-111,"code":"ECONNREFUSED","syscall":"connect","address":"::1","port":32825},{"type":"Error","message":"connect ECONNREFUSED 127.0.0.1:32825","stack":"Error: connect ECONNREFUSED 127.0.0.1:32825\n    at createConnectionError (node:net:2062:14)\n    at afterConnectMultiple (node:net:2092:16)","errno":-111,"code":"ECONNREFUSED","syscall":"connect","address":"127.0.0.1","port":32825}],"code":"ECONNREFUSED"},"msg":"Cross-process event bridge listener failed"}
{"level":40,"time":1789709123788,"pid":123473,"hostname":"cursor","name":"events","err":{"type":"AggregateError","message":"","stack":"AggregateError: \n    at internalConnectMultiple (node:net:1430:18)\n    at afterConnectMultiple (node:net:2099:7)","aggregateErrors":[{"type":"Error","message":"connect ECONNREFUSED ::1:32825","stack":"Error: connect ECONNREFUSED ::1:32825\n    at createConnectionError (node:net:2062:14)\n    at afterConnectMultiple (node:net:2092:16)","errno":-111,"code":"ECONNREFUSED","syscall":"connect","address":"::1","port":32825},{"type":"Error","message":"connect ECONNREFUSED 127.0.0.1:32825","stack":"Error: connect ECONNREFUSED 127.0.0.1:32825\n    at createConnectionError (node:net:2062:14)\n    at afterConnectMultiple (node:net:2092:16)","errno":-111,"code":"ECONNREFUSED","syscall":"connect","address":"127.0.0.1","port":32825}],"code":"ECONNREFUSED"},"msg":"Cross-process event bridge listener failed"}
{"level":40,"time":1789709124790,"pid":123473,"hostname":"cursor","name":"events","err":{"type":"AggregateError","message":"","stack":"AggregateError: \n    at internalConnectMultiple (node:net:1430:18)\n    at afterConnectMultiple (node:net:2099:7)","aggregateErrors":[{"type":"Error","message":"connect ECONNREFUSED ::1:32825","stack":"Error: connect ECONNREFUSED ::1:32825\n    at createConnectionError (node:net:2062:14)\n    at afterConnectMultiple (node:net:2092:16)","errno":-111,"code":"ECONNREFUSED","syscall":"connect","address":"::1","port":32825},{"type":"Error","message":"connect ECONNREFUSED 127.0.0.1:32825","stack":"Error: connect ECONNREFUSED 127.0.0.1:32825\n    at createConnectionError (node:net:2062:14)\n    at afterConnectMultiple (node:net:2092:16)","errno":-111,"code":"ECONNREFUSED","syscall":"connect","address":"127.0.0.1","port":32825}],"code":"ECONNREFUSED"},"msg":"Cross-process event bridge listener failed"}
{"level":40,"time":1789709125793,"pid":123473,"hostname":"cursor","name":"events","err":{"type":"AggregateError","message":"","stack":"AggregateError: \n    at internalConnectMultiple (node:net:1430:18)\n    at afterConnectMultiple (node:net:2099:7)","aggregateErrors":[{"type":"Error","message":"connect ECONNREFUSED ::1:32825","stack":"Error: connect ECONNREFUSED ::1:32825\n    at createConnectionError (node:net:2062:14)\n    at afterConnectMultiple (node:net:2092:16)","errno":-111,"code":"ECONNREFUSED","syscall":"connect","address":"::1","port":32825},{"type":"Error","message":"connect ECONNREFUSED 127.0.0.1:32825","stack":"Error: connect ECONNREFUSED 127.0.0.1:32825\n    at createConnectionError (node:net:2062:14)\n    at afterConnectMultiple (node:net:2092:16)","errno":-111,"code":"ECONNREFUSED","syscall":"connect","address":"127.0.0.1","port":32825}],"code":"ECONNREFUSED"},"msg":"Cross-process event bridge listener failed"}
{"level":40,"time":1789709126795,"pid":123473,"hostname":"cursor","name":"events","err":{"type":"AggregateError","message":"","stack":"AggregateError: \n    at internalConnectMultiple (node:net:1430:18)\n    at afterConnectMultiple (node:net:2099:7)","aggregateErrors":[{"type":"Error","message":"connect ECONNREFUSED ::1:32825","stack":"Error: connect ECONNREFUSED ::1:32825\n    at createConnectionError (node:net:2062:14)\n    at afterConnectMultiple (node:net:2092:16)","errno":-111,"code":"ECONNREFUSED","syscall":"connect","address":"::1","port":32825},{"type":"Error","message":"connect ECONNREFUSED 127.0.0.1:32825","stack":"Error: connect ECONNREFUSED 127.0.0.1:32825\n    at createConnectionError (node:net:2062:14)\n    at afterConnectMultiple (node:net:2092:16)","errno":-111,"code":"ECONNREFUSED","syscall":"connect","address":"127.0.0.1","port":32825}],"code":"ECONNREFUSED"},"msg":"Cross-process event bridge listener failed"}
{"level":40,"time":1789709127797,"pid":123473,"hostname":"cursor","name":"events","err":{"type":"AggregateError","message":"","stack":"AggregateError: \n    at internalConnectMultiple (node:net:1430:18)\n    at afterConnectMultiple (node:net:2099:7)","aggregateErrors":[{"type":"Error","message":"connect ECONNREFUSED ::1:32825","stack":"Error: connect ECONNREFUSED ::1:32825\n    at createConnectionError (node:net:2062:14)\n    at afterConnectMultiple (node:net:2092:16)","errno":-111,"code":"ECONNREFUSED","syscall":"connect","address":"::1","port":32825},{"type":"Error","message":"connect ECONNREFUSED 127.0.0.1:32825","stack":"Error: connect ECONNREFUSED 127.0.0.1:32825\n    at createConnectionError (node:net:2062:14)\n    at afterConnectMultiple (node:net:2092:16)","errno":-111,"code":"ECONNREFUSED","syscall":"connect","address":"127.0.0.1","port":32825}],"code":"ECONNREFUSED"},"msg":"Cross-process event bridge listener failed"}
{"level":40,"time":1789709128803,"pid":123473,"hostname":"cursor","name":"events","err":{"type":"AggregateError","message":"","stack":"AggregateError: \n    at internalConnectMultiple (node:net:1430:18)\n    at afterConnectMultiple (node:net:2099:7)","aggregateErrors":[{"type":"Error","message":"connect ECONNREFUSED ::1:32825","stack":"Error: connect ECONNREFUSED ::1:32825\n    at createConnectionError (node:net:2062:14)\n    at afterConnectMultiple (node:net:2092:16)","errno":-111,"code":"ECONNREFUSED","syscall":"connect","address":"::1","port":32825},{"type":"Error","message":"connect ECONNREFUSED 127.0.0.1:32825","stack":"Error: connect ECONNREFUSED 127.0.0.1:32825\n    at createConnectionError (node:net:2062:14)\n    at afterConnectMultiple (node:net:2092:16)","errno":-111,"code":"ECONNREFUSED","syscall":"connect","address":"127.0.0.1","port":32825}],"code":"ECONNREFUSED"},"msg":"Cross-process event bridge listener failed"}
{"level":40,"time":1789709129805,"pid":123473,"hostname":"cursor","name":"events","err":{"type":"AggregateError","message":"","stack":"AggregateError: \n    at internalConnectMultiple (node:net:1430:18)\n    at afterConnectMultiple (node:net:2099:7)","aggregateErrors":[{"type":"Error","message":"connect ECONNREFUSED ::1:32825","stack":"Error: connect ECONNREFUSED ::1:32825\n    at createConnectionError (node:net:2062:14)\n    at afterConnectMultiple (node:net:2092:16)","errno":-111,"code":"ECONNREFUSED","syscall":"connect","address":"::1","port":32825},{"type":"Error","message":"connect ECONNREFUSED 127.0.0.1:32825","stack":"Error: connect ECONNREFUSED 127.0.0.1:32825\n    at createConnectionError (node:net:2062:14)\n    at afterConnectMultiple (node:net:2092:16)","errno":-111,"code":"ECONNREFUSED","syscall":"connect","address":"127.0.0.1","port":32825}],"code":"ECONNREFUSED"},"msg":"Cross-process event bridge listener failed"}
{"level":40,"time":1789709130807,"pid":123473,"hostname":"cursor","name":"events","err":{"type":"AggregateError","message":"","stack":"AggregateError: \n    at internalConnectMultiple (node:net:1430:18)\n    at afterConnectMultiple (node:net:2099:7)","aggregateErrors":[{"type":"Error","message":"connect ECONNREFUSED ::1:32825","stack":"Error: connect ECONNREFUSED ::1:32825\n    at createConnectionError (node:net:2062:14)\n    at afterConnectMultiple (node:net:2092:16)","errno":-111,"code":"ECONNREFUSED","syscall":"connect","address":"::1","port":32825},{"type":"Error","message":"connect ECONNREFUSED 127.0.0.1:32825","stack":"Error: connect ECONNREFUSED 127.0.0.1:32825\n    at createConnectionError (node:net:2062:14)\n    at afterConnectMultiple (node:net:2092:16)","errno":-111,"code":"ECONNREFUSED","syscall":"connect","address":"127.0.0.1","port":32825}],"code":"ECONNREFUSED"},"msg":"Cross-process event bridge listener failed"}
{"level":40,"time":1789709131809,"pid":123473,"hostname":"cursor","name":"events","err":{"type":"AggregateError","message":"","stack":"AggregateError: \n    at internalConnectMultiple (node:net:1430:18)\n    at afterConnectMultiple (node:net:2099:7)","aggregateErrors":[{"type":"Error","message":"connect ECONNREFUSED ::1:32825","stack":"Error: connect ECONNREFUSED ::1:32825\n    at createConnectionError (node:net:2062:14)\n    at afterConnectMultiple (node:net:2092:16)","errno":-111,"code":"ECONNREFUSED","syscall":"connect","address":"::1","port":32825},{"type":"Error","message":"connect ECONNREFUSED 127.0.0.1:32825","stack":"Error: connect ECONNREFUSED 127.0.0.1:32825\n    at createConnectionError (node:net:2062:14)\n    at afterConnectMultiple (node:net:2092:16)","errno":-111,"code":"ECONNREFUSED","syscall":"connect","address":"127.0.0.1","port":32825}],"code":"ECONNREFUSED"},"msg":"Cross-process event bridge listener failed"}
{"level":40,"time":1789709132811,"pid":123473,"hostname":"cursor","name":"events","err":{"type":"AggregateError","message":"","stack":"AggregateError: \n    at internalConnectMultiple (node:net:1430:18)\n    at afterConnectMultiple (node:net:2099:7)","aggregateErrors":[{"type":"Error","message":"connect ECONNREFUSED ::1:32825","stack":"Error: connect ECONNREFUSED ::1:32825\n    at createConnectionError (node:net:2062:14)\n    at afterConnectMultiple (node:net:2092:16)","errno":-111,"code":"ECONNREFUSED","syscall":"connect","address":"::1","port":32825},{"type":"Error","message":"connect ECONNREFUSED 127.0.0.1:32825","stack":"Error: connect ECONNREFUSED 127.0.0.1:32825\n    at createConnectionError (node:net:2062:14)\n    at afterConnectMultiple (node:net:2092:16)","errno":-111,"code":"ECONNREFUSED","syscall":"connect","address":"127.0.0.1","port":32825}],"code":"ECONNREFUSED"},"msg":"Cross-process event bridge listener failed"}
{"level":40,"time":1789709133813,"pid":123473,"hostname":"cursor","name":"events","err":{"type":"AggregateError","message":"","stack":"AggregateError: \n    at internalConnectMultiple (node:net:1430:18)\n    at afterConnectMultiple (node:net:2099:7)","aggregateErrors":[{"type":"Error","message":"connect ECONNREFUSED ::1:32825","stack":"Error: connect ECONNREFUSED ::1:32825\n    at createConnectionError (node:net:2062:14)\n    at afterConnectMultiple (node:net:2092:16)","errno":-111,"code":"ECONNREFUSED","syscall":"connect","address":"::1","port":32825},{"type":"Error","message":"connect ECONNREFUSED 127.0.0.1:32825","stack":"Error: connect ECONNREFUSED 127.0.0.1:32825\n    at createConnectionError (node:net:2062:14)\n    at afterConnectMultiple (node:net:2092:16)","errno":-111,"code":"ECONNREFUSED","syscall":"connect","address":"127.0.0.1","port":32825}],"code":"ECONNREFUSED"},"msg":"Cross-process event bridge listener failed"}
{"level":40,"time":1789709134815,"pid":123473,"hostname":"cursor","name":"events","err":{"type":"AggregateError","message":"","stack":"AggregateError: \n    at internalConnectMultiple (node:net:1430:18)\n    at afterConnectMultiple (node:net:2099:7)","aggregateErrors":[{"type":"Error","message":"connect ECONNREFUSED ::1:32825","stack":"Error: connect ECONNREFUSED ::1:32825\n    at createConnectionError (node:net:2062:14)\n    at afterConnectMultiple (node:net:2092:16)","errno":-111,"code":"ECONNREFUSED","syscall":"connect","address":"::1","port":32825},{"type":"Error","message":"connect ECONNREFUSED 127.0.0.1:32825","stack":"Error: connect ECONNREFUSED 127.0.0.1:32825\n    at createConnectionError (node:net:2062:14)\n    at afterConnectMultiple (node:net:2092:16)","errno":-111,"code":"ECONNREFUSED","syscall":"connect","address":"127.0.0.1","port":32825}],"code":"ECONNREFUSED"},"msg":"Cross-process event bridge listener failed"}
{"level":40,"time":1789709135818,"pid":123473,"hostname":"cursor","name":"events","err":{"type":"AggregateError","message":"","stack":"AggregateError: \n    at internalConnectMultiple (node:net:1430:18)\n    at afterConnectMultiple (node:net:2099:7)","aggregateErrors":[{"type":"Error","message":"connect ECONNREFUSED ::1:32825","stack":"Error: connect ECONNREFUSED ::1:32825\n    at createConnectionError (node:net:2062:14)\n    at afterConnectMultiple (node:net:2092:16)","errno":-111,"code":"ECONNREFUSED","syscall":"connect","address":"::1","port":32825},{"type":"Error","message":"connect ECONNREFUSED 127.0.0.1:32825","stack":"Error: connect ECONNREFUSED 127.0.0.1:32825\n    at createConnectionError (node:net:2062:14)\n    at afterConnectMultiple (node:net:2092:16)","errno":-111,"code":"ECONNREFUSED","syscall":"connect","address":"127.0.0.1","port":32825}],"code":"ECONNREFUSED"},"msg":"Cross-process event bridge listener failed"}
{"level":40,"time":1789709136820,"pid":123473,"hostname":"cursor","name":"events","err":{"type":"AggregateError","message":"","stack":"AggregateError: \n    at internalConnectMultiple (node:net:1430:18)\n    at afterConnectMultiple (node:net:2099:7)","aggregateErrors":[{"type":"Error","message":"connect ECONNREFUSED ::1:32825","stack":"Error: connect ECONNREFUSED ::1:32825\n    at createConnectionError (node:net:2062:14)\n    at afterConnectMultiple (node:net:2092:16)","errno":-111,"code":"ECONNREFUSED","syscall":"connect","address":"::1","port":32825},{"type":"Error","message":"connect ECONNREFUSED 127.0.0.1:32825","stack":"Error: connect ECONNREFUSED 127.0.0.1:32825\n    at createConnectionError (node:net:2062:14)\n    at afterConnectMultiple (node:net:2092:16)","errno":-111,"code":"ECONNREFUSED","syscall":"connect","address":"127.0.0.1","port":32825}],"code":"ECONNREFUSED"},"msg":"Cross-process event bridge listener failed"}
{"level":40,"time":1789709137823,"pid":123473,"hostname":"cursor","name":"events","err":{"type":"AggregateError","message":"","stack":"AggregateError: \n    at internalConnectMultiple (node:net:1430:18)\n    at afterConnectMultiple (node:net:2099:7)","aggregateErrors":[{"type":"Error","message":"connect ECONNREFUSED ::1:32825","stack":"Error: connect ECONNREFUSED ::1:32825\n    at createConnectionError (node:net:2062:14)\n    at afterConnectMultiple (node:net:2092:16)","errno":-111,"code":"ECONNREFUSED","syscall":"connect","address":"::1","port":32825},{"type":"Error","message":"connect ECONNREFUSED 127.0.0.1:32825","stack":"Error: connect ECONNREFUSED 127.0.0.1:32825\n    at createConnectionError (node:net:2062:14)\n    at afterConnectMultiple (node:net:2092:16)","errno":-111,"code":"ECONNREFUSED","syscall":"connect","address":"127.0.0.1","port":32825}],"code":"ECONNREFUSED"},"msg":"Cross-process event bridge listener failed"}
{"level":40,"time":1789709138825,"pid":123473,"hostname":"cursor","name":"events","err":{"type":"AggregateError","message":"","stack":"AggregateError: \n    at internalConnectMultiple (node:net:1430:18)\n    at afterConnectMultiple (node:net:2099:7)","aggregateErrors":[{"type":"Error","message":"connect ECONNREFUSED ::1:32825","stack":"Error: connect ECONNREFUSED ::1:32825\n    at createConnectionError (node:net:2062:14)\n    at afterConnectMultiple (node:net:2092:16)","errno":-111,"code":"ECONNREFUSED","syscall":"connect","address":"::1","port":32825},{"type":"Error","message":"connect ECONNREFUSED 127.0.0.1:32825","stack":"Error: connect ECONNREFUSED 127.0.0.1:32825\n    at createConnectionError (node:net:2062:14)\n    at afterConnectMultiple (node:net:2092:16)","errno":-111,"code":"ECONNREFUSED","syscall":"connect","address":"127.0.0.1","port":32825}],"code":"ECONNREFUSED"},"msg":"Cross-process event bridge listener failed"}
{"level":40,"time":1789709139827,"pid":123473,"hostname":"cursor","name":"events","err":{"type":"AggregateError","message":"","stack":"AggregateError: \n    at internalConnectMultiple (node:net:1430:18)\n    at afterConnectMultiple (node:net:2099:7)","aggregateErrors":[{"type":"Error","message":"connect ECONNREFUSED ::1:32825","stack":"Error: connect ECONNREFUSED ::1:32825\n    at createConnectionError (node:net:2062:14)\n    at afterConnectMultiple (node:net:2092:16)","errno":-111,"code":"ECONNREFUSED","syscall":"connect","address":"::1","port":32825},{"type":"Error","message":"connect ECONNREFUSED 127.0.0.1:32825","stack":"Error: connect ECONNREFUSED 127.0.0.1:32825\n    at createConnectionError (node:net:2062:14)\n    at afterConnectMultiple (node:net:2092:16)","errno":-111,"code":"ECONNREFUSED","syscall":"connect","address":"127.0.0.1","port":32825}],"code":"ECONNREFUSED"},"msg":"Cross-process event bridge listener failed"}
{"level":40,"time":1789709140829,"pid":123473,"hostname":"cursor","name":"events","err":{"type":"AggregateError","message":"","stack":"AggregateError: \n    at internalConnectMultiple (node:net:1430:18)\n    at afterConnectMultiple (node:net:2099:7)","aggregateErrors":[{"type":"Error","message":"connect ECONNREFUSED ::1:32825","stack":"Error: connect ECONNREFUSED ::1:32825\n    at createConnectionError (node:net:2062:14)\n    at afterConnectMultiple (node:net:2092:16)","errno":-111,"code":"ECONNREFUSED","syscall":"connect","address":"::1","port":32825},{"type":"Error","message":"connect ECONNREFUSED 127.0.0.1:32825","stack":"Error: connect ECONNREFUSED 127.0.0.1:32825\n    at createConnectionError (node:net:2062:14)\n    at afterConnectMultiple (node:net:2092:16)","errno":-111,"code":"ECONNREFUSED","syscall":"connect","address":"127.0.0.1","port":32825}],"code":"ECONNREFUSED"},"msg":"Cross-process event bridge listener failed"}
{"level":40,"time":1789709141831,"pid":123473,"hostname":"cursor","name":"events","err":{"type":"AggregateError","message":"","stack":"AggregateError: \n    at internalConnectMultiple (node:net:1430:18)\n    at afterConnectMultiple (node:net:2099:7)","aggregateErrors":[{"type":"Error","message":"connect ECONNREFUSED ::1:32825","stack":"Error: connect ECONNREFUSED ::1:32825\n    at createConnectionError (node:net:2062:14)\n    at afterConnectMultiple (node:net:2092:16)","errno":-111,"code":"ECONNREFUSED","syscall":"connect","address":"::1","port":32825},{"type":"Error","message":"connect ECONNREFUSED 127.0.0.1:32825","stack":"Error: connect ECONNREFUSED 127.0.0.1:32825\n    at createConnectionError (node:net:2062:14)\n    at afterConnectMultiple (node:net:2092:16)","errno":-111,"code":"ECONNREFUSED","syscall":"connect","address":"127.0.0.1","port":32825}],"code":"ECONNREFUSED"},"msg":"Cross-process event bridge listener failed"}
{"level":40,"time":1789709142834,"pid":123473,"hostname":"cursor","name":"events","err":{"type":"AggregateError","message":"","stack":"AggregateError: \n    at internalConnectMultiple (node:net:1430:18)\n    at afterConnectMultiple (node:net:2099:7)","aggregateErrors":[{"type":"Error","message":"connect ECONNREFUSED ::1:32825","stack":"Error: connect ECONNREFUSED ::1:32825\n    at createConnectionError (node:net:2062:14)\n    at afterConnectMultiple (node:net:2092:16)","errno":-111,"code":"ECONNREFUSED","syscall":"connect","address":"::1","port":32825},{"type":"Error","message":"connect ECONNREFUSED 127.0.0.1:32825","stack":"Error: connect ECONNREFUSED 127.0.0.1:32825\n    at createConnectionError (node:net:2062:14)\n    at afterConnectMultiple (node:net:2092:16)","errno":-111,"code":"ECONNREFUSED","syscall":"connect","address":"127.0.0.1","port":32825}],"code":"ECONNREFUSED"},"msg":"Cross-process event bridge listener failed"}
{"level":40,"time":1789709143836,"pid":123473,"hostname":"cursor","name":"events","err":{"type":"AggregateError","message":"","stack":"AggregateError: \n    at internalConnectMultiple (node:net:1430:18)\n    at afterConnectMultiple (node:net:2099:7)","aggregateErrors":[{"type":"Error","message":"connect ECONNREFUSED ::1:32825","stack":"Error: connect ECONNREFUSED ::1:32825\n    at createConnectionError (node:net:2062:14)\n    at afterConnectMultiple (node:net:2092:16)","errno":-111,"code":"ECONNREFUSED","syscall":"connect","address":"::1","port":32825},{"type":"Error","message":"connect ECONNREFUSED 127.0.0.1:32825","stack":"Error: connect ECONNREFUSED 127.0.0.1:32825\n    at createConnectionError (node:net:2062:14)\n    at afterConnectMultiple (node:net:2092:16)","errno":-111,"code":"ECONNREFUSED","syscall":"connect","address":"127.0.0.1","port":32825}],"code":"ECONNREFUSED"},"msg":"Cross-process event bridge listener failed"}
{"level":40,"time":1789709144839,"pid":123473,"hostname":"cursor","name":"events","err":{"type":"AggregateError","message":"","stack":"AggregateError: \n    at internalConnectMultiple (node:net:1430:18)\n    at afterConnectMultiple (node:net:2099:7)","aggregateErrors":[{"type":"Error","message":"connect ECONNREFUSED ::1:32825","stack":"Error: connect ECONNREFUSED ::1:32825\n    at createConnectionError (node:net:2062:14)\n    at afterConnectMultiple (node:net:2092:16)","errno":-111,"code":"ECONNREFUSED","syscall":"connect","address":"::1","port":32825},{"type":"Error","message":"connect ECONNREFUSED 127.0.0.1:32825","stack":"Error: connect ECONNREFUSED 127.0.0.1:32825\n    at createConnectionError (node:net:2062:14)\n    at afterConnectMultiple (node:net:2092:16)","errno":-111,"code":"ECONNREFUSED","syscall":"connect","address":"127.0.0.1","port":32825}],"code":"ECONNREFUSED"},"msg":"Cross-process event bridge listener failed"}
{"level":40,"time":1789709145842,"pid":123473,"hostname":"cursor","name":"events","err":{"type":"AggregateError","message":"","stack":"AggregateError: \n    at internalConnectMultiple (node:net:1430:18)\n    at afterConnectMultiple (node:net:2099:7)","aggregateErrors":[{"type":"Error","message":"connect ECONNREFUSED ::1:32825","stack":"Error: connect ECONNREFUSED ::1:32825\n    at createConnectionError (node:net:2062:14)\n    at afterConnectMultiple (node:net:2092:16)","errno":-111,"code":"ECONNREFUSED","syscall":"connect","address":"::1","port":32825},{"type":"Error","message":"connect ECONNREFUSED 127.0.0.1:32825","stack":"Error: connect ECONNREFUSED 127.0.0.1:32825\n    at createConnectionError (node:net:2062:14)\n    at afterConnectMultiple (node:net:2092:16)","errno":-111,"code":"ECONNREFUSED","syscall":"connect","address":"127.0.0.1","port":32825}],"code":"ECONNREFUSED"},"msg":"Cross-process event bridge listener failed"}
{"level":40,"time":1789709146844,"pid":123473,"hostname":"cursor","name":"events","err":{"type":"AggregateError","message":"","stack":"AggregateError: \n    at internalConnectMultiple (node:net:1430:18)\n    at afterConnectMultiple (node:net:2099:7)","aggregateErrors":[{"type":"Error","message":"connect ECONNREFUSED ::1:32825","stack":"Error: connect ECONNREFUSED ::1:32825\n    at createConnectionError (node:net:2062:14)\n    at afterConnectMultiple (node:net:2092:16)","errno":-111,"code":"ECONNREFUSED","syscall":"connect","address":"::1","port":32825},{"type":"Error","message":"connect ECONNREFUSED 127.0.0.1:32825","stack":"Error: connect ECONNREFUSED 127.0.0.1:32825\n    at createConnectionError (node:net:2062:14)\n    at afterConnectMultiple (node:net:2092:16)","errno":-111,"code":"ECONNREFUSED","syscall":"connect","address":"127.0.0.1","port":32825}],"code":"ECONNREFUSED"},"msg":"Cross-process event bridge listener failed"}
{"level":40,"time":1789709147847,"pid":123473,"hostname":"cursor","name":"events","err":{"type":"AggregateError","message":"","stack":"AggregateError: \n    at internalConnectMultiple (node:net:1430:18)\n    at afterConnectMultiple (node:net:2099:7)","aggregateErrors":[{"type":"Error","message":"connect ECONNREFUSED ::1:32825","stack":"Error: connect ECONNREFUSED ::1:32825\n    at createConnectionError (node:net:2062:14)\n    at afterConnectMultiple (node:net:2092:16)","errno":-111,"code":"ECONNREFUSED","syscall":"connect","address":"::1","port":32825},{"type":"Error","message":"connect ECONNREFUSED 127.0.0.1:32825","stack":"Error: connect ECONNREFUSED 127.0.0.1:32825\n    at createConnectionError (node:net:2062:14)\n    at afterConnectMultiple (node:net:2092:16)","errno":-111,"code":"ECONNREFUSED","syscall":"connect","address":"127.0.0.1","port":32825}],"code":"ECONNREFUSED"},"msg":"Cross-process event bridge listener failed"}
{"level":40,"time":1789709148850,"pid":123473,"hostname":"cursor","name":"events","err":{"type":"AggregateError","message":"","stack":"AggregateError: \n    at internalConnectMultiple (node:net:1430:18)\n    at afterConnectMultiple (node:net:2099:7)","aggregateErrors":[{"type":"Error","message":"connect ECONNREFUSED ::1:32825","stack":"Error: connect ECONNREFUSED ::1:32825\n    at createConnectionError (node:net:2062:14)\n    at afterConnectMultiple (node:net:2092:16)","errno":-111,"code":"ECONNREFUSED","syscall":"connect","address":"::1","port":32825},{"type":"Error","message":"connect ECONNREFUSED 127.0.0.1:32825","stack":"Error: connect ECONNREFUSED 127.0.0.1:32825\n    at createConnectionError (node:net:2062:14)\n    at afterConnectMultiple (node:net:2092:16)","errno":-111,"code":"ECONNREFUSED","syscall":"connect","address":"127.0.0.1","port":32825}],"code":"ECONNREFUSED"},"msg":"Cross-process event bridge listener failed"}
{"level":40,"time":1789709149855,"pid":123473,"hostname":"cursor","name":"events","err":{"type":"AggregateError","message":"","stack":"AggregateError: \n    at internalConnectMultiple (node:net:1430:18)\n    at afterConnectMultiple (node:net:2099:7)","aggregateErrors":[{"type":"Error","message":"connect ECONNREFUSED ::1:32825","stack":"Error: connect ECONNREFUSED ::1:32825\n    at createConnectionError (node:net:2062:14)\n    at afterConnectMultiple (node:net:2092:16)","errno":-111,"code":"ECONNREFUSED","syscall":"connect","address":"::1","port":32825},{"type":"Error","message":"connect ECONNREFUSED 127.0.0.1:32825","stack":"Error: connect ECONNREFUSED 127.0.0.1:32825\n    at createConnectionError (node:net:2062:14)\n    at afterConnectMultiple (node:net:2092:16)","errno":-111,"code":"ECONNREFUSED","syscall":"connect","address":"127.0.0.1","port":32825}],"code":"ECONNREFUSED"},"msg":"Cross-process event bridge listener failed"}
{"level":40,"time":1789709150857,"pid":123473,"hostname":"cursor","name":"events","err":{"type":"AggregateError","message":"","stack":"AggregateError: \n    at internalConnectMultiple (node:net:1430:18)\n    at afterConnectMultiple (node:net:2099:7)","aggregateErrors":[{"type":"Error","message":"connect ECONNREFUSED ::1:32825","stack":"Error: connect ECONNREFUSED ::1:32825\n    at createConnectionError (node:net:2062:14)\n    at afterConnectMultiple (node:net:2092:16)","errno":-111,"code":"ECONNREFUSED","syscall":"connect","address":"::1","port":32825},{"type":"Error","message":"connect ECONNREFUSED 127.0.0.1:32825","stack":"Error: connect ECONNREFUSED 127.0.0.1:32825\n    at createConnectionError (node:net:2062:14)\n    at afterConnectMultiple (node:net:2092:16)","errno":-111,"code":"ECONNREFUSED","syscall":"connect","address":"127.0.0.1","port":32825}],"code":"ECONNREFUSED"},"msg":"Cross-process event bridge listener failed"}
{"level":40,"time":1789709151860,"pid":123473,"hostname":"cursor","name":"events","err":{"type":"AggregateError","message":"","stack":"AggregateError: \n    at internalConnectMultiple (node:net:1430:18)\n    at afterConnectMultiple (node:net:2099:7)","aggregateErrors":[{"type":"Error","message":"connect ECONNREFUSED ::1:32825","stack":"Error: connect ECONNREFUSED ::1:32825\n    at createConnectionError (node:net:2062:14)\n    at afterConnectMultiple (node:net:2092:16)","errno":-111,"code":"ECONNREFUSED","syscall":"connect","address":"::1","port":32825},{"type":"Error","message":"connect ECONNREFUSED 127.0.0.1:32825","stack":"Error: connect ECONNREFUSED 127.0.0.1:32825\n    at createConnectionError (node:net:2062:14)\n    at afterConnectMultiple (node:net:2092:16)","errno":-111,"code":"ECONNREFUSED","syscall":"connect","address":"127.0.0.1","port":32825}],"code":"ECONNREFUSED"},"msg":"Cross-process event bridge listener failed"}
{"level":40,"time":1789709152862,"pid":123473,"hostname":"cursor","name":"events","err":{"type":"AggregateError","message":"","stack":"AggregateError: \n    at internalConnectMultiple (node:net:1430:18)\n    at afterConnectMultiple (node:net:2099:7)","aggregateErrors":[{"type":"Error","message":"connect ECONNREFUSED ::1:32825","stack":"Error: connect ECONNREFUSED ::1:32825\n    at createConnectionError (node:net:2062:14)\n    at afterConnectMultiple (node:net:2092:16)","errno":-111,"code":"ECONNREFUSED","syscall":"connect","address":"::1","port":32825},{"type":"Error","message":"connect ECONNREFUSED 127.0.0.1:32825","stack":"Error: connect ECONNREFUSED 127.0.0.1:32825\n    at createConnectionError (node:net:2062:14)\n    at afterConnectMultiple (node:net:2092:16)","errno":-111,"code":"ECONNREFUSED","syscall":"connect","address":"127.0.0.1","port":32825}],"code":"ECONNREFUSED"},"msg":"Cross-process event bridge listener failed"}
{"level":40,"time":1789709153867,"pid":123473,"hostname":"cursor","name":"events","err":{"type":"AggregateError","message":"","stack":"AggregateError: \n    at internalConnectMultiple (node:net:1430:18)\n    at afterConnectMultiple (node:net:2099:7)","aggregateErrors":[{"type":"Error","message":"connect ECONNREFUSED ::1:32825","stack":"Error: connect ECONNREFUSED ::1:32825\n    at createConnectionError (node:net:2062:14)\n    at afterConnectMultiple (node:net:2092:16)","errno":-111,"code":"ECONNREFUSED","syscall":"connect","address":"::1","port":32825},{"type":"Error","message":"connect ECONNREFUSED 127.0.0.1:32825","stack":"Error: connect ECONNREFUSED 127.0.0.1:32825\n    at createConnectionError (node:net:2062:14)\n    at afterConnectMultiple (node:net:2092:16)","errno":-111,"code":"ECONNREFUSED","syscall":"connect","address":"127.0.0.1","port":32825}],"code":"ECONNREFUSED"},"msg":"Cross-process event bridge listener failed"}
{"level":40,"time":1789709154869,"pid":123473,"hostname":"cursor","name":"events","err":{"type":"AggregateError","message":"","stack":"AggregateError: \n    at internalConnectMultiple (node:net:1430:18)\n    at afterConnectMultiple (node:net:2099:7)","aggregateErrors":[{"type":"Error","message":"connect ECONNREFUSED ::1:32825","stack":"Error: connect ECONNREFUSED ::1:32825\n    at createConnectionError (node:net:2062:14)\n    at afterConnectMultiple (node:net:2092:16)","errno":-111,"code":"ECONNREFUSED","syscall":"connect","address":"::1","port":32825},{"type":"Error","message":"connect ECONNREFUSED 127.0.0.1:32825","stack":"Error: connect ECONNREFUSED 127.0.0.1:32825\n    at createConnectionError (node:net:2062:14)\n    at afterConnectMultiple (node:net:2092:16)","errno":-111,"code":"ECONNREFUSED","syscall":"connect","address":"127.0.0.1","port":32825}],"code":"ECONNREFUSED"},"msg":"Cross-process event bridge listener failed"}
{"level":40,"time":1789709155871,"pid":123473,"hostname":"cursor","name":"events","err":{"type":"AggregateError","message":"","stack":"AggregateError: \n    at internalConnectMultiple (node:net:1430:18)\n    at afterConnectMultiple (node:net:2099:7)","aggregateErrors":[{"type":"Error","message":"connect ECONNREFUSED ::1:32825","stack":"Error: connect ECONNREFUSED ::1:32825\n    at createConnectionError (node:net:2062:14)\n    at afterConnectMultiple (node:net:2092:16)","errno":-111,"code":"ECONNREFUSED","syscall":"connect","address":"::1","port":32825},{"type":"Error","message":"connect ECONNREFUSED 127.0.0.1:32825","stack":"Error: connect ECONNREFUSED 127.0.0.1:32825\n    at createConnectionError (node:net:2062:14)\n    at afterConnectMultiple (node:net:2092:16)","errno":-111,"code":"ECONNREFUSED","syscall":"connect","address":"127.0.0.1","port":32825}],"code":"ECONNREFUSED"},"msg":"Cross-process event bridge listener failed"}
{"level":40,"time":1789709156873,"pid":123473,"hostname":"cursor","name":"events","err":{"type":"AggregateError","message":"","stack":"AggregateError: \n    at internalConnectMultiple (node:net:1430:18)\n    at afterConnectMultiple (node:net:2099:7)","aggregateErrors":[{"type":"Error","message":"connect ECONNREFUSED ::1:32825","stack":"Error: connect ECONNREFUSED ::1:32825\n    at createConnectionError (node:net:2062:14)\n    at afterConnectMultiple (node:net:2092:16)","errno":-111,"code":"ECONNREFUSED","syscall":"connect","address":"::1","port":32825},{"type":"Error","message":"connect ECONNREFUSED 127.0.0.1:32825","stack":"Error: connect ECONNREFUSED 127.0.0.1:32825\n    at createConnectionError (node:net:2062:14)\n    at afterConnectMultiple (node:net:2092:16)","errno":-111,"code":"ECONNREFUSED","syscall":"connect","address":"127.0.0.1","port":32825}],"code":"ECONNREFUSED"},"msg":"Cross-process event bridge listener failed"}
{"level":40,"time":1789709157876,"pid":123473,"hostname":"cursor","name":"events","err":{"type":"AggregateError","message":"","stack":"AggregateError: \n    at internalConnectMultiple (node:net:1430:18)\n    at afterConnectMultiple (node:net:2099:7)","aggregateErrors":[{"type":"Error","message":"connect ECONNREFUSED ::1:32825","stack":"Error: connect ECONNREFUSED ::1:32825\n    at createConnectionError (node:net:2062:14)\n    at afterConnectMultiple (node:net:2092:16)","errno":-111,"code":"ECONNREFUSED","syscall":"connect","address":"::1","port":32825},{"type":"Error","message":"connect ECONNREFUSED 127.0.0.1:32825","stack":"Error: connect ECONNREFUSED 127.0.0.1:32825\n    at createConnectionError (node:net:2062:14)\n    at afterConnectMultiple (node:net:2092:16)","errno":-111,"code":"ECONNREFUSED","syscall":"connect","address":"127.0.0.1","port":32825}],"code":"ECONNREFUSED"},"msg":"Cross-process event bridge listener failed"}
{"level":40,"time":1789709158879,"pid":123473,"hostname":"cursor","name":"events","err":{"type":"AggregateError","message":"","stack":"AggregateError: \n    at internalConnectMultiple (node:net:1430:18)\n    at afterConnectMultiple (node:net:2099:7)","aggregateErrors":[{"type":"Error","message":"connect ECONNREFUSED ::1:32825","stack":"Error: connect ECONNREFUSED ::1:32825\n    at createConnectionError (node:net:2062:14)\n    at afterConnectMultiple (node:net:2092:16)","errno":-111,"code":"ECONNREFUSED","syscall":"connect","address":"::1","port":32825},{"type":"Error","message":"connect ECONNREFUSED 127.0.0.1:32825","stack":"Error: connect ECONNREFUSED 127.0.0.1:32825\n    at createConnectionError (node:net:2062:14)\n    at afterConnectMultiple (node:net:2092:16)","errno":-111,"code":"ECONNREFUSED","syscall":"connect","address":"127.0.0.1","port":32825}],"code":"ECONNREFUSED"},"msg":"Cross-process event bridge listener failed"}
{"level":40,"time":1789709159881,"pid":123473,"hostname":"cursor","name":"events","err":{"type":"AggregateError","message":"","stack":"AggregateError: \n    at internalConnectMultiple (node:net:1430:18)\n    at afterConnectMultiple (node:net:2099:7)","aggregateErrors":[{"type":"Error","message":"connect ECONNREFUSED ::1:32825","stack":"Error: connect ECONNREFUSED ::1:32825\n    at createConnectionError (node:net:2062:14)\n    at afterConnectMultiple (node:net:2092:16)","errno":-111,"code":"ECONNREFUSED","syscall":"connect","address":"::1","port":32825},{"type":"Error","message":"connect ECONNREFUSED 127.0.0.1:32825","stack":"Error: connect ECONNREFUSED 127.0.0.1:32825\n    at createConnectionError (node:net:2062:14)\n    at afterConnectMultiple (node:net:2092:16)","errno":-111,"code":"ECONNREFUSED","syscall":"connect","address":"127.0.0.1","port":32825}],"code":"ECONNREFUSED"},"msg":"Cross-process event bridge listener failed"}
{"level":40,"time":1789709160886,"pid":123473,"hostname":"cursor","name":"events","err":{"type":"AggregateError","message":"","stack":"AggregateError: \n    at internalConnectMultiple (node:net:1430:18)\n    at afterConnectMultiple (node:net:2099:7)","aggregateErrors":[{"type":"Error","message":"connect ECONNREFUSED ::1:32825","stack":"Error: connect ECONNREFUSED ::1:32825\n    at createConnectionError (node:net:2062:14)\n    at afterConnectMultiple (node:net:2092:16)","errno":-111,"code":"ECONNREFUSED","syscall":"connect","address":"::1","port":32825},{"type":"Error","message":"connect ECONNREFUSED 127.0.0.1:32825","stack":"Error: connect ECONNREFUSED 127.0.0.1:32825\n    at createConnectionError (node:net:2062:14)\n    at afterConnectMultiple (node:net:2092:16)","errno":-111,"code":"ECONNREFUSED","syscall":"connect","address":"127.0.0.1","port":32825}],"code":"ECONNREFUSED"},"msg":"Cross-process event bridge listener failed"}
{"level":40,"time":1789709161888,"pid":123473,"hostname":"cursor","name":"events","err":{"type":"AggregateError","message":"","stack":"AggregateError: \n    at internalConnectMultiple (node:net:1430:18)\n    at afterConnectMultiple (node:net:2099:7)","aggregateErrors":[{"type":"Error","message":"connect ECONNREFUSED ::1:32825","stack":"Error: connect ECONNREFUSED ::1:32825\n    at createConnectionError (node:net:2062:14)\n    at afterConnectMultiple (node:net:2092:16)","errno":-111,"code":"ECONNREFUSED","syscall":"connect","address":"::1","port":32825},{"type":"Error","message":"connect ECONNREFUSED 127.0.0.1:32825","stack":"Error: connect ECONNREFUSED 127.0.0.1:32825\n    at createConnectionError (node:net:2062:14)\n    at afterConnectMultiple (node:net:2092:16)","errno":-111,"code":"ECONNREFUSED","syscall":"connect","address":"127.0.0.1","port":32825}],"code":"ECONNREFUSED"},"msg":"Cross-process event bridge listener failed"}
{"level":40,"time":1789709162892,"pid":123473,"hostname":"cursor","name":"events","err":{"type":"AggregateError","message":"","stack":"AggregateError: \n    at internalConnectMultiple (node:net:1430:18)\n    at afterConnectMultiple (node:net:2099:7)","aggregateErrors":[{"type":"Error","message":"connect ECONNREFUSED ::1:32825","stack":"Error: connect ECONNREFUSED ::1:32825\n    at createConnectionError (node:net:2062:14)\n    at afterConnectMultiple (node:net:2092:16)","errno":-111,"code":"ECONNREFUSED","syscall":"connect","address":"::1","port":32825},{"type":"Error","message":"connect ECONNREFUSED 127.0.0.1:32825","stack":"Error: connect ECONNREFUSED 127.0.0.1:32825\n    at createConnectionError (node:net:2062:14)\n    at afterConnectMultiple (node:net:2092:16)","errno":-111,"code":"ECONNREFUSED","syscall":"connect","address":"127.0.0.1","port":32825}],"code":"ECONNREFUSED"},"msg":"Cross-process event bridge listener failed"}
{"level":40,"time":1789709163895,"pid":123473,"hostname":"cursor","name":"events","err":{"type":"AggregateError","message":"","stack":"AggregateError: \n    at internalConnectMultiple (node:net:1430:18)\n    at afterConnectMultiple (node:net:2099:7)","aggregateErrors":[{"type":"Error","message":"connect ECONNREFUSED ::1:32825","stack":"Error: connect ECONNREFUSED ::1:32825\n    at createConnectionError (node:net:2062:14)\n    at afterConnectMultiple (node:net:2092:16)","errno":-111,"code":"ECONNREFUSED","syscall":"connect","address":"::1","port":32825},{"type":"Error","message":"connect ECONNREFUSED 127.0.0.1:32825","stack":"Error: connect ECONNREFUSED 127.0.0.1:32825\n    at createConnectionError (node:net:2062:14)\n    at afterConnectMultiple (node:net:2092:16)","errno":-111,"code":"ECONNREFUSED","syscall":"connect","address":"127.0.0.1","port":32825}],"code":"ECONNREFUSED"},"msg":"Cross-process event bridge listener failed"}
{"level":40,"time":1789709164898,"pid":123473,"hostname":"cursor","name":"events","err":{"type":"AggregateError","message":"","stack":"AggregateError: \n    at internalConnectMultiple (node:net:1430:18)\n    at afterConnectMultiple (node:net:2099:7)","aggregateErrors":[{"type":"Error","message":"connect ECONNREFUSED ::1:32825","stack":"Error: connect ECONNREFUSED ::1:32825\n    at createConnectionError (node:net:2062:14)\n    at afterConnectMultiple (node:net:2092:16)","errno":-111,"code":"ECONNREFUSED","syscall":"connect","address":"::1","port":32825},{"type":"Error","message":"connect ECONNREFUSED 127.0.0.1:32825","stack":"Error: connect ECONNREFUSED 127.0.0.1:32825\n    at createConnectionError (node:net:2062:14)\n    at afterConnectMultiple (node:net:2092:16)","errno":-111,"code":"ECONNREFUSED","syscall":"connect","address":"127.0.0.1","port":32825}],"code":"ECONNREFUSED"},"msg":"Cross-process event bridge listener failed"}
{"level":40,"time":1789709165901,"pid":123473,"hostname":"cursor","name":"events","err":{"type":"AggregateError","message":"","stack":"AggregateError: \n    at internalConnectMultiple (node:net:1430:18)\n    at afterConnectMultiple (node:net:2099:7)","aggregateErrors":[{"type":"Error","message":"connect ECONNREFUSED ::1:32825","stack":"Error: connect ECONNREFUSED ::1:32825\n    at createConnectionError (node:net:2062:14)\n    at afterConnectMultiple (node:net:2092:16)","errno":-111,"code":"ECONNREFUSED","syscall":"connect","address":"::1","port":32825},{"type":"Error","message":"connect ECONNREFUSED 127.0.0.1:32825","stack":"Error: connect ECONNREFUSED 127.0.0.1:32825\n    at createConnectionError (node:net:2062:14)\n    at afterConnectMultiple (node:net:2092:16)","errno":-111,"code":"ECONNREFUSED","syscall":"connect","address":"127.0.0.1","port":32825}],"code":"ECONNREFUSED"},"msg":"Cross-process event bridge listener failed"}
{"level":40,"time":1789709166903,"pid":123473,"hostname":"cursor","name":"events","err":{"type":"AggregateError","message":"","stack":"AggregateError: \n    at internalConnectMultiple (node:net:1430:18)\n    at afterConnectMultiple (node:net:2099:7)","aggregateErrors":[{"type":"Error","message":"connect ECONNREFUSED ::1:32825","stack":"Error: connect ECONNREFUSED ::1:32825\n    at createConnectionError (node:net:2062:14)\n    at afterConnectMultiple (node:net:2092:16)","errno":-111,"code":"ECONNREFUSED","syscall":"connect","address":"::1","port":32825},{"type":"Error","message":"connect ECONNREFUSED 127.0.0.1:32825","stack":"Error: connect ECONNREFUSED 127.0.0.1:32825\n    at createConnectionError (node:net:2062:14)\n    at afterConnectMultiple (node:net:2092:16)","errno":-111,"code":"ECONNREFUSED","syscall":"connect","address":"127.0.0.1","port":32825}],"code":"ECONNREFUSED"},"msg":"Cross-process event bridge listener failed"}
{"level":40,"time":1789709167905,"pid":123473,"hostname":"cursor","name":"events","err":{"type":"AggregateError","message":"","stack":"AggregateError: \n    at internalConnectMultiple (node:net:1430:18)\n    at afterConnectMultiple (node:net:2099:7)","aggregateErrors":[{"type":"Error","message":"connect ECONNREFUSED ::1:32825","stack":"Error: connect ECONNREFUSED ::1:32825\n    at createConnectionError (node:net:2062:14)\n    at afterConnectMultiple (node:net:2092:16)","errno":-111,"code":"ECONNREFUSED","syscall":"connect","address":"::1","port":32825},{"type":"Error","message":"connect ECONNREFUSED 127.0.0.1:32825","stack":"Error: connect ECONNREFUSED 127.0.0.1:32825\n    at createConnectionError (node:net:2062:14)\n    at afterConnectMultiple (node:net:2092:16)","errno":-111,"code":"ECONNREFUSED","syscall":"connect","address":"127.0.0.1","port":32825}],"code":"ECONNREFUSED"},"msg":"Cross-process event bridge listener failed"}
{"level":40,"time":1789709168907,"pid":123473,"hostname":"cursor","name":"events","err":{"type":"AggregateError","message":"","stack":"AggregateError: \n    at internalConnectMultiple (node:net:1430:18)\n    at afterConnectMultiple (node:net:2099:7)","aggregateErrors":[{"type":"Error","message":"connect ECONNREFUSED ::1:32825","stack":"Error: connect ECONNREFUSED ::1:32825\n    at createConnectionError (node:net:2062:14)\n    at afterConnectMultiple (node:net:2092:16)","errno":-111,"code":"ECONNREFUSED","syscall":"connect","address":"::1","port":32825},{"type":"Error","message":"connect ECONNREFUSED 127.0.0.1:32825","stack":"Error: connect ECONNREFUSED 127.0.0.1:32825\n    at createConnectionError (node:net:2062:14)\n    at afterConnectMultiple (node:net:2092:16)","errno":-111,"code":"ECONNREFUSED","syscall":"connect","address":"127.0.0.1","port":32825}],"code":"ECONNREFUSED"},"msg":"Cross-process event bridge listener failed"}
{"level":40,"time":1789709169910,"pid":123473,"hostname":"cursor","name":"events","err":{"type":"AggregateError","message":"","stack":"AggregateError: \n    at internalConnectMultiple (node:net:1430:18)\n    at afterConnectMultiple (node:net:2099:7)","aggregateErrors":[{"type":"Error","message":"connect ECONNREFUSED ::1:32825","stack":"Error: connect ECONNREFUSED ::1:32825\n    at createConnectionError (node:net:2062:14)\n    at afterConnectMultiple (node:net:2092:16)","errno":-111,"code":"ECONNREFUSED","syscall":"connect","address":"::1","port":32825},{"type":"Error","message":"connect ECONNREFUSED 127.0.0.1:32825","stack":"Error: connect ECONNREFUSED 127.0.0.1:32825\n    at createConnectionError (node:net:2062:14)\n    at afterConnectMultiple (node:net:2092:16)","errno":-111,"code":"ECONNREFUSED","syscall":"connect","address":"127.0.0.1","port":32825}],"code":"ECONNREFUSED"},"msg":"Cross-process event bridge listener failed"}
{"level":40,"time":1789709170912,"pid":123473,"hostname":"cursor","name":"events","err":{"type":"AggregateError","message":"","stack":"AggregateError: \n    at internalConnectMultiple (node:net:1430:18)\n    at afterConnectMultiple (node:net:2099:7)","aggregateErrors":[{"type":"Error","message":"connect ECONNREFUSED ::1:32825","stack":"Error: connect ECONNREFUSED ::1:32825\n    at createConnectionError (node:net:2062:14)\n    at afterConnectMultiple (node:net:2092:16)","errno":-111,"code":"ECONNREFUSED","syscall":"connect","address":"::1","port":32825},{"type":"Error","message":"connect ECONNREFUSED 127.0.0.1:32825","stack":"Error: connect ECONNREFUSED 127.0.0.1:32825\n    at createConnectionError (node:net:2062:14)\n    at afterConnectMultiple (node:net:2092:16)","errno":-111,"code":"ECONNREFUSED","syscall":"connect","address":"127.0.0.1","port":32825}],"code":"ECONNREFUSED"},"msg":"Cross-process event bridge listener failed"}
{"level":40,"time":1789709171915,"pid":123473,"hostname":"cursor","name":"events","err":{"type":"AggregateError","message":"","stack":"AggregateError: \n    at internalConnectMultiple (node:net:1430:18)\n    at afterConnectMultiple (node:net:2099:7)","aggregateErrors":[{"type":"Error","message":"connect ECONNREFUSED ::1:32825","stack":"Error: connect ECONNREFUSED ::1:32825\n    at createConnectionError (node:net:2062:14)\n    at afterConnectMultiple (node:net:2092:16)","errno":-111,"code":"ECONNREFUSED","syscall":"connect","address":"::1","port":32825},{"type":"Error","message":"connect ECONNREFUSED 127.0.0.1:32825","stack":"Error: connect ECONNREFUSED 127.0.0.1:32825\n    at createConnectionError (node:net:2062:14)\n    at afterConnectMultiple (node:net:2092:16)","errno":-111,"code":"ECONNREFUSED","syscall":"connect","address":"127.0.0.1","port":32825}],"code":"ECONNREFUSED"},"msg":"Cross-process event bridge listener failed"}
{"level":40,"time":1789709172916,"pid":123473,"hostname":"cursor","name":"events","err":{"type":"AggregateError","message":"","stack":"AggregateError: \n    at internalConnectMultiple (node:net:1430:18)\n    at afterConnectMultiple (node:net:2099:7)","aggregateErrors":[{"type":"Error","message":"connect ECONNREFUSED ::1:32825","stack":"Error: connect ECONNREFUSED ::1:32825\n    at createConnectionError (node:net:2062:14)\n    at afterConnectMultiple (node:net:2092:16)","errno":-111,"code":"ECONNREFUSED","syscall":"connect","address":"::1","port":32825},{"type":"Error","message":"connect ECONNREFUSED 127.0.0.1:32825","stack":"Error: connect ECONNREFUSED 127.0.0.1:32825\n    at createConnectionError (node:net:2062:14)\n    at afterConnectMultiple (node:net:2092:16)","errno":-111,"code":"ECONNREFUSED","syscall":"connect","address":"127.0.0.1","port":32825}],"code":"ECONNREFUSED"},"msg":"Cross-process event bridge listener failed"}
{"level":40,"time":1789709173923,"pid":123473,"hostname":"cursor","name":"events","err":{"type":"AggregateError","message":"","stack":"AggregateError: \n    at internalConnectMultiple (node:net:1430:18)\n    at afterConnectMultiple (node:net:2099:7)","aggregateErrors":[{"type":"Error","message":"connect ECONNREFUSED ::1:32825","stack":"Error: connect ECONNREFUSED ::1:32825\n    at createConnectionError (node:net:2062:14)\n    at afterConnectMultiple (node:net:2092:16)","errno":-111,"code":"ECONNREFUSED","syscall":"connect","address":"::1","port":32825},{"type":"Error","message":"connect ECONNREFUSED 127.0.0.1:32825","stack":"Error: connect ECONNREFUSED 127.0.0.1:32825\n    at createConnectionError (node:net:2062:14)\n    at afterConnectMultiple (node:net:2092:16)","errno":-111,"code":"ECONNREFUSED","syscall":"connect","address":"127.0.0.1","port":32825}],"code":"ECONNREFUSED"},"msg":"Cross-process event bridge listener failed"}
{"level":40,"time":1789709174930,"pid":123473,"hostname":"cursor","name":"events","err":{"type":"AggregateError","message":"","stack":"AggregateError: \n    at internalConnectMultiple (node:net:1430:18)\n    at afterConnectMultiple (node:net:2099:7)","aggregateErrors":[{"type":"Error","message":"connect ECONNREFUSED ::1:32825","stack":"Error: connect ECONNREFUSED ::1:32825\n    at createConnectionError (node:net:2062:14)\n    at afterConnectMultiple (node:net:2092:16)","errno":-111,"code":"ECONNREFUSED","syscall":"connect","address":"::1","port":32825},{"type":"Error","message":"connect ECONNREFUSED 127.0.0.1:32825","stack":"Error: connect ECONNREFUSED 127.0.0.1:32825\n    at createConnectionError (node:net:2062:14)\n    at afterConnectMultiple (node:net:2092:16)","errno":-111,"code":"ECONNREFUSED","syscall":"connect","address":"127.0.0.1","port":32825}],"code":"ECONNREFUSED"},"msg":"Cross-process event bridge listener failed"}
{"level":40,"time":1789709175932,"pid":123473,"hostname":"cursor","name":"events","err":{"type":"AggregateError","message":"","stack":"AggregateError: \n    at internalConnectMultiple (node:net:1430:18)\n    at afterConnectMultiple (node:net:2099:7)","aggregateErrors":[{"type":"Error","message":"connect ECONNREFUSED ::1:32825","stack":"Error: connect ECONNREFUSED ::1:32825\n    at createConnectionError (node:net:2062:14)\n    at afterConnectMultiple (node:net:2092:16)","errno":-111,"code":"ECONNREFUSED","syscall":"connect","address":"::1","port":32825},{"type":"Error","message":"connect ECONNREFUSED 127.0.0.1:32825","stack":"Error: connect ECONNREFUSED 127.0.0.1:32825\n    at createConnectionError (node:net:2062:14)\n    at afterConnectMultiple (node:net:2092:16)","errno":-111,"code":"ECONNREFUSED","syscall":"connect","address":"127.0.0.1","port":32825}],"code":"ECONNREFUSED"},"msg":"Cross-process event bridge listener failed"}
{"level":40,"time":1789709176935,"pid":123473,"hostname":"cursor","name":"events","err":{"type":"AggregateError","message":"","stack":"AggregateError: \n    at internalConnectMultiple (node:net:1430:18)\n    at afterConnectMultiple (node:net:2099:7)","aggregateErrors":[{"type":"Error","message":"connect ECONNREFUSED ::1:32825","stack":"Error: connect ECONNREFUSED ::1:32825\n    at createConnectionError (node:net:2062:14)\n    at afterConnectMultiple (node:net:2092:16)","errno":-111,"code":"ECONNREFUSED","syscall":"connect","address":"::1","port":32825},{"type":"Error","message":"connect ECONNREFUSED 127.0.0.1:32825","stack":"Error: connect ECONNREFUSED 127.0.0.1:32825\n    at createConnectionError (node:net:2062:14)\n    at afterConnectMultiple (node:net:2092:16)","errno":-111,"code":"ECONNREFUSED","syscall":"connect","address":"127.0.0.1","port":32825}],"code":"ECONNREFUSED"},"msg":"Cross-process event bridge listener failed"}
{"level":40,"time":1789709177938,"pid":123473,"hostname":"cursor","name":"events","err":{"type":"AggregateError","message":"","stack":"AggregateError: \n    at internalConnectMultiple (node:net:1430:18)\n    at afterConnectMultiple (node:net:2099:7)","aggregateErrors":[{"type":"Error","message":"connect ECONNREFUSED ::1:32825","stack":"Error: connect ECONNREFUSED ::1:32825\n    at createConnectionError (node:net:2062:14)\n    at afterConnectMultiple (node:net:2092:16)","errno":-111,"code":"ECONNREFUSED","syscall":"connect","address":"::1","port":32825},{"type":"Error","message":"connect ECONNREFUSED 127.0.0.1:32825","stack":"Error: connect ECONNREFUSED 127.0.0.1:32825\n    at createConnectionError (node:net:2062:14)\n    at afterConnectMultiple (node:net:2092:16)","errno":-111,"code":"ECONNREFUSED","syscall":"connect","address":"127.0.0.1","port":32825}],"code":"ECONNREFUSED"},"msg":"Cross-process event bridge listener failed"}
{"level":40,"time":1789709178943,"pid":123473,"hostname":"cursor","name":"events","err":{"type":"AggregateError","message":"","stack":"AggregateError: \n    at internalConnectMultiple (node:net:1430:18)\n    at afterConnectMultiple (node:net:2099:7)","aggregateErrors":[{"type":"Error","message":"connect ECONNREFUSED ::1:32825","stack":"Error: connect ECONNREFUSED ::1:32825\n    at createConnectionError (node:net:2062:14)\n    at afterConnectMultiple (node:net:2092:16)","errno":-111,"code":"ECONNREFUSED","syscall":"connect","address":"::1","port":32825},{"type":"Error","message":"connect ECONNREFUSED 127.0.0.1:32825","stack":"Error: connect ECONNREFUSED 127.0.0.1:32825\n    at createConnectionError (node:net:2062:14)\n    at afterConnectMultiple (node:net:2092:16)","errno":-111,"code":"ECONNREFUSED","syscall":"connect","address":"127.0.0.1","port":32825}],"code":"ECONNREFUSED"},"msg":"Cross-process event bridge listener failed"}
{"level":40,"time":1789709179945,"pid":123473,"hostname":"cursor","name":"events","err":{"type":"AggregateError","message":"","stack":"AggregateError: \n    at internalConnectMultiple (node:net:1430:18)\n    at afterConnectMultiple (node:net:2099:7)","aggregateErrors":[{"type":"Error","message":"connect ECONNREFUSED ::1:32825","stack":"Error: connect ECONNREFUSED ::1:32825\n    at createConnectionError (node:net:2062:14)\n    at afterConnectMultiple (node:net:2092:16)","errno":-111,"code":"ECONNREFUSED","syscall":"connect","address":"::1","port":32825},{"type":"Error","message":"connect ECONNREFUSED 127.0.0.1:32825","stack":"Error: connect ECONNREFUSED 127.0.0.1:32825\n    at createConnectionError (node:net:2062:14)\n    at afterConnectMultiple (node:net:2092:16)","errno":-111,"code":"ECONNREFUSED","syscall":"connect","address":"127.0.0.1","port":32825}],"code":"ECONNREFUSED"},"msg":"Cross-process event bridge listener failed"}
{"level":40,"time":1789709180948,"pid":123473,"hostname":"cursor","name":"events","err":{"type":"AggregateError","message":"","stack":"AggregateError: \n    at internalConnectMultiple (node:net:1430:18)\n    at afterConnectMultiple (node:net:2099:7)","aggregateErrors":[{"type":"Error","message":"connect ECONNREFUSED ::1:32825","stack":"Error: connect ECONNREFUSED ::1:32825\n    at createConnectionError (node:net:2062:14)\n    at afterConnectMultiple (node:net:2092:16)","errno":-111,"code":"ECONNREFUSED","syscall":"connect","address":"::1","port":32825},{"type":"Error","message":"connect ECONNREFUSED 127.0.0.1:32825","stack":"Error: connect ECONNREFUSED 127.0.0.1:32825\n    at createConnectionError (node:net:2062:14)\n    at afterConnectMultiple (node:net:2092:16)","errno":-111,"code":"ECONNREFUSED","syscall":"connect","address":"127.0.0.1","port":32825}],"code":"ECONNREFUSED"},"msg":"Cross-process event bridge listener failed"}
{"level":40,"time":1789709181955,"pid":123473,"hostname":"cursor","name":"events","err":{"type":"AggregateError","message":"","stack":"AggregateError: \n    at internalConnectMultiple (node:net:1430:18)\n    at afterConnectMultiple (node:net:2099:7)","aggregateErrors":[{"type":"Error","message":"connect ECONNREFUSED ::1:32825","stack":"Error: connect ECONNREFUSED ::1:32825\n    at createConnectionError (node:net:2062:14)\n    at afterConnectMultiple (node:net:2092:16)","errno":-111,"code":"ECONNREFUSED","syscall":"connect","address":"::1","port":32825},{"type":"Error","message":"connect ECONNREFUSED 127.0.0.1:32825","stack":"Error: connect ECONNREFUSED 127.0.0.1:32825\n    at createConnectionError (node:net:2062:14)\n    at afterConnectMultiple (node:net:2092:16)","errno":-111,"code":"ECONNREFUSED","syscall":"connect","address":"127.0.0.1","port":32825}],"code":"ECONNREFUSED"},"msg":"Cross-process event bridge listener failed"}
{"level":40,"time":1789709182967,"pid":123473,"hostname":"cursor","name":"events","err":{"type":"AggregateError","message":"","stack":"AggregateError: \n    at internalConnectMultiple (node:net:1430:18)\n    at afterConnectMultiple (node:net:2099:7)","aggregateErrors":[{"type":"Error","message":"connect ECONNREFUSED ::1:32825","stack":"Error: connect ECONNREFUSED ::1:32825\n    at createConnectionError (node:net:2062:14)\n    at afterConnectMultiple (node:net:2092:16)","errno":-111,"code":"ECONNREFUSED","syscall":"connect","address":"::1","port":32825},{"type":"Error","message":"connect ECONNREFUSED 127.0.0.1:32825","stack":"Error: connect ECONNREFUSED 127.0.0.1:32825\n    at createConnectionError (node:net:2062:14)\n    at afterConnectMultiple (node:net:2092:16)","errno":-111,"code":"ECONNREFUSED","syscall":"connect","address":"127.0.0.1","port":32825}],"code":"ECONNREFUSED"},"msg":"Cross-process event bridge listener failed"}
{"level":40,"time":1789709183970,"pid":123473,"hostname":"cursor","name":"events","err":{"type":"AggregateError","message":"","stack":"AggregateError: \n    at internalConnectMultiple (node:net:1430:18)\n    at afterConnectMultiple (node:net:2099:7)","aggregateErrors":[{"type":"Error","message":"connect ECONNREFUSED ::1:32825","stack":"Error: connect ECONNREFUSED ::1:32825\n    at createConnectionError (node:net:2062:14)\n    at afterConnectMultiple (node:net:2092:16)","errno":-111,"code":"ECONNREFUSED","syscall":"connect","address":"::1","port":32825},{"type":"Error","message":"connect ECONNREFUSED 127.0.0.1:32825","stack":"Error: connect ECONNREFUSED 127.0.0.1:32825\n    at createConnectionError (node:net:2062:14)\n    at afterConnectMultiple (node:net:2092:16)","errno":-111,"code":"ECONNREFUSED","syscall":"connect","address":"127.0.0.1","port":32825}],"code":"ECONNREFUSED"},"msg":"Cross-process event bridge listener failed"}
{"level":40,"time":1789709184972,"pid":123473,"hostname":"cursor","name":"events","err":{"type":"AggregateError","message":"","stack":"AggregateError: \n    at internalConnectMultiple (node:net:1430:18)\n    at afterConnectMultiple (node:net:2099:7)","aggregateErrors":[{"type":"Error","message":"connect ECONNREFUSED ::1:32825","stack":"Error: connect ECONNREFUSED ::1:32825\n    at createConnectionError (node:net:2062:14)\n    at afterConnectMultiple (node:net:2092:16)","errno":-111,"code":"ECONNREFUSED","syscall":"connect","address":"::1","port":32825},{"type":"Error","message":"connect ECONNREFUSED 127.0.0.1:32825","stack":"Error: connect ECONNREFUSED 127.0.0.1:32825\n    at createConnectionError (node:net:2062:14)\n    at afterConnectMultiple (node:net:2092:16)","errno":-111,"code":"ECONNREFUSED","syscall":"connect","address":"127.0.0.1","port":32825}],"code":"ECONNREFUSED"},"msg":"Cross-process event bridge listener failed"}
{"level":40,"time":1789709185978,"pid":123473,"hostname":"cursor","name":"events","err":{"type":"AggregateError","message":"","stack":"AggregateError: \n    at internalConnectMultiple (node:net:1430:18)\n    at afterConnectMultiple (node:net:2099:7)","aggregateErrors":[{"type":"Error","message":"connect ECONNREFUSED ::1:32825","stack":"Error: connect ECONNREFUSED ::1:32825\n    at createConnectionError (node:net:2062:14)\n    at afterConnectMultiple (node:net:2092:16)","errno":-111,"code":"ECONNREFUSED","syscall":"connect","address":"::1","port":32825},{"type":"Error","message":"connect ECONNREFUSED 127.0.0.1:32825","stack":"Error: connect ECONNREFUSED 127.0.0.1:32825\n    at createConnectionError (node:net:2062:14)\n    at afterConnectMultiple (node:net:2092:16)","errno":-111,"code":"ECONNREFUSED","syscall":"connect","address":"127.0.0.1","port":32825}],"code":"ECONNREFUSED"},"msg":"Cross-process event bridge listener failed"}
{"level":40,"time":1789709186980,"pid":123473,"hostname":"cursor","name":"events","err":{"type":"AggregateError","message":"","stack":"AggregateError: \n    at internalConnectMultiple (node:net:1430:18)\n    at afterConnectMultiple (node:net:2099:7)","aggregateErrors":[{"type":"Error","message":"connect ECONNREFUSED ::1:32825","stack":"Error: connect ECONNREFUSED ::1:32825\n    at createConnectionError (node:net:2062:14)\n    at afterConnectMultiple (node:net:2092:16)","errno":-111,"code":"ECONNREFUSED","syscall":"connect","address":"::1","port":32825},{"type":"Error","message":"connect ECONNREFUSED 127.0.0.1:32825","stack":"Error: connect ECONNREFUSED 127.0.0.1:32825\n    at createConnectionError (node:net:2062:14)\n    at afterConnectMultiple (node:net:2092:16)","errno":-111,"code":"ECONNREFUSED","syscall":"connect","address":"127.0.0.1","port":32825}],"code":"ECONNREFUSED"},"msg":"Cross-process event bridge listener failed"}
{"level":40,"time":1789709187984,"pid":123473,"hostname":"cursor","name":"events","err":{"type":"AggregateError","message":"","stack":"AggregateError: \n    at internalConnectMultiple (node:net:1430:18)\n    at afterConnectMultiple (node:net:2099:7)","aggregateErrors":[{"type":"Error","message":"connect ECONNREFUSED ::1:32825","stack":"Error: connect ECONNREFUSED ::1:32825\n    at createConnectionError (node:net:2062:14)\n    at afterConnectMultiple (node:net:2092:16)","errno":-111,"code":"ECONNREFUSED","syscall":"connect","address":"::1","port":32825},{"type":"Error","message":"connect ECONNREFUSED 127.0.0.1:32825","stack":"Error: connect ECONNREFUSED 127.0.0.1:32825\n    at createConnectionError (node:net:2062:14)\n    at afterConnectMultiple (node:net:2092:16)","errno":-111,"code":"ECONNREFUSED","syscall":"connect","address":"127.0.0.1","port":32825}],"code":"ECONNREFUSED"},"msg":"Cross-process event bridge listener failed"}
{"level":40,"time":1789709188990,"pid":123473,"hostname":"cursor","name":"events","err":{"type":"AggregateError","message":"","stack":"AggregateError: \n    at internalConnectMultiple (node:net:1430:18)\n    at afterConnectMultiple (node:net:2099:7)","aggregateErrors":[{"type":"Error","message":"connect ECONNREFUSED ::1:32825","stack":"Error: connect ECONNREFUSED ::1:32825\n    at createConnectionError (node:net:2062:14)\n    at afterConnectMultiple (node:net:2092:16)","errno":-111,"code":"ECONNREFUSED","syscall":"connect","address":"::1","port":32825},{"type":"Error","message":"connect ECONNREFUSED 127.0.0.1:32825","stack":"Error: connect ECONNREFUSED 127.0.0.1:32825\n    at createConnectionError (node:net:2062:14)\n    at afterConnectMultiple (node:net:2092:16)","errno":-111,"code":"ECONNREFUSED","syscall":"connect","address":"127.0.0.1","port":32825}],"code":"ECONNREFUSED"},"msg":"Cross-process event bridge listener failed"}
{"level":40,"time":1789709189992,"pid":123473,"hostname":"cursor","name":"events","err":{"type":"AggregateError","message":"","stack":"AggregateError: \n    at internalConnectMultiple (node:net:1430:18)\n    at afterConnectMultiple (node:net:2099:7)","aggregateErrors":[{"type":"Error","message":"connect ECONNREFUSED ::1:32825","stack":"Error: connect ECONNREFUSED ::1:32825\n    at createConnectionError (node:net:2062:14)\n    at afterConnectMultiple (node:net:2092:16)","errno":-111,"code":"ECONNREFUSED","syscall":"connect","address":"::1","port":32825},{"type":"Error","message":"connect ECONNREFUSED 127.0.0.1:32825","stack":"Error: connect ECONNREFUSED 127.0.0.1:32825\n    at createConnectionError (node:net:2062:14)\n    at afterConnectMultiple (node:net:2092:16)","errno":-111,"code":"ECONNREFUSED","syscall":"connect","address":"127.0.0.1","port":32825}],"code":"ECONNREFUSED"},"msg":"Cross-process event bridge listener failed"}
{"level":40,"time":1789709190996,"pid":123473,"hostname":"cursor","name":"events","err":{"type":"AggregateError","message":"","stack":"AggregateError: \n    at internalConnectMultiple (node:net:1430:18)\n    at afterConnectMultiple (node:net:2099:7)","aggregateErrors":[{"type":"Error","message":"connect ECONNREFUSED ::1:32825","stack":"Error: connect ECONNREFUSED ::1:32825\n    at createConnectionError (node:net:2062:14)\n    at afterConnectMultiple (node:net:2092:16)","errno":-111,"code":"ECONNREFUSED","syscall":"connect","address":"::1","port":32825},{"type":"Error","message":"connect ECONNREFUSED 127.0.0.1:32825","stack":"Error: connect ECONNREFUSED 127.0.0.1:32825\n    at createConnectionError (node:net:2062:14)\n    at afterConnectMultiple (node:net:2092:16)","errno":-111,"code":"ECONNREFUSED","syscall":"connect","address":"127.0.0.1","port":32825}],"code":"ECONNREFUSED"},"msg":"Cross-process event bridge listener failed"}
{"level":40,"time":1789709191998,"pid":123473,"hostname":"cursor","name":"events","err":{"type":"AggregateError","message":"","stack":"AggregateError: \n    at internalConnectMultiple (node:net:1430:18)\n    at afterConnectMultiple (node:net:2099:7)","aggregateErrors":[{"type":"Error","message":"connect ECONNREFUSED ::1:32825","stack":"Error: connect ECONNREFUSED ::1:32825\n    at createConnectionError (node:net:2062:14)\n    at afterConnectMultiple (node:net:2092:16)","errno":-111,"code":"ECONNREFUSED","syscall":"connect","address":"::1","port":32825},{"type":"Error","message":"connect ECONNREFUSED 127.0.0.1:32825","stack":"Error: connect ECONNREFUSED 127.0.0.1:32825\n    at createConnectionError (node:net:2062:14)\n    at afterConnectMultiple (node:net:2092:16)","errno":-111,"code":"ECONNREFUSED","syscall":"connect","address":"127.0.0.1","port":32825}],"code":"ECONNREFUSED"},"msg":"Cross-process event bridge listener failed"}
{"level":40,"time":1789709193001,"pid":123473,"hostname":"cursor","name":"events","err":{"type":"AggregateError","message":"","stack":"AggregateError: \n    at internalConnectMultiple (node:net:1430:18)\n    at afterConnectMultiple (node:net:2099:7)","aggregateErrors":[{"type":"Error","message":"connect ECONNREFUSED ::1:32825","stack":"Error: connect ECONNREFUSED ::1:32825\n    at createConnectionError (node:net:2062:14)\n    at afterConnectMultiple (node:net:2092:16)","errno":-111,"code":"ECONNREFUSED","syscall":"connect","address":"::1","port":32825},{"type":"Error","message":"connect ECONNREFUSED 127.0.0.1:32825","stack":"Error: connect ECONNREFUSED 127.0.0.1:32825\n    at createConnectionError (node:net:2062:14)\n    at afterConnectMultiple (node:net:2092:16)","errno":-111,"code":"ECONNREFUSED","syscall":"connect","address":"127.0.0.1","port":32825}],"code":"ECONNREFUSED"},"msg":"Cross-process event bridge listener failed"}
{"level":40,"time":1789709194004,"pid":123473,"hostname":"cursor","name":"events","err":{"type":"AggregateError","message":"","stack":"AggregateError: \n    at internalConnectMultiple (node:net:1430:18)\n    at afterConnectMultiple (node:net:2099:7)","aggregateErrors":[{"type":"Error","message":"connect ECONNREFUSED ::1:32825","stack":"Error: connect ECONNREFUSED ::1:32825\n    at createConnectionError (node:net:2062:14)\n    at afterConnectMultiple (node:net:2092:16)","errno":-111,"code":"ECONNREFUSED","syscall":"connect","address":"::1","port":32825},{"type":"Error","message":"connect ECONNREFUSED 127.0.0.1:32825","stack":"Error: connect ECONNREFUSED 127.0.0.1:32825\n    at createConnectionError (node:net:2062:14)\n    at afterConnectMultiple (node:net:2092:16)","errno":-111,"code":"ECONNREFUSED","syscall":"connect","address":"127.0.0.1","port":32825}],"code":"ECONNREFUSED"},"msg":"Cross-process event bridge listener failed"}
{"level":40,"time":1789709195006,"pid":123473,"hostname":"cursor","name":"events","err":{"type":"AggregateError","message":"","stack":"AggregateError: \n    at internalConnectMultiple (node:net:1430:18)\n    at afterConnectMultiple (node:net:2099:7)","aggregateErrors":[{"type":"Error","message":"connect ECONNREFUSED ::1:32825","stack":"Error: connect ECONNREFUSED ::1:32825\n    at createConnectionError (node:net:2062:14)\n    at afterConnectMultiple (node:net:2092:16)","errno":-111,"code":"ECONNREFUSED","syscall":"connect","address":"::1","port":32825},{"type":"Error","message":"connect ECONNREFUSED 127.0.0.1:32825","stack":"Error: connect ECONNREFUSED 127.0.0.1:32825\n    at createConnectionError (node:net:2062:14)\n    at afterConnectMultiple (node:net:2092:16)","errno":-111,"code":"ECONNREFUSED","syscall":"connect","address":"127.0.0.1","port":32825}],"code":"ECONNREFUSED"},"msg":"Cross-process event bridge listener failed"}
{"level":40,"time":1789709196007,"pid":123473,"hostname":"cursor","name":"events","err":{"type":"AggregateError","message":"","stack":"AggregateError: \n    at internalConnectMultiple (node:net:1430:18)\n    at afterConnectMultiple (node:net:2099:7)","aggregateErrors":[{"type":"Error","message":"connect ECONNREFUSED ::1:32825","stack":"Error: connect ECONNREFUSED ::1:32825\n    at createConnectionError (node:net:2062:14)\n    at afterConnectMultiple (node:net:2092:16)","errno":-111,"code":"ECONNREFUSED","syscall":"connect","address":"::1","port":32825},{"type":"Error","message":"connect ECONNREFUSED 127.0.0.1:32825","stack":"Error: connect ECONNREFUSED 127.0.0.1:32825\n    at createConnectionError (node:net:2062:14)\n    at afterConnectMultiple (node:net:2092:16)","errno":-111,"code":"ECONNREFUSED","syscall":"connect","address":"127.0.0.1","port":32825}],"code":"ECONNREFUSED"},"msg":"Cross-process event bridge listener failed"}
{"level":40,"time":1789709197010,"pid":123473,"hostname":"cursor","name":"events","err":{"type":"AggregateError","message":"","stack":"AggregateError: \n    at internalConnectMultiple (node:net:1430:18)\n    at afterConnectMultiple (node:net:2099:7)","aggregateErrors":[{"type":"Error","message":"connect ECONNREFUSED ::1:32825","stack":"Error: connect ECONNREFUSED ::1:32825\n    at createConnectionError (node:net:2062:14)\n    at afterConnectMultiple (node:net:2092:16)","errno":-111,"code":"ECONNREFUSED","syscall":"connect","address":"::1","port":32825},{"type":"Error","message":"connect ECONNREFUSED 127.0.0.1:32825","stack":"Error: connect ECONNREFUSED 127.0.0.1:32825\n    at createConnectionError (node:net:2062:14)\n    at afterConnectMultiple (node:net:2092:16)","errno":-111,"code":"ECONNREFUSED","syscall":"connect","address":"127.0.0.1","port":32825}],"code":"ECONNREFUSED"},"msg":"Cross-process event bridge listener failed"}
{"level":40,"time":1789709198011,"pid":123473,"hostname":"cursor","name":"events","err":{"type":"AggregateError","message":"","stack":"AggregateError: \n    at internalConnectMultiple (node:net:1430:18)\n    at afterConnectMultiple (node:net:2099:7)","aggregateErrors":[{"type":"Error","message":"connect ECONNREFUSED ::1:32825","stack":"Error: connect ECONNREFUSED ::1:32825\n    at createConnectionError (node:net:2062:14)\n    at afterConnectMultiple (node:net:2092:16)","errno":-111,"code":"ECONNREFUSED","syscall":"connect","address":"::1","port":32825},{"type":"Error","message":"connect ECONNREFUSED 127.0.0.1:32825","stack":"Error: connect ECONNREFUSED 127.0.0.1:32825\n    at createConnectionError (node:net:2062:14)\n    at afterConnectMultiple (node:net:2092:16)","errno":-111,"code":"ECONNREFUSED","syscall":"connect","address":"127.0.0.1","port":32825}],"code":"ECONNREFUSED"},"msg":"Cross-process event bridge listener failed"}
{"level":40,"time":1789709199016,"pid":123473,"hostname":"cursor","name":"events","err":{"type":"AggregateError","message":"","stack":"AggregateError: \n    at internalConnectMultiple (node:net:1430:18)\n    at afterConnectMultiple (node:net:2099:7)","aggregateErrors":[{"type":"Error","message":"connect ECONNREFUSED ::1:32825","stack":"Error: connect ECONNREFUSED ::1:32825\n    at createConnectionError (node:net:2062:14)\n    at afterConnectMultiple (node:net:2092:16)","errno":-111,"code":"ECONNREFUSED","syscall":"connect","address":"::1","port":32825},{"type":"Error","message":"connect ECONNREFUSED 127.0.0.1:32825","stack":"Error: connect ECONNREFUSED 127.0.0.1:32825\n    at createConnectionError (node:net:2062:14)\n    at afterConnectMultiple (node:net:2092:16)","errno":-111,"code":"ECONNREFUSED","syscall":"connect","address":"127.0.0.1","port":32825}],"code":"ECONNREFUSED"},"msg":"Cross-process event bridge listener failed"}
{"level":40,"time":1789709200018,"pid":123473,"hostname":"cursor","name":"events","err":{"type":"AggregateError","message":"","stack":"AggregateError: \n    at internalConnectMultiple (node:net:1430:18)\n    at afterConnectMultiple (node:net:2099:7)","aggregateErrors":[{"type":"Error","message":"connect ECONNREFUSED ::1:32825","stack":"Error: connect ECONNREFUSED ::1:32825\n    at createConnectionError (node:net:2062:14)\n    at afterConnectMultiple (node:net:2092:16)","errno":-111,"code":"ECONNREFUSED","syscall":"connect","address":"::1","port":32825},{"type":"Error","message":"connect ECONNREFUSED 127.0.0.1:32825","stack":"Error: connect ECONNREFUSED 127.0.0.1:32825\n    at createConnectionError (node:net:2062:14)\n    at afterConnectMultiple (node:net:2092:16)","errno":-111,"code":"ECONNREFUSED","syscall":"connect","address":"127.0.0.1","port":32825}],"code":"ECONNREFUSED"},"msg":"Cross-process event bridge listener failed"}
{"level":40,"time":1789709201020,"pid":123473,"hostname":"cursor","name":"events","err":{"type":"AggregateError","message":"","stack":"AggregateError: \n    at internalConnectMultiple (node:net:1430:18)\n    at afterConnectMultiple (node:net:2099:7)","aggregateErrors":[{"type":"Error","message":"connect ECONNREFUSED ::1:32825","stack":"Error: connect ECONNREFUSED ::1:32825\n    at createConnectionError (node:net:2062:14)\n    at afterConnectMultiple (node:net:2092:16)","errno":-111,"code":"ECONNREFUSED","syscall":"connect","address":"::1","port":32825},{"type":"Error","message":"connect ECONNREFUSED 127.0.0.1:32825","stack":"Error: connect ECONNREFUSED 127.0.0.1:32825\n    at createConnectionError (node:net:2062:14)\n    at afterConnectMultiple (node:net:2092:16)","errno":-111,"code":"ECONNREFUSED","syscall":"connect","address":"127.0.0.1","port":32825}],"code":"ECONNREFUSED"},"msg":"Cross-process event bridge listener failed"}
{"level":40,"time":1789709202022,"pid":123473,"hostname":"cursor","name":"events","err":{"type":"AggregateError","message":"","stack":"AggregateError: \n    at internalConnectMultiple (node:net:1430:18)\n    at afterConnectMultiple (node:net:2099:7)","aggregateErrors":[{"type":"Error","message":"connect ECONNREFUSED ::1:32825","stack":"Error: connect ECONNREFUSED ::1:32825\n    at createConnectionError (node:net:2062:14)\n    at afterConnectMultiple (node:net:2092:16)","errno":-111,"code":"ECONNREFUSED","syscall":"connect","address":"::1","port":32825},{"type":"Error","message":"connect ECONNREFUSED 127.0.0.1:32825","stack":"Error: connect ECONNREFUSED 127.0.0.1:32825\n    at createConnectionError (node:net:2062:14)\n    at afterConnectMultiple (node:net:2092:16)","errno":-111,"code":"ECONNREFUSED","syscall":"connect","address":"127.0.0.1","port":32825}],"code":"ECONNREFUSED"},"msg":"Cross-process event bridge listener failed"}
{"level":40,"time":1789709203024,"pid":123473,"hostname":"cursor","name":"events","err":{"type":"AggregateError","message":"","stack":"AggregateError: \n    at internalConnectMultiple (node:net:1430:18)\n    at afterConnectMultiple (node:net:2099:7)","aggregateErrors":[{"type":"Error","message":"connect ECONNREFUSED ::1:32825","stack":"Error: connect ECONNREFUSED ::1:32825\n    at createConnectionError (node:net:2062:14)\n    at afterConnectMultiple (node:net:2092:16)","errno":-111,"code":"ECONNREFUSED","syscall":"connect","address":"::1","port":32825},{"type":"Error","message":"connect ECONNREFUSED 127.0.0.1:32825","stack":"Error: connect ECONNREFUSED 127.0.0.1:32825\n    at createConnectionError (node:net:2062:14)\n    at afterConnectMultiple (node:net:2092:16)","errno":-111,"code":"ECONNREFUSED","syscall":"connect","address":"127.0.0.1","port":32825}],"code":"ECONNREFUSED"},"msg":"Cross-process event bridge listener failed"}
{"level":40,"time":1789709204026,"pid":123473,"hostname":"cursor","name":"events","err":{"type":"AggregateError","message":"","stack":"AggregateError: \n    at internalConnectMultiple (node:net:1430:18)\n    at afterConnectMultiple (node:net:2099:7)","aggregateErrors":[{"type":"Error","message":"connect ECONNREFUSED ::1:32825","stack":"Error: connect ECONNREFUSED ::1:32825\n    at createConnectionError (node:net:2062:14)\n    at afterConnectMultiple (node:net:2092:16)","errno":-111,"code":"ECONNREFUSED","syscall":"connect","address":"::1","port":32825},{"type":"Error","message":"connect ECONNREFUSED 127.0.0.1:32825","stack":"Error: connect ECONNREFUSED 127.0.0.1:32825\n    at createConnectionError (node:net:2062:14)\n    at afterConnectMultiple (node:net:2092:16)","errno":-111,"code":"ECONNREFUSED","syscall":"connect","address":"127.0.0.1","port":32825}],"code":"ECONNREFUSED"},"msg":"Cross-process event bridge listener failed"}
{"level":40,"time":1789709205029,"pid":123473,"hostname":"cursor","name":"events","err":{"type":"AggregateError","message":"","stack":"AggregateError: \n    at internalConnectMultiple (node:net:1430:18)\n    at afterConnectMultiple (node:net:2099:7)","aggregateErrors":[{"type":"Error","message":"connect ECONNREFUSED ::1:32825","stack":"Error: connect ECONNREFUSED ::1:32825\n    at createConnectionError (node:net:2062:14)\n    at afterConnectMultiple (node:net:2092:16)","errno":-111,"code":"ECONNREFUSED","syscall":"connect","address":"::1","port":32825},{"type":"Error","message":"connect ECONNREFUSED 127.0.0.1:32825","stack":"Error: connect ECONNREFUSED 127.0.0.1:32825\n    at createConnectionError (node:net:2062:14)\n    at afterConnectMultiple (node:net:2092:16)","errno":-111,"code":"ECONNREFUSED","syscall":"connect","address":"127.0.0.1","port":32825}],"code":"ECONNREFUSED"},"msg":"Cross-process event bridge listener failed"}
{"level":40,"time":1789709206031,"pid":123473,"hostname":"cursor","name":"events","err":{"type":"AggregateError","message":"","stack":"AggregateError: \n    at internalConnectMultiple (node:net:1430:18)\n    at afterConnectMultiple (node:net:2099:7)","aggregateErrors":[{"type":"Error","message":"connect ECONNREFUSED ::1:32825","stack":"Error: connect ECONNREFUSED ::1:32825\n    at createConnectionError (node:net:2062:14)\n    at afterConnectMultiple (node:net:2092:16)","errno":-111,"code":"ECONNREFUSED","syscall":"connect","address":"::1","port":32825},{"type":"Error","message":"connect ECONNREFUSED 127.0.0.1:32825","stack":"Error: connect ECONNREFUSED 127.0.0.1:32825\n    at createConnectionError (node:net:2062:14)\n    at afterConnectMultiple (node:net:2092:16)","errno":-111,"code":"ECONNREFUSED","syscall":"connect","address":"127.0.0.1","port":32825}],"code":"ECONNREFUSED"},"msg":"Cross-process event bridge listener failed"}
{"level":40,"time":1789709207033,"pid":123473,"hostname":"cursor","name":"events","err":{"type":"AggregateError","message":"","stack":"AggregateError: \n    at internalConnectMultiple (node:net:1430:18)\n    at afterConnectMultiple (node:net:2099:7)","aggregateErrors":[{"type":"Error","message":"connect ECONNREFUSED ::1:32825","stack":"Error: connect ECONNREFUSED ::1:32825\n    at createConnectionError (node:net:2062:14)\n    at afterConnectMultiple (node:net:2092:16)","errno":-111,"code":"ECONNREFUSED","syscall":"connect","address":"::1","port":32825},{"type":"Error","message":"connect ECONNREFUSED 127.0.0.1:32825","stack":"Error: connect ECONNREFUSED 127.0.0.1:32825\n    at createConnectionError (node:net:2062:14)\n    at afterConnectMultiple (node:net:2092:16)","errno":-111,"code":"ECONNREFUSED","syscall":"connect","address":"127.0.0.1","port":32825}],"code":"ECONNREFUSED"},"msg":"Cross-process event bridge listener failed"}
{"level":40,"time":1789709208035,"pid":123473,"hostname":"cursor","name":"events","err":{"type":"AggregateError","message":"","stack":"AggregateError: \n    at internalConnectMultiple (node:net:1430:18)\n    at afterConnectMultiple (node:net:2099:7)","aggregateErrors":[{"type":"Error","message":"connect ECONNREFUSED ::1:32825","stack":"Error: connect ECONNREFUSED ::1:32825\n    at createConnectionError (node:net:2062:14)\n    at afterConnectMultiple (node:net:2092:16)","errno":-111,"code":"ECONNREFUSED","syscall":"connect","address":"::1","port":32825},{"type":"Error","message":"connect ECONNREFUSED 127.0.0.1:32825","stack":"Error: connect ECONNREFUSED 127.0.0.1:32825\n    at createConnectionError (node:net:2062:14)\n    at afterConnectMultiple (node:net:2092:16)","errno":-111,"code":"ECONNREFUSED","syscall":"connect","address":"127.0.0.1","port":32825}],"code":"ECONNREFUSED"},"msg":"Cross-process event bridge listener failed"}
{"level":40,"time":1789709209036,"pid":123473,"hostname":"cursor","name":"events","err":{"type":"AggregateError","message":"","stack":"AggregateError: \n    at internalConnectMultiple (node:net:1430:18)\n    at afterConnectMultiple (node:net:2099:7)","aggregateErrors":[{"type":"Error","message":"connect ECONNREFUSED ::1:32825","stack":"Error: connect ECONNREFUSED ::1:32825\n    at createConnectionError (node:net:2062:14)\n    at afterConnectMultiple (node:net:2092:16)","errno":-111,"code":"ECONNREFUSED","syscall":"connect","address":"::1","port":32825},{"type":"Error","message":"connect ECONNREFUSED 127.0.0.1:32825","stack":"Error: connect ECONNREFUSED 127.0.0.1:32825\n    at createConnectionError (node:net:2062:14)\n    at afterConnectMultiple (node:net:2092:16)","errno":-111,"code":"ECONNREFUSED","syscall":"connect","address":"127.0.0.1","port":32825}],"code":"ECONNREFUSED"},"msg":"Cross-process event bridge listener failed"}
{"level":40,"time":1789709210039,"pid":123473,"hostname":"cursor","name":"events","err":{"type":"AggregateError","message":"","stack":"AggregateError: \n    at internalConnectMultiple (node:net:1430:18)\n    at afterConnectMultiple (node:net:2099:7)","aggregateErrors":[{"type":"Error","message":"connect ECONNREFUSED ::1:32825","stack":"Error: connect ECONNREFUSED ::1:32825\n    at createConnectionError (node:net:2062:14)\n    at afterConnectMultiple (node:net:2092:16)","errno":-111,"code":"ECONNREFUSED","syscall":"connect","address":"::1","port":32825},{"type":"Error","message":"connect ECONNREFUSED 127.0.0.1:32825","stack":"Error: connect ECONNREFUSED 127.0.0.1:32825\n    at createConnectionError (node:net:2062:14)\n    at afterConnectMultiple (node:net:2092:16)","errno":-111,"code":"ECONNREFUSED","syscall":"connect","address":"127.0.0.1","port":32825}],"code":"ECONNREFUSED"},"msg":"Cross-process event bridge listener failed"}
{"level":40,"time":1789709211042,"pid":123473,"hostname":"cursor","name":"events","err":{"type":"AggregateError","message":"","stack":"AggregateError: \n    at internalConnectMultiple (node:net:1430:18)\n    at afterConnectMultiple (node:net:2099:7)","aggregateErrors":[{"type":"Error","message":"connect ECONNREFUSED ::1:32825","stack":"Error: connect ECONNREFUSED ::1:32825\n    at createConnectionError (node:net:2062:14)\n    at afterConnectMultiple (node:net:2092:16)","errno":-111,"code":"ECONNREFUSED","syscall":"connect","address":"::1","port":32825},{"type":"Error","message":"connect ECONNREFUSED 127.0.0.1:32825","stack":"Error: connect ECONNREFUSED 127.0.0.1:32825\n    at createConnectionError (node:net:2062:14)\n    at afterConnectMultiple (node:net:2092:16)","errno":-111,"code":"ECONNREFUSED","syscall":"connect","address":"127.0.0.1","port":32825}],"code":"ECONNREFUSED"},"msg":"Cross-process event bridge listener failed"}
{"level":40,"time":1789709212044,"pid":123473,"hostname":"cursor","name":"events","err":{"type":"AggregateError","message":"","stack":"AggregateError: \n    at internalConnectMultiple (node:net:1430:18)\n    at afterConnectMultiple (node:net:2099:7)","aggregateErrors":[{"type":"Error","message":"connect ECONNREFUSED ::1:32825","stack":"Error: connect ECONNREFUSED ::1:32825\n    at createConnectionError (node:net:2062:14)\n    at afterConnectMultiple (node:net:2092:16)","errno":-111,"code":"ECONNREFUSED","syscall":"connect","address":"::1","port":32825},{"type":"Error","message":"connect ECONNREFUSED 127.0.0.1:32825","stack":"Error: connect ECONNREFUSED 127.0.0.1:32825\n    at createConnectionError (node:net:2062:14)\n    at afterConnectMultiple (node:net:2092:16)","errno":-111,"code":"ECONNREFUSED","syscall":"connect","address":"127.0.0.1","port":32825}],"code":"ECONNREFUSED"},"msg":"Cross-process event bridge listener failed"}
{"level":40,"time":1789709213046,"pid":123473,"hostname":"cursor","name":"events","err":{"type":"AggregateError","message":"","stack":"AggregateError: \n    at internalConnectMultiple (node:net:1430:18)\n    at afterConnectMultiple (node:net:2099:7)","aggregateErrors":[{"type":"Error","message":"connect ECONNREFUSED ::1:32825","stack":"Error: connect ECONNREFUSED ::1:32825\n    at createConnectionError (node:net:2062:14)\n    at afterConnectMultiple (node:net:2092:16)","errno":-111,"code":"ECONNREFUSED","syscall":"connect","address":"::1","port":32825},{"type":"Error","message":"connect ECONNREFUSED 127.0.0.1:32825","stack":"Error: connect ECONNREFUSED 127.0.0.1:32825\n    at createConnectionError (node:net:2062:14)\n    at afterConnectMultiple (node:net:2092:16)","errno":-111,"code":"ECONNREFUSED","syscall":"connect","address":"127.0.0.1","port":32825}],"code":"ECONNREFUSED"},"msg":"Cross-process event bridge listener failed"}
{"level":40,"time":1789709214049,"pid":123473,"hostname":"cursor","name":"events","err":{"type":"AggregateError","message":"","stack":"AggregateError: \n    at internalConnectMultiple (node:net:1430:18)\n    at afterConnectMultiple (node:net:2099:7)","aggregateErrors":[{"type":"Error","message":"connect ECONNREFUSED ::1:32825","stack":"Error: connect ECONNREFUSED ::1:32825\n    at createConnectionError (node:net:2062:14)\n    at afterConnectMultiple (node:net:2092:16)","errno":-111,"code":"ECONNREFUSED","syscall":"connect","address":"::1","port":32825},{"type":"Error","message":"connect ECONNREFUSED 127.0.0.1:32825","stack":"Error: connect ECONNREFUSED 127.0.0.1:32825\n    at createConnectionError (node:net:2062:14)\n    at afterConnectMultiple (node:net:2092:16)","errno":-111,"code":"ECONNREFUSED","syscall":"connect","address":"127.0.0.1","port":32825}],"code":"ECONNREFUSED"},"msg":"Cross-process event bridge listener failed"}
{"level":40,"time":1789709215051,"pid":123473,"hostname":"cursor","name":"events","err":{"type":"AggregateError","message":"","stack":"AggregateError: \n    at internalConnectMultiple (node:net:1430:18)\n    at afterConnectMultiple (node:net:2099:7)","aggregateErrors":[{"type":"Error","message":"connect ECONNREFUSED ::1:32825","stack":"Error: connect ECONNREFUSED ::1:32825\n    at createConnectionError (node:net:2062:14)\n    at afterConnectMultiple (node:net:2092:16)","errno":-111,"code":"ECONNREFUSED","syscall":"connect","address":"::1","port":32825},{"type":"Error","message":"connect ECONNREFUSED 127.0.0.1:32825","stack":"Error: connect ECONNREFUSED 127.0.0.1:32825\n    at createConnectionError (node:net:2062:14)\n    at afterConnectMultiple (node:net:2092:16)","errno":-111,"code":"ECONNREFUSED","syscall":"connect","address":"127.0.0.1","port":32825}],"code":"ECONNREFUSED"},"msg":"Cross-process event bridge listener failed"}
{"level":40,"time":1789709216054,"pid":123473,"hostname":"cursor","name":"events","err":{"type":"AggregateError","message":"","stack":"AggregateError: \n    at internalConnectMultiple (node:net:1430:18)\n    at afterConnectMultiple (node:net:2099:7)","aggregateErrors":[{"type":"Error","message":"connect ECONNREFUSED ::1:32825","stack":"Error: connect ECONNREFUSED ::1:32825\n    at createConnectionError (node:net:2062:14)\n    at afterConnectMultiple (node:net:2092:16)","errno":-111,"code":"ECONNREFUSED","syscall":"connect","address":"::1","port":32825},{"type":"Error","message":"connect ECONNREFUSED 127.0.0.1:32825","stack":"Error: connect ECONNREFUSED 127.0.0.1:32825\n    at createConnectionError (node:net:2062:14)\n    at afterConnectMultiple (node:net:2092:16)","errno":-111,"code":"ECONNREFUSED","syscall":"connect","address":"127.0.0.1","port":32825}],"code":"ECONNREFUSED"},"msg":"Cross-process event bridge listener failed"}
{"level":40,"time":1789709217056,"pid":123473,"hostname":"cursor","name":"events","err":{"type":"AggregateError","message":"","stack":"AggregateError: \n    at internalConnectMultiple (node:net:1430:18)\n    at afterConnectMultiple (node:net:2099:7)","aggregateErrors":[{"type":"Error","message":"connect ECONNREFUSED ::1:32825","stack":"Error: connect ECONNREFUSED ::1:32825\n    at createConnectionError (node:net:2062:14)\n    at afterConnectMultiple (node:net:2092:16)","errno":-111,"code":"ECONNREFUSED","syscall":"connect","address":"::1","port":32825},{"type":"Error","message":"connect ECONNREFUSED 127.0.0.1:32825","stack":"Error: connect ECONNREFUSED 127.0.0.1:32825\n    at createConnectionError (node:net:2062:14)\n    at afterConnectMultiple (node:net:2092:16)","errno":-111,"code":"ECONNREFUSED","syscall":"connect","address":"127.0.0.1","port":32825}],"code":"ECONNREFUSED"},"msg":"Cross-process event bridge listener failed"}
{"level":40,"time":1789709218058,"pid":123473,"hostname":"cursor","name":"events","err":{"type":"AggregateError","message":"","stack":"AggregateError: \n    at internalConnectMultiple (node:net:1430:18)\n    at afterConnectMultiple (node:net:2099:7)","aggregateErrors":[{"type":"Error","message":"connect ECONNREFUSED ::1:32825","stack":"Error: connect ECONNREFUSED ::1:32825\n    at createConnectionError (node:net:2062:14)\n    at afterConnectMultiple (node:net:2092:16)","errno":-111,"code":"ECONNREFUSED","syscall":"connect","address":"::1","port":32825},{"type":"Error","message":"connect ECONNREFUSED 127.0.0.1:32825","stack":"Error: connect ECONNREFUSED 127.0.0.1:32825\n    at createConnectionError (node:net:2062:14)\n    at afterConnectMultiple (node:net:2092:16)","errno":-111,"code":"ECONNREFUSED","syscall":"connect","address":"127.0.0.1","port":32825}],"code":"ECONNREFUSED"},"msg":"Cross-process event bridge listener failed"}
{"level":40,"time":1789709219060,"pid":123473,"hostname":"cursor","name":"events","err":{"type":"AggregateError","message":"","stack":"AggregateError: \n    at internalConnectMultiple (node:net:1430:18)\n    at afterConnectMultiple (node:net:2099:7)","aggregateErrors":[{"type":"Error","message":"connect ECONNREFUSED ::1:32825","stack":"Error: connect ECONNREFUSED ::1:32825\n    at createConnectionError (node:net:2062:14)\n    at afterConnectMultiple (node:net:2092:16)","errno":-111,"code":"ECONNREFUSED","syscall":"connect","address":"::1","port":32825},{"type":"Error","message":"connect ECONNREFUSED 127.0.0.1:32825","stack":"Error: connect ECONNREFUSED 127.0.0.1:32825\n    at createConnectionError (node:net:2062:14)\n    at afterConnectMultiple (node:net:2092:16)","errno":-111,"code":"ECONNREFUSED","syscall":"connect","address":"127.0.0.1","port":32825}],"code":"ECONNREFUSED"},"msg":"Cross-process event bridge listener failed"}
{"level":40,"time":1789709220067,"pid":123473,"hostname":"cursor","name":"events","err":{"type":"AggregateError","message":"","stack":"AggregateError: \n    at internalConnectMultiple (node:net:1430:18)\n    at afterConnectMultiple (node:net:2099:7)","aggregateErrors":[{"type":"Error","message":"connect ECONNREFUSED ::1:32825","stack":"Error: connect ECONNREFUSED ::1:32825\n    at createConnectionError (node:net:2062:14)\n    at afterConnectMultiple (node:net:2092:16)","errno":-111,"code":"ECONNREFUSED","syscall":"connect","address":"::1","port":32825},{"type":"Error","message":"connect ECONNREFUSED 127.0.0.1:32825","stack":"Error: connect ECONNREFUSED 127.0.0.1:32825\n    at createConnectionError (node:net:2062:14)\n    at afterConnectMultiple (node:net:2092:16)","errno":-111,"code":"ECONNREFUSED","syscall":"connect","address":"127.0.0.1","port":32825}],"code":"ECONNREFUSED"},"msg":"Cross-process event bridge listener failed"}
{"level":40,"time":1789709221069,"pid":123473,"hostname":"cursor","name":"events","err":{"type":"AggregateError","message":"","stack":"AggregateError: \n    at internalConnectMultiple (node:net:1430:18)\n    at afterConnectMultiple (node:net:2099:7)","aggregateErrors":[{"type":"Error","message":"connect ECONNREFUSED ::1:32825","stack":"Error: connect ECONNREFUSED ::1:32825\n    at createConnectionError (node:net:2062:14)\n    at afterConnectMultiple (node:net:2092:16)","errno":-111,"code":"ECONNREFUSED","syscall":"connect","address":"::1","port":32825},{"type":"Error","message":"connect ECONNREFUSED 127.0.0.1:32825","stack":"Error: connect ECONNREFUSED 127.0.0.1:32825\n    at createConnectionError (node:net:2062:14)\n    at afterConnectMultiple (node:net:2092:16)","errno":-111,"code":"ECONNREFUSED","syscall":"connect","address":"127.0.0.1","port":32825}],"code":"ECONNREFUSED"},"msg":"Cross-process event bridge listener failed"}
{"level":40,"time":1789709222071,"pid":123473,"hostname":"cursor","name":"events","err":{"type":"AggregateError","message":"","stack":"AggregateError: \n    at internalConnectMultiple (node:net:1430:18)\n    at afterConnectMultiple (node:net:2099:7)","aggregateErrors":[{"type":"Error","message":"connect ECONNREFUSED ::1:32825","stack":"Error: connect ECONNREFUSED ::1:32825\n    at createConnectionError (node:net:2062:14)\n    at afterConnectMultiple (node:net:2092:16)","errno":-111,"code":"ECONNREFUSED","syscall":"connect","address":"::1","port":32825},{"type":"Error","message":"connect ECONNREFUSED 127.0.0.1:32825","stack":"Error: connect ECONNREFUSED 127.0.0.1:32825\n    at createConnectionError (node:net:2062:14)\n    at afterConnectMultiple (node:net:2092:16)","errno":-111,"code":"ECONNREFUSED","syscall":"connect","address":"127.0.0.1","port":32825}],"code":"ECONNREFUSED"},"msg":"Cross-process event bridge listener failed"}
{"level":40,"time":1789709223073,"pid":123473,"hostname":"cursor","name":"events","err":{"type":"AggregateError","message":"","stack":"AggregateError: \n    at internalConnectMultiple (node:net:1430:18)\n    at afterConnectMultiple (node:net:2099:7)","aggregateErrors":[{"type":"Error","message":"connect ECONNREFUSED ::1:32825","stack":"Error: connect ECONNREFUSED ::1:32825\n    at createConnectionError (node:net:2062:14)\n    at afterConnectMultiple (node:net:2092:16)","errno":-111,"code":"ECONNREFUSED","syscall":"connect","address":"::1","port":32825},{"type":"Error","message":"connect ECONNREFUSED 127.0.0.1:32825","stack":"Error: connect ECONNREFUSED 127.0.0.1:32825\n    at createConnectionError (node:net:2062:14)\n    at afterConnectMultiple (node:net:2092:16)","errno":-111,"code":"ECONNREFUSED","syscall":"connect","address":"127.0.0.1","port":32825}],"code":"ECONNREFUSED"},"msg":"Cross-process event bridge listener failed"}
{"level":40,"time":1789709224075,"pid":123473,"hostname":"cursor","name":"events","err":{"type":"AggregateError","message":"","stack":"AggregateError: \n    at internalConnectMultiple (node:net:1430:18)\n    at afterConnectMultiple (node:net:2099:7)","aggregateErrors":[{"type":"Error","message":"connect ECONNREFUSED ::1:32825","stack":"Error: connect ECONNREFUSED ::1:32825\n    at createConnectionError (node:net:2062:14)\n    at afterConnectMultiple (node:net:2092:16)","errno":-111,"code":"ECONNREFUSED","syscall":"connect","address":"::1","port":32825},{"type":"Error","message":"connect ECONNREFUSED 127.0.0.1:32825","stack":"Error: connect ECONNREFUSED 127.0.0.1:32825\n    at createConnectionError (node:net:2062:14)\n    at afterConnectMultiple (node:net:2092:16)","errno":-111,"code":"ECONNREFUSED","syscall":"connect","address":"127.0.0.1","port":32825}],"code":"ECONNREFUSED"},"msg":"Cross-process event bridge listener failed"}
{"level":40,"time":1789709225077,"pid":123473,"hostname":"cursor","name":"events","err":{"type":"AggregateError","message":"","stack":"AggregateError: \n    at internalConnectMultiple (node:net:1430:18)\n    at afterConnectMultiple (node:net:2099:7)","aggregateErrors":[{"type":"Error","message":"connect ECONNREFUSED ::1:32825","stack":"Error: connect ECONNREFUSED ::1:32825\n    at createConnectionError (node:net:2062:14)\n    at afterConnectMultiple (node:net:2092:16)","errno":-111,"code":"ECONNREFUSED","syscall":"connect","address":"::1","port":32825},{"type":"Error","message":"connect ECONNREFUSED 127.0.0.1:32825","stack":"Error: connect ECONNREFUSED 127.0.0.1:32825\n    at createConnectionError (node:net:2062:14)\n    at afterConnectMultiple (node:net:2092:16)","errno":-111,"code":"ECONNREFUSED","syscall":"connect","address":"127.0.0.1","port":32825}],"code":"ECONNREFUSED"},"msg":"Cross-process event bridge listener failed"}
{"level":40,"time":1789709226079,"pid":123473,"hostname":"cursor","name":"events","err":{"type":"AggregateError","message":"","stack":"AggregateError: \n    at internalConnectMultiple (node:net:1430:18)\n    at afterConnectMultiple (node:net:2099:7)","aggregateErrors":[{"type":"Error","message":"connect ECONNREFUSED ::1:32825","stack":"Error: connect ECONNREFUSED ::1:32825\n    at createConnectionError (node:net:2062:14)\n    at afterConnectMultiple (node:net:2092:16)","errno":-111,"code":"ECONNREFUSED","syscall":"connect","address":"::1","port":32825},{"type":"Error","message":"connect ECONNREFUSED 127.0.0.1:32825","stack":"Error: connect ECONNREFUSED 127.0.0.1:32825\n    at createConnectionError (node:net:2062:14)\n    at afterConnectMultiple (node:net:2092:16)","errno":-111,"code":"ECONNREFUSED","syscall":"connect","address":"127.0.0.1","port":32825}],"code":"ECONNREFUSED"},"msg":"Cross-process event bridge listener failed"}
{"level":40,"time":1789709227083,"pid":123473,"hostname":"cursor","name":"events","err":{"type":"AggregateError","message":"","stack":"AggregateError: \n    at internalConnectMultiple (node:net:1430:18)\n    at afterConnectMultiple (node:net:2099:7)","aggregateErrors":[{"type":"Error","message":"connect ECONNREFUSED ::1:32825","stack":"Error: connect ECONNREFUSED ::1:32825\n    at createConnectionError (node:net:2062:14)\n    at afterConnectMultiple (node:net:2092:16)","errno":-111,"code":"ECONNREFUSED","syscall":"connect","address":"::1","port":32825},{"type":"Error","message":"connect ECONNREFUSED 127.0.0.1:32825","stack":"Error: connect ECONNREFUSED 127.0.0.1:32825\n    at createConnectionError (node:net:2062:14)\n    at afterConnectMultiple (node:net:2092:16)","errno":-111,"code":"ECONNREFUSED","syscall":"connect","address":"127.0.0.1","port":32825}],"code":"ECONNREFUSED"},"msg":"Cross-process event bridge listener failed"}
{"level":40,"time":1789709228085,"pid":123473,"hostname":"cursor","name":"events","err":{"type":"AggregateError","message":"","stack":"AggregateError: \n    at internalConnectMultiple (node:net:1430:18)\n    at afterConnectMultiple (node:net:2099:7)","aggregateErrors":[{"type":"Error","message":"connect ECONNREFUSED ::1:32825","stack":"Error: connect ECONNREFUSED ::1:32825\n    at createConnectionError (node:net:2062:14)\n    at afterConnectMultiple (node:net:2092:16)","errno":-111,"code":"ECONNREFUSED","syscall":"connect","address":"::1","port":32825},{"type":"Error","message":"connect ECONNREFUSED 127.0.0.1:32825","stack":"Error: connect ECONNREFUSED 127.0.0.1:32825\n    at createConnectionError (node:net:2062:14)\n    at afterConnectMultiple (node:net:2092:16)","errno":-111,"code":"ECONNREFUSED","syscall":"connect","address":"127.0.0.1","port":32825}],"code":"ECONNREFUSED"},"msg":"Cross-process event bridge listener failed"}
{"level":40,"time":1789709229087,"pid":123473,"hostname":"cursor","name":"events","err":{"type":"AggregateError","message":"","stack":"AggregateError: \n    at internalConnectMultiple (node:net:1430:18)\n    at afterConnectMultiple (node:net:2099:7)","aggregateErrors":[{"type":"Error","message":"connect ECONNREFUSED ::1:32825","stack":"Error: connect ECONNREFUSED ::1:32825\n    at createConnectionError (node:net:2062:14)\n    at afterConnectMultiple (node:net:2092:16)","errno":-111,"code":"ECONNREFUSED","syscall":"connect","address":"::1","port":32825},{"type":"Error","message":"connect ECONNREFUSED 127.0.0.1:32825","stack":"Error: connect ECONNREFUSED 127.0.0.1:32825\n    at createConnectionError (node:net:2062:14)\n    at afterConnectMultiple (node:net:2092:16)","errno":-111,"code":"ECONNREFUSED","syscall":"connect","address":"127.0.0.1","port":32825}],"code":"ECONNREFUSED"},"msg":"Cross-process event bridge listener failed"}
{"level":40,"time":1789709230090,"pid":123473,"hostname":"cursor","name":"events","err":{"type":"AggregateError","message":"","stack":"AggregateError: \n    at internalConnectMultiple (node:net:1430:18)\n    at afterConnectMultiple (node:net:2099:7)","aggregateErrors":[{"type":"Error","message":"connect ECONNREFUSED ::1:32825","stack":"Error: connect ECONNREFUSED ::1:32825\n    at createConnectionError (node:net:2062:14)\n    at afterConnectMultiple (node:net:2092:16)","errno":-111,"code":"ECONNREFUSED","syscall":"connect","address":"::1","port":32825},{"type":"Error","message":"connect ECONNREFUSED 127.0.0.1:32825","stack":"Error: connect ECONNREFUSED 127.0.0.1:32825\n    at createConnectionError (node:net:2062:14)\n    at afterConnectMultiple (node:net:2092:16)","errno":-111,"code":"ECONNREFUSED","syscall":"connect","address":"127.0.0.1","port":32825}],"code":"ECONNREFUSED"},"msg":"Cross-process event bridge listener failed"}
{"level":40,"time":1789709231092,"pid":123473,"hostname":"cursor","name":"events","err":{"type":"AggregateError","message":"","stack":"AggregateError: \n    at internalConnectMultiple (node:net:1430:18)\n    at afterConnectMultiple (node:net:2099:7)","aggregateErrors":[{"type":"Error","message":"connect ECONNREFUSED ::1:32825","stack":"Error: connect ECONNREFUSED ::1:32825\n    at createConnectionError (node:net:2062:14)\n    at afterConnectMultiple (node:net:2092:16)","errno":-111,"code":"ECONNREFUSED","syscall":"connect","address":"::1","port":32825},{"type":"Error","message":"connect ECONNREFUSED 127.0.0.1:32825","stack":"Error: connect ECONNREFUSED 127.0.0.1:32825\n    at createConnectionError (node:net:2062:14)\n    at afterConnectMultiple (node:net:2092:16)","errno":-111,"code":"ECONNREFUSED","syscall":"connect","address":"127.0.0.1","port":32825}],"code":"ECONNREFUSED"},"msg":"Cross-process event bridge listener failed"}
{"level":40,"time":1789709232094,"pid":123473,"hostname":"cursor","name":"events","err":{"type":"AggregateError","message":"","stack":"AggregateError: \n    at internalConnectMultiple (node:net:1430:18)\n    at afterConnectMultiple (node:net:2099:7)","aggregateErrors":[{"type":"Error","message":"connect ECONNREFUSED ::1:32825","stack":"Error: connect ECONNREFUSED ::1:32825\n    at createConnectionError (node:net:2062:14)\n    at afterConnectMultiple (node:net:2092:16)","errno":-111,"code":"ECONNREFUSED","syscall":"connect","address":"::1","port":32825},{"type":"Error","message":"connect ECONNREFUSED 127.0.0.1:32825","stack":"Error: connect ECONNREFUSED 127.0.0.1:32825\n    at createConnectionError (node:net:2062:14)\n    at afterConnectMultiple (node:net:2092:16)","errno":-111,"code":"ECONNREFUSED","syscall":"connect","address":"127.0.0.1","port":32825}],"code":"ECONNREFUSED"},"msg":"Cross-process event bridge listener failed"}
{"level":40,"time":1789709233096,"pid":123473,"hostname":"cursor","name":"events","err":{"type":"AggregateError","message":"","stack":"AggregateError: \n    at internalConnectMultiple (node:net:1430:18)\n    at afterConnectMultiple (node:net:2099:7)","aggregateErrors":[{"type":"Error","message":"connect ECONNREFUSED ::1:32825","stack":"Error: connect ECONNREFUSED ::1:32825\n    at createConnectionError (node:net:2062:14)\n    at afterConnectMultiple (node:net:2092:16)","errno":-111,"code":"ECONNREFUSED","syscall":"connect","address":"::1","port":32825},{"type":"Error","message":"connect ECONNREFUSED 127.0.0.1:32825","stack":"Error: connect ECONNREFUSED 127.0.0.1:32825\n    at createConnectionError (node:net:2062:14)\n    at afterConnectMultiple (node:net:2092:16)","errno":-111,"code":"ECONNREFUSED","syscall":"connect","address":"127.0.0.1","port":32825}],"code":"ECONNREFUSED"},"msg":"Cross-process event bridge listener failed"}
{"level":40,"time":1789709234098,"pid":123473,"hostname":"cursor","name":"events","err":{"type":"AggregateError","message":"","stack":"AggregateError: \n    at internalConnectMultiple (node:net:1430:18)\n    at afterConnectMultiple (node:net:2099:7)","aggregateErrors":[{"type":"Error","message":"connect ECONNREFUSED ::1:32825","stack":"Error: connect ECONNREFUSED ::1:32825\n    at createConnectionError (node:net:2062:14)\n    at afterConnectMultiple (node:net:2092:16)","errno":-111,"code":"ECONNREFUSED","syscall":"connect","address":"::1","port":32825},{"type":"Error","message":"connect ECONNREFUSED 127.0.0.1:32825","stack":"Error: connect ECONNREFUSED 127.0.0.1:32825\n    at createConnectionError (node:net:2062:14)\n    at afterConnectMultiple (node:net:2092:16)","errno":-111,"code":"ECONNREFUSED","syscall":"connect","address":"127.0.0.1","port":32825}],"code":"ECONNREFUSED"},"msg":"Cross-process event bridge listener failed"}
{"level":40,"time":1789709235102,"pid":123473,"hostname":"cursor","name":"events","err":{"type":"AggregateError","message":"","stack":"AggregateError: \n    at internalConnectMultiple (node:net:1430:18)\n    at afterConnectMultiple (node:net:2099:7)","aggregateErrors":[{"type":"Error","message":"connect ECONNREFUSED ::1:32825","stack":"Error: connect ECONNREFUSED ::1:32825\n    at createConnectionError (node:net:2062:14)\n    at afterConnectMultiple (node:net:2092:16)","errno":-111,"code":"ECONNREFUSED","syscall":"connect","address":"::1","port":32825},{"type":"Error","message":"connect ECONNREFUSED 127.0.0.1:32825","stack":"Error: connect ECONNREFUSED 127.0.0.1:32825\n    at createConnectionError (node:net:2062:14)\n    at afterConnectMultiple (node:net:2092:16)","errno":-111,"code":"ECONNREFUSED","syscall":"connect","address":"127.0.0.1","port":32825}],"code":"ECONNREFUSED"},"msg":"Cross-process event bridge listener failed"}
{"level":40,"time":1789709236105,"pid":123473,"hostname":"cursor","name":"events","err":{"type":"AggregateError","message":"","stack":"AggregateError: \n    at internalConnectMultiple (node:net:1430:18)\n    at afterConnectMultiple (node:net:2099:7)","aggregateErrors":[{"type":"Error","message":"connect ECONNREFUSED ::1:32825","stack":"Error: connect ECONNREFUSED ::1:32825\n    at createConnectionError (node:net:2062:14)\n    at afterConnectMultiple (node:net:2092:16)","errno":-111,"code":"ECONNREFUSED","syscall":"connect","address":"::1","port":32825},{"type":"Error","message":"connect ECONNREFUSED 127.0.0.1:32825","stack":"Error: connect ECONNREFUSED 127.0.0.1:32825\n    at createConnectionError (node:net:2062:14)\n    at afterConnectMultiple (node:net:2092:16)","errno":-111,"code":"ECONNREFUSED","syscall":"connect","address":"127.0.0.1","port":32825}],"code":"ECONNREFUSED"},"msg":"Cross-process event bridge listener failed"}
{"level":40,"time":1789709237107,"pid":123473,"hostname":"cursor","name":"events","err":{"type":"AggregateError","message":"","stack":"AggregateError: \n    at internalConnectMultiple (node:net:1430:18)\n    at afterConnectMultiple (node:net:2099:7)","aggregateErrors":[{"type":"Error","message":"connect ECONNREFUSED ::1:32825","stack":"Error: connect ECONNREFUSED ::1:32825\n    at createConnectionError (node:net:2062:14)\n    at afterConnectMultiple (node:net:2092:16)","errno":-111,"code":"ECONNREFUSED","syscall":"connect","address":"::1","port":32825},{"type":"Error","message":"connect ECONNREFUSED 127.0.0.1:32825","stack":"Error: connect ECONNREFUSED 127.0.0.1:32825\n    at createConnectionError (node:net:2062:14)\n    at afterConnectMultiple (node:net:2092:16)","errno":-111,"code":"ECONNREFUSED","syscall":"connect","address":"127.0.0.1","port":32825}],"code":"ECONNREFUSED"},"msg":"Cross-process event bridge listener failed"}
{"level":40,"time":1789709238109,"pid":123473,"hostname":"cursor","name":"events","err":{"type":"AggregateError","message":"","stack":"AggregateError: \n    at internalConnectMultiple (node:net:1430:18)\n    at afterConnectMultiple (node:net:2099:7)","aggregateErrors":[{"type":"Error","message":"connect ECONNREFUSED ::1:32825","stack":"Error: connect ECONNREFUSED ::1:32825\n    at createConnectionError (node:net:2062:14)\n    at afterConnectMultiple (node:net:2092:16)","errno":-111,"code":"ECONNREFUSED","syscall":"connect","address":"::1","port":32825},{"type":"Error","message":"connect ECONNREFUSED 127.0.0.1:32825","stack":"Error: connect ECONNREFUSED 127.0.0.1:32825\n    at createConnectionError (node:net:2062:14)\n    at afterConnectMultiple (node:net:2092:16)","errno":-111,"code":"ECONNREFUSED","syscall":"connect","address":"127.0.0.1","port":32825}],"code":"ECONNREFUSED"},"msg":"Cross-process event bridge listener failed"}
{"level":40,"time":1789709239112,"pid":123473,"hostname":"cursor","name":"events","err":{"type":"AggregateError","message":"","stack":"AggregateError: \n    at internalConnectMultiple (node:net:1430:18)\n    at afterConnectMultiple (node:net:2099:7)","aggregateErrors":[{"type":"Error","message":"connect ECONNREFUSED ::1:32825","stack":"Error: connect ECONNREFUSED ::1:32825\n    at createConnectionError (node:net:2062:14)\n    at afterConnectMultiple (node:net:2092:16)","errno":-111,"code":"ECONNREFUSED","syscall":"connect","address":"::1","port":32825},{"type":"Error","message":"connect ECONNREFUSED 127.0.0.1:32825","stack":"Error: connect ECONNREFUSED 127.0.0.1:32825\n    at createConnectionError (node:net:2062:14)\n    at afterConnectMultiple (node:net:2092:16)","errno":-111,"code":"ECONNREFUSED","syscall":"connect","address":"127.0.0.1","port":32825}],"code":"ECONNREFUSED"},"msg":"Cross-process event bridge listener failed"}
{"level":40,"time":1789709240123,"pid":123473,"hostname":"cursor","name":"events","err":{"type":"AggregateError","message":"","stack":"AggregateError: \n    at internalConnectMultiple (node:net:1430:18)\n    at afterConnectMultiple (node:net:2099:7)","aggregateErrors":[{"type":"Error","message":"connect ECONNREFUSED ::1:32825","stack":"Error: connect ECONNREFUSED ::1:32825\n    at createConnectionError (node:net:2062:14)\n    at afterConnectMultiple (node:net:2092:16)","errno":-111,"code":"ECONNREFUSED","syscall":"connect","address":"::1","port":32825},{"type":"Error","message":"connect ECONNREFUSED 127.0.0.1:32825","stack":"Error: connect ECONNREFUSED 127.0.0.1:32825\n    at createConnectionError (node:net:2062:14)\n    at afterConnectMultiple (node:net:2092:16)","errno":-111,"code":"ECONNREFUSED","syscall":"connect","address":"127.0.0.1","port":32825}],"code":"ECONNREFUSED"},"msg":"Cross-process event bridge listener failed"}
{"level":40,"time":1789709241125,"pid":123473,"hostname":"cursor","name":"events","err":{"type":"AggregateError","message":"","stack":"AggregateError: \n    at internalConnectMultiple (node:net:1430:18)\n    at afterConnectMultiple (node:net:2099:7)","aggregateErrors":[{"type":"Error","message":"connect ECONNREFUSED ::1:32825","stack":"Error: connect ECONNREFUSED ::1:32825\n    at createConnectionError (node:net:2062:14)\n    at afterConnectMultiple (node:net:2092:16)","errno":-111,"code":"ECONNREFUSED","syscall":"connect","address":"::1","port":32825},{"type":"Error","message":"connect ECONNREFUSED 127.0.0.1:32825","stack":"Error: connect ECONNREFUSED 127.0.0.1:32825\n    at createConnectionError (node:net:2062:14)\n    at afterConnectMultiple (node:net:2092:16)","errno":-111,"code":"ECONNREFUSED","syscall":"connect","address":"127.0.0.1","port":32825}],"code":"ECONNREFUSED"},"msg":"Cross-process event bridge listener failed"}
{"level":40,"time":1789709242128,"pid":123473,"hostname":"cursor","name":"events","err":{"type":"AggregateError","message":"","stack":"AggregateError: \n    at internalConnectMultiple (node:net:1430:18)\n    at afterConnectMultiple (node:net:2099:7)","aggregateErrors":[{"type":"Error","message":"connect ECONNREFUSED ::1:32825","stack":"Error: connect ECONNREFUSED ::1:32825\n    at createConnectionError (node:net:2062:14)\n    at afterConnectMultiple (node:net:2092:16)","errno":-111,"code":"ECONNREFUSED","syscall":"connect","address":"::1","port":32825},{"type":"Error","message":"connect ECONNREFUSED 127.0.0.1:32825","stack":"Error: connect ECONNREFUSED 127.0.0.1:32825\n    at createConnectionError (node:net:2062:14)\n    at afterConnectMultiple (node:net:2092:16)","errno":-111,"code":"ECONNREFUSED","syscall":"connect","address":"127.0.0.1","port":32825}],"code":"ECONNREFUSED"},"msg":"Cross-process event bridge listener failed"}
{"level":40,"time":1789709243130,"pid":123473,"hostname":"cursor","name":"events","err":{"type":"AggregateError","message":"","stack":"AggregateError: \n    at internalConnectMultiple (node:net:1430:18)\n    at afterConnectMultiple (node:net:2099:7)","aggregateErrors":[{"type":"Error","message":"connect ECONNREFUSED ::1:32825","stack":"Error: connect ECONNREFUSED ::1:32825\n    at createConnectionError (node:net:2062:14)\n    at afterConnectMultiple (node:net:2092:16)","errno":-111,"code":"ECONNREFUSED","syscall":"connect","address":"::1","port":32825},{"type":"Error","message":"connect ECONNREFUSED 127.0.0.1:32825","stack":"Error: connect ECONNREFUSED 127.0.0.1:32825\n    at createConnectionError (node:net:2062:14)\n    at afterConnectMultiple (node:net:2092:16)","errno":-111,"code":"ECONNREFUSED","syscall":"connect","address":"127.0.0.1","port":32825}],"code":"ECONNREFUSED"},"msg":"Cross-process event bridge listener failed"}
{"level":40,"time":1789709244132,"pid":123473,"hostname":"cursor","name":"events","err":{"type":"AggregateError","message":"","stack":"AggregateError: \n    at internalConnectMultiple (node:net:1430:18)\n    at afterConnectMultiple (node:net:2099:7)","aggregateErrors":[{"type":"Error","message":"connect ECONNREFUSED ::1:32825","stack":"Error: connect ECONNREFUSED ::1:32825\n    at createConnectionError (node:net:2062:14)\n    at afterConnectMultiple (node:net:2092:16)","errno":-111,"code":"ECONNREFUSED","syscall":"connect","address":"::1","port":32825},{"type":"Error","message":"connect ECONNREFUSED 127.0.0.1:32825","stack":"Error: connect ECONNREFUSED 127.0.0.1:32825\n    at createConnectionError (node:net:2062:14)\n    at afterConnectMultiple (node:net:2092:16)","errno":-111,"code":"ECONNREFUSED","syscall":"connect","address":"127.0.0.1","port":32825}],"code":"ECONNREFUSED"},"msg":"Cross-process event bridge listener failed"}
{"level":40,"time":1789709245134,"pid":123473,"hostname":"cursor","name":"events","err":{"type":"AggregateError","message":"","stack":"AggregateError: \n    at internalConnectMultiple (node:net:1430:18)\n    at afterConnectMultiple (node:net:2099:7)","aggregateErrors":[{"type":"Error","message":"connect ECONNREFUSED ::1:32825","stack":"Error: connect ECONNREFUSED ::1:32825\n    at createConnectionError (node:net:2062:14)\n    at afterConnectMultiple (node:net:2092:16)","errno":-111,"code":"ECONNREFUSED","syscall":"connect","address":"::1","port":32825},{"type":"Error","message":"connect ECONNREFUSED 127.0.0.1:32825","stack":"Error: connect ECONNREFUSED 127.0.0.1:32825\n    at createConnectionError (node:net:2062:14)\n    at afterConnectMultiple (node:net:2092:16)","errno":-111,"code":"ECONNREFUSED","syscall":"connect","address":"127.0.0.1","port":32825}],"code":"ECONNREFUSED"},"msg":"Cross-process event bridge listener failed"}
{"level":40,"time":1789709246136,"pid":123473,"hostname":"cursor","name":"events","err":{"type":"AggregateError","message":"","stack":"AggregateError: \n    at internalConnectMultiple (node:net:1430:18)\n    at afterConnectMultiple (node:net:2099:7)","aggregateErrors":[{"type":"Error","message":"connect ECONNREFUSED ::1:32825","stack":"Error: connect ECONNREFUSED ::1:32825\n    at createConnectionError (node:net:2062:14)\n    at afterConnectMultiple (node:net:2092:16)","errno":-111,"code":"ECONNREFUSED","syscall":"connect","address":"::1","port":32825},{"type":"Error","message":"connect ECONNREFUSED 127.0.0.1:32825","stack":"Error: connect ECONNREFUSED 127.0.0.1:32825\n    at createConnectionError (node:net:2062:14)\n    at afterConnectMultiple (node:net:2092:16)","errno":-111,"code":"ECONNREFUSED","syscall":"connect","address":"127.0.0.1","port":32825}],"code":"ECONNREFUSED"},"msg":"Cross-process event bridge listener failed"}
{"level":40,"time":1789709247139,"pid":123473,"hostname":"cursor","name":"events","err":{"type":"AggregateError","message":"","stack":"AggregateError: \n    at internalConnectMultiple (node:net:1430:18)\n    at afterConnectMultiple (node:net:2099:7)","aggregateErrors":[{"type":"Error","message":"connect ECONNREFUSED ::1:32825","stack":"Error: connect ECONNREFUSED ::1:32825\n    at createConnectionError (node:net:2062:14)\n    at afterConnectMultiple (node:net:2092:16)","errno":-111,"code":"ECONNREFUSED","syscall":"connect","address":"::1","port":32825},{"type":"Error","message":"connect ECONNREFUSED 127.0.0.1:32825","stack":"Error: connect ECONNREFUSED 127.0.0.1:32825\n    at createConnectionError (node:net:2062:14)\n    at afterConnectMultiple (node:net:2092:16)","errno":-111,"code":"ECONNREFUSED","syscall":"connect","address":"127.0.0.1","port":32825}],"code":"ECONNREFUSED"},"msg":"Cross-process event bridge listener failed"}
{"level":40,"time":1789709248147,"pid":123473,"hostname":"cursor","name":"events","err":{"type":"AggregateError","message":"","stack":"AggregateError: \n    at internalConnectMultiple (node:net:1430:18)\n    at afterConnectMultiple (node:net:2099:7)","aggregateErrors":[{"type":"Error","message":"connect ECONNREFUSED ::1:32825","stack":"Error: connect ECONNREFUSED ::1:32825\n    at createConnectionError (node:net:2062:14)\n    at afterConnectMultiple (node:net:2092:16)","errno":-111,"code":"ECONNREFUSED","syscall":"connect","address":"::1","port":32825},{"type":"Error","message":"connect ECONNREFUSED 127.0.0.1:32825","stack":"Error: connect ECONNREFUSED 127.0.0.1:32825\n    at createConnectionError (node:net:2062:14)\n    at afterConnectMultiple (node:net:2092:16)","errno":-111,"code":"ECONNREFUSED","syscall":"connect","address":"127.0.0.1","port":32825}],"code":"ECONNREFUSED"},"msg":"Cross-process event bridge listener failed"}
{"level":40,"time":1789709249149,"pid":123473,"hostname":"cursor","name":"events","err":{"type":"AggregateError","message":"","stack":"AggregateError: \n    at internalConnectMultiple (node:net:1430:18)\n    at afterConnectMultiple (node:net:2099:7)","aggregateErrors":[{"type":"Error","message":"connect ECONNREFUSED ::1:32825","stack":"Error: connect ECONNREFUSED ::1:32825\n    at createConnectionError (node:net:2062:14)\n    at afterConnectMultiple (node:net:2092:16)","errno":-111,"code":"ECONNREFUSED","syscall":"connect","address":"::1","port":32825},{"type":"Error","message":"connect ECONNREFUSED 127.0.0.1:32825","stack":"Error: connect ECONNREFUSED 127.0.0.1:32825\n    at createConnectionError (node:net:2062:14)\n    at afterConnectMultiple (node:net:2092:16)","errno":-111,"code":"ECONNREFUSED","syscall":"connect","address":"127.0.0.1","port":32825}],"code":"ECONNREFUSED"},"msg":"Cross-process event bridge listener failed"}
{"level":40,"time":1789709250152,"pid":123473,"hostname":"cursor","name":"events","err":{"type":"AggregateError","message":"","stack":"AggregateError: \n    at internalConnectMultiple (node:net:1430:18)\n    at afterConnectMultiple (node:net:2099:7)","aggregateErrors":[{"type":"Error","message":"connect ECONNREFUSED ::1:32825","stack":"Error: connect ECONNREFUSED ::1:32825\n    at createConnectionError (node:net:2062:14)\n    at afterConnectMultiple (node:net:2092:16)","errno":-111,"code":"ECONNREFUSED","syscall":"connect","address":"::1","port":32825},{"type":"Error","message":"connect ECONNREFUSED 127.0.0.1:32825","stack":"Error: connect ECONNREFUSED 127.0.0.1:32825\n    at createConnectionError (node:net:2062:14)\n    at afterConnectMultiple (node:net:2092:16)","errno":-111,"code":"ECONNREFUSED","syscall":"connect","address":"127.0.0.1","port":32825}],"code":"ECONNREFUSED"},"msg":"Cross-process event bridge listener failed"}
{"level":40,"time":1789709251154,"pid":123473,"hostname":"cursor","name":"events","err":{"type":"AggregateError","message":"","stack":"AggregateError: \n    at internalConnectMultiple (node:net:1430:18)\n    at afterConnectMultiple (node:net:2099:7)","aggregateErrors":[{"type":"Error","message":"connect ECONNREFUSED ::1:32825","stack":"Error: connect ECONNREFUSED ::1:32825\n    at createConnectionError (node:net:2062:14)\n    at afterConnectMultiple (node:net:2092:16)","errno":-111,"code":"ECONNREFUSED","syscall":"connect","address":"::1","port":32825},{"type":"Error","message":"connect ECONNREFUSED 127.0.0.1:32825","stack":"Error: connect ECONNREFUSED 127.0.0.1:32825\n    at createConnectionError (node:net:2062:14)\n    at afterConnectMultiple (node:net:2092:16)","errno":-111,"code":"ECONNREFUSED","syscall":"connect","address":"127.0.0.1","port":32825}],"code":"ECONNREFUSED"},"msg":"Cross-process event bridge listener failed"}
{"level":40,"time":1789709252157,"pid":123473,"hostname":"cursor","name":"events","err":{"type":"AggregateError","message":"","stack":"AggregateError: \n    at internalConnectMultiple (node:net:1430:18)\n    at afterConnectMultiple (node:net:2099:7)","aggregateErrors":[{"type":"Error","message":"connect ECONNREFUSED ::1:32825","stack":"Error: connect ECONNREFUSED ::1:32825\n    at createConnectionError (node:net:2062:14)\n    at afterConnectMultiple (node:net:2092:16)","errno":-111,"code":"ECONNREFUSED","syscall":"connect","address":"::1","port":32825},{"type":"Error","message":"connect ECONNREFUSED 127.0.0.1:32825","stack":"Error: connect ECONNREFUSED 127.0.0.1:32825\n    at createConnectionError (node:net:2062:14)\n    at afterConnectMultiple (node:net:2092:16)","errno":-111,"code":"ECONNREFUSED","syscall":"connect","address":"127.0.0.1","port":32825}],"code":"ECONNREFUSED"},"msg":"Cross-process event bridge listener failed"}
{"level":40,"time":1789709253159,"pid":123473,"hostname":"cursor","name":"events","err":{"type":"AggregateError","message":"","stack":"AggregateError: \n    at internalConnectMultiple (node:net:1430:18)\n    at afterConnectMultiple (node:net:2099:7)","aggregateErrors":[{"type":"Error","message":"connect ECONNREFUSED ::1:32825","stack":"Error: connect ECONNREFUSED ::1:32825\n    at createConnectionError (node:net:2062:14)\n    at afterConnectMultiple (node:net:2092:16)","errno":-111,"code":"ECONNREFUSED","syscall":"connect","address":"::1","port":32825},{"type":"Error","message":"connect ECONNREFUSED 127.0.0.1:32825","stack":"Error: connect ECONNREFUSED 127.0.0.1:32825\n    at createConnectionError (node:net:2062:14)\n    at afterConnectMultiple (node:net:2092:16)","errno":-111,"code":"ECONNREFUSED","syscall":"connect","address":"127.0.0.1","port":32825}],"code":"ECONNREFUSED"},"msg":"Cross-process event bridge listener failed"}
{"level":40,"time":1789709254162,"pid":123473,"hostname":"cursor","name":"events","err":{"type":"AggregateError","message":"","stack":"AggregateError: \n    at internalConnectMultiple (node:net:1430:18)\n    at afterConnectMultiple (node:net:2099:7)","aggregateErrors":[{"type":"Error","message":"connect ECONNREFUSED ::1:32825","stack":"Error: connect ECONNREFUSED ::1:32825\n    at createConnectionError (node:net:2062:14)\n    at afterConnectMultiple (node:net:2092:16)","errno":-111,"code":"ECONNREFUSED","syscall":"connect","address":"::1","port":32825},{"type":"Error","message":"connect ECONNREFUSED 127.0.0.1:32825","stack":"Error: connect ECONNREFUSED 127.0.0.1:32825\n    at createConnectionError (node:net:2062:14)\n    at afterConnectMultiple (node:net:2092:16)","errno":-111,"code":"ECONNREFUSED","syscall":"connect","address":"127.0.0.1","port":32825}],"code":"ECONNREFUSED"},"msg":"Cross-process event bridge listener failed"}
{"level":40,"time":1789709255165,"pid":123473,"hostname":"cursor","name":"events","err":{"type":"AggregateError","message":"","stack":"AggregateError: \n    at internalConnectMultiple (node:net:1430:18)\n    at afterConnectMultiple (node:net:2099:7)","aggregateErrors":[{"type":"Error","message":"connect ECONNREFUSED ::1:32825","stack":"Error: connect ECONNREFUSED ::1:32825\n    at createConnectionError (node:net:2062:14)\n    at afterConnectMultiple (node:net:2092:16)","errno":-111,"code":"ECONNREFUSED","syscall":"connect","address":"::1","port":32825},{"type":"Error","message":"connect ECONNREFUSED 127.0.0.1:32825","stack":"Error: connect ECONNREFUSED 127.0.0.1:32825\n    at createConnectionError (node:net:2062:14)\n    at afterConnectMultiple (node:net:2092:16)","errno":-111,"code":"ECONNREFUSED","syscall":"connect","address":"127.0.0.1","port":32825}],"code":"ECONNREFUSED"},"msg":"Cross-process event bridge listener failed"}
{"level":40,"time":1789709256167,"pid":123473,"hostname":"cursor","name":"events","err":{"type":"AggregateError","message":"","stack":"AggregateError: \n    at internalConnectMultiple (node:net:1430:18)\n    at afterConnectMultiple (node:net:2099:7)","aggregateErrors":[{"type":"Error","message":"connect ECONNREFUSED ::1:32825","stack":"Error: connect ECONNREFUSED ::1:32825\n    at createConnectionError (node:net:2062:14)\n    at afterConnectMultiple (node:net:2092:16)","errno":-111,"code":"ECONNREFUSED","syscall":"connect","address":"::1","port":32825},{"type":"Error","message":"connect ECONNREFUSED 127.0.0.1:32825","stack":"Error: connect ECONNREFUSED 127.0.0.1:32825\n    at createConnectionError (node:net:2062:14)\n    at afterConnectMultiple (node:net:2092:16)","errno":-111,"code":"ECONNREFUSED","syscall":"connect","address":"127.0.0.1","port":32825}],"code":"ECONNREFUSED"},"msg":"Cross-process event bridge listener failed"}
{"level":40,"time":1789709257174,"pid":123473,"hostname":"cursor","name":"events","err":{"type":"AggregateError","message":"","stack":"AggregateError: \n    at internalConnectMultiple (node:net:1430:18)\n    at afterConnectMultiple (node:net:2099:7)","aggregateErrors":[{"type":"Error","message":"connect ECONNREFUSED ::1:32825","stack":"Error: connect ECONNREFUSED ::1:32825\n    at createConnectionError (node:net:2062:14)\n    at afterConnectMultiple (node:net:2092:16)","errno":-111,"code":"ECONNREFUSED","syscall":"connect","address":"::1","port":32825},{"type":"Error","message":"connect ECONNREFUSED 127.0.0.1:32825","stack":"Error: connect ECONNREFUSED 127.0.0.1:32825\n    at createConnectionError (node:net:2062:14)\n    at afterConnectMultiple (node:net:2092:16)","errno":-111,"code":"ECONNREFUSED","syscall":"connect","address":"127.0.0.1","port":32825}],"code":"ECONNREFUSED"},"msg":"Cross-process event bridge listener failed"}
{"level":40,"time":1789709258176,"pid":123473,"hostname":"cursor","name":"events","err":{"type":"AggregateError","message":"","stack":"AggregateError: \n    at internalConnectMultiple (node:net:1430:18)\n    at afterConnectMultiple (node:net:2099:7)","aggregateErrors":[{"type":"Error","message":"connect ECONNREFUSED ::1:32825","stack":"Error: connect ECONNREFUSED ::1:32825\n    at createConnectionError (node:net:2062:14)\n    at afterConnectMultiple (node:net:2092:16)","errno":-111,"code":"ECONNREFUSED","syscall":"connect","address":"::1","port":32825},{"type":"Error","message":"connect ECONNREFUSED 127.0.0.1:32825","stack":"Error: connect ECONNREFUSED 127.0.0.1:32825\n    at createConnectionError (node:net:2062:14)\n    at afterConnectMultiple (node:net:2092:16)","errno":-111,"code":"ECONNREFUSED","syscall":"connect","address":"127.0.0.1","port":32825}],"code":"ECONNREFUSED"},"msg":"Cross-process event bridge listener failed"}
{"level":40,"time":1789709259180,"pid":123473,"hostname":"cursor","name":"events","err":{"type":"AggregateError","message":"","stack":"AggregateError: \n    at internalConnectMultiple (node:net:1430:18)\n    at afterConnectMultiple (node:net:2099:7)","aggregateErrors":[{"type":"Error","message":"connect ECONNREFUSED ::1:32825","stack":"Error: connect ECONNREFUSED ::1:32825\n    at createConnectionError (node:net:2062:14)\n    at afterConnectMultiple (node:net:2092:16)","errno":-111,"code":"ECONNREFUSED","syscall":"connect","address":"::1","port":32825},{"type":"Error","message":"connect ECONNREFUSED 127.0.0.1:32825","stack":"Error: connect ECONNREFUSED 127.0.0.1:32825\n    at createConnectionError (node:net:2062:14)\n    at afterConnectMultiple (node:net:2092:16)","errno":-111,"code":"ECONNREFUSED","syscall":"connect","address":"127.0.0.1","port":32825}],"code":"ECONNREFUSED"},"msg":"Cross-process event bridge listener failed"}
{"level":40,"time":1789709260182,"pid":123473,"hostname":"cursor","name":"events","err":{"type":"AggregateError","message":"","stack":"AggregateError: \n    at internalConnectMultiple (node:net:1430:18)\n    at afterConnectMultiple (node:net:2099:7)","aggregateErrors":[{"type":"Error","message":"connect ECONNREFUSED ::1:32825","stack":"Error: connect ECONNREFUSED ::1:32825\n    at createConnectionError (node:net:2062:14)\n    at afterConnectMultiple (node:net:2092:16)","errno":-111,"code":"ECONNREFUSED","syscall":"connect","address":"::1","port":32825},{"type":"Error","message":"connect ECONNREFUSED 127.0.0.1:32825","stack":"Error: connect ECONNREFUSED 127.0.0.1:32825\n    at createConnectionError (node:net:2062:14)\n    at afterConnectMultiple (node:net:2092:16)","errno":-111,"code":"ECONNREFUSED","syscall":"connect","address":"127.0.0.1","port":32825}],"code":"ECONNREFUSED"},"msg":"Cross-process event bridge listener failed"}
{"level":40,"time":1789709261184,"pid":123473,"hostname":"cursor","name":"events","err":{"type":"AggregateError","message":"","stack":"AggregateError: \n    at internalConnectMultiple (node:net:1430:18)\n    at afterConnectMultiple (node:net:2099:7)","aggregateErrors":[{"type":"Error","message":"connect ECONNREFUSED ::1:32825","stack":"Error: connect ECONNREFUSED ::1:32825\n    at createConnectionError (node:net:2062:14)\n    at afterConnectMultiple (node:net:2092:16)","errno":-111,"code":"ECONNREFUSED","syscall":"connect","address":"::1","port":32825},{"type":"Error","message":"connect ECONNREFUSED 127.0.0.1:32825","stack":"Error: connect ECONNREFUSED 127.0.0.1:32825\n    at createConnectionError (node:net:2062:14)\n    at afterConnectMultiple (node:net:2092:16)","errno":-111,"code":"ECONNREFUSED","syscall":"connect","address":"127.0.0.1","port":32825}],"code":"ECONNREFUSED"},"msg":"Cross-process event bridge listener failed"}
{"level":40,"time":1789709262186,"pid":123473,"hostname":"cursor","name":"events","err":{"type":"AggregateError","message":"","stack":"AggregateError: \n    at internalConnectMultiple (node:net:1430:18)\n    at afterConnectMultiple (node:net:2099:7)","aggregateErrors":[{"type":"Error","message":"connect ECONNREFUSED ::1:32825","stack":"Error: connect ECONNREFUSED ::1:32825\n    at createConnectionError (node:net:2062:14)\n    at afterConnectMultiple (node:net:2092:16)","errno":-111,"code":"ECONNREFUSED","syscall":"connect","address":"::1","port":32825},{"type":"Error","message":"connect ECONNREFUSED 127.0.0.1:32825","stack":"Error: connect ECONNREFUSED 127.0.0.1:32825\n    at createConnectionError (node:net:2062:14)\n    at afterConnectMultiple (node:net:2092:16)","errno":-111,"code":"ECONNREFUSED","syscall":"connect","address":"127.0.0.1","port":32825}],"code":"ECONNREFUSED"},"msg":"Cross-process event bridge listener failed"}
{"level":40,"time":1789709263188,"pid":123473,"hostname":"cursor","name":"events","err":{"type":"AggregateError","message":"","stack":"AggregateError: \n    at internalConnectMultiple (node:net:1430:18)\n    at afterConnectMultiple (node:net:2099:7)","aggregateErrors":[{"type":"Error","message":"connect ECONNREFUSED ::1:32825","stack":"Error: connect ECONNREFUSED ::1:32825\n    at createConnectionError (node:net:2062:14)\n    at afterConnectMultiple (node:net:2092:16)","errno":-111,"code":"ECONNREFUSED","syscall":"connect","address":"::1","port":32825},{"type":"Error","message":"connect ECONNREFUSED 127.0.0.1:32825","stack":"Error: connect ECONNREFUSED 127.0.0.1:32825\n    at createConnectionError (node:net:2062:14)\n    at afterConnectMultiple (node:net:2092:16)","errno":-111,"code":"ECONNREFUSED","syscall":"connect","address":"127.0.0.1","port":32825}],"code":"ECONNREFUSED"},"msg":"Cross-process event bridge listener failed"}
{"level":40,"time":1789709264190,"pid":123473,"hostname":"cursor","name":"events","err":{"type":"AggregateError","message":"","stack":"AggregateError: \n    at internalConnectMultiple (node:net:1430:18)\n    at afterConnectMultiple (node:net:2099:7)","aggregateErrors":[{"type":"Error","message":"connect ECONNREFUSED ::1:32825","stack":"Error: connect ECONNREFUSED ::1:32825\n    at createConnectionError (node:net:2062:14)\n    at afterConnectMultiple (node:net:2092:16)","errno":-111,"code":"ECONNREFUSED","syscall":"connect","address":"::1","port":32825},{"type":"Error","message":"connect ECONNREFUSED 127.0.0.1:32825","stack":"Error: connect ECONNREFUSED 127.0.0.1:32825\n    at createConnectionError (node:net:2062:14)\n    at afterConnectMultiple (node:net:2092:16)","errno":-111,"code":"ECONNREFUSED","syscall":"connect","address":"127.0.0.1","port":32825}],"code":"ECONNREFUSED"},"msg":"Cross-process event bridge listener failed"}
{"level":40,"time":1789709265194,"pid":123473,"hostname":"cursor","name":"events","err":{"type":"AggregateError","message":"","stack":"AggregateError: \n    at internalConnectMultiple (node:net:1430:18)\n    at afterConnectMultiple (node:net:2099:7)","aggregateErrors":[{"type":"Error","message":"connect ECONNREFUSED ::1:32825","stack":"Error: connect ECONNREFUSED ::1:32825\n    at createConnectionError (node:net:2062:14)\n    at afterConnectMultiple (node:net:2092:16)","errno":-111,"code":"ECONNREFUSED","syscall":"connect","address":"::1","port":32825},{"type":"Error","message":"connect ECONNREFUSED 127.0.0.1:32825","stack":"Error: connect ECONNREFUSED 127.0.0.1:32825\n    at createConnectionError (node:net:2062:14)\n    at afterConnectMultiple (node:net:2092:16)","errno":-111,"code":"ECONNREFUSED","syscall":"connect","address":"127.0.0.1","port":32825}],"code":"ECONNREFUSED"},"msg":"Cross-process event bridge listener failed"}
{"level":40,"time":1789709266202,"pid":123473,"hostname":"cursor","name":"events","err":{"type":"AggregateError","message":"","stack":"AggregateError: \n    at internalConnectMultiple (node:net:1430:18)\n    at afterConnectMultiple (node:net:2099:7)","aggregateErrors":[{"type":"Error","message":"connect ECONNREFUSED ::1:32825","stack":"Error: connect ECONNREFUSED ::1:32825\n    at createConnectionError (node:net:2062:14)\n    at afterConnectMultiple (node:net:2092:16)","errno":-111,"code":"ECONNREFUSED","syscall":"connect","address":"::1","port":32825},{"type":"Error","message":"connect ECONNREFUSED 127.0.0.1:32825","stack":"Error: connect ECONNREFUSED 127.0.0.1:32825\n    at createConnectionError (node:net:2062:14)\n    at afterConnectMultiple (node:net:2092:16)","errno":-111,"code":"ECONNREFUSED","syscall":"connect","address":"127.0.0.1","port":32825}],"code":"ECONNREFUSED"},"msg":"Cross-process event bridge listener failed"}
{"level":40,"time":1789709267204,"pid":123473,"hostname":"cursor","name":"events","err":{"type":"AggregateError","message":"","stack":"AggregateError: \n    at internalConnectMultiple (node:net:1430:18)\n    at afterConnectMultiple (node:net:2099:7)","aggregateErrors":[{"type":"Error","message":"connect ECONNREFUSED ::1:32825","stack":"Error: connect ECONNREFUSED ::1:32825\n    at createConnectionError (node:net:2062:14)\n    at afterConnectMultiple (node:net:2092:16)","errno":-111,"code":"ECONNREFUSED","syscall":"connect","address":"::1","port":32825},{"type":"Error","message":"connect ECONNREFUSED 127.0.0.1:32825","stack":"Error: connect ECONNREFUSED 127.0.0.1:32825\n    at createConnectionError (node:net:2062:14)\n    at afterConnectMultiple (node:net:2092:16)","errno":-111,"code":"ECONNREFUSED","syscall":"connect","address":"127.0.0.1","port":32825}],"code":"ECONNREFUSED"},"msg":"Cross-process event bridge listener failed"}
{"level":40,"time":1789709268207,"pid":123473,"hostname":"cursor","name":"events","err":{"type":"AggregateError","message":"","stack":"AggregateError: \n    at internalConnectMultiple (node:net:1430:18)\n    at afterConnectMultiple (node:net:2099:7)","aggregateErrors":[{"type":"Error","message":"connect ECONNREFUSED ::1:32825","stack":"Error: connect ECONNREFUSED ::1:32825\n    at createConnectionError (node:net:2062:14)\n    at afterConnectMultiple (node:net:2092:16)","errno":-111,"code":"ECONNREFUSED","syscall":"connect","address":"::1","port":32825},{"type":"Error","message":"connect ECONNREFUSED 127.0.0.1:32825","stack":"Error: connect ECONNREFUSED 127.0.0.1:32825\n    at createConnectionError (node:net:2062:14)\n    at afterConnectMultiple (node:net:2092:16)","errno":-111,"code":"ECONNREFUSED","syscall":"connect","address":"127.0.0.1","port":32825}],"code":"ECONNREFUSED"},"msg":"Cross-process event bridge listener failed"}
{"level":40,"time":1789709269209,"pid":123473,"hostname":"cursor","name":"events","err":{"type":"AggregateError","message":"","stack":"AggregateError: \n    at internalConnectMultiple (node:net:1430:18)\n    at afterConnectMultiple (node:net:2099:7)","aggregateErrors":[{"type":"Error","message":"connect ECONNREFUSED ::1:32825","stack":"Error: connect ECONNREFUSED ::1:32825\n    at createConnectionError (node:net:2062:14)\n    at afterConnectMultiple (node:net:2092:16)","errno":-111,"code":"ECONNREFUSED","syscall":"connect","address":"::1","port":32825},{"type":"Error","message":"connect ECONNREFUSED 127.0.0.1:32825","stack":"Error: connect ECONNREFUSED 127.0.0.1:32825\n    at createConnectionError (node:net:2062:14)\n    at afterConnectMultiple (node:net:2092:16)","errno":-111,"code":"ECONNREFUSED","syscall":"connect","address":"127.0.0.1","port":32825}],"code":"ECONNREFUSED"},"msg":"Cross-process event bridge listener failed"}
{"level":40,"time":1789709270211,"pid":123473,"hostname":"cursor","name":"events","err":{"type":"AggregateError","message":"","stack":"AggregateError: \n    at internalConnectMultiple (node:net:1430:18)\n    at afterConnectMultiple (node:net:2099:7)","aggregateErrors":[{"type":"Error","message":"connect ECONNREFUSED ::1:32825","stack":"Error: connect ECONNREFUSED ::1:32825\n    at createConnectionError (node:net:2062:14)\n    at afterConnectMultiple (node:net:2092:16)","errno":-111,"code":"ECONNREFUSED","syscall":"connect","address":"::1","port":32825},{"type":"Error","message":"connect ECONNREFUSED 127.0.0.1:32825","stack":"Error: connect ECONNREFUSED 127.0.0.1:32825\n    at createConnectionError (node:net:2062:14)\n    at afterConnectMultiple (node:net:2092:16)","errno":-111,"code":"ECONNREFUSED","syscall":"connect","address":"127.0.0.1","port":32825}],"code":"ECONNREFUSED"},"msg":"Cross-process event bridge listener failed"}
{"level":40,"time":1789709271213,"pid":123473,"hostname":"cursor","name":"events","err":{"type":"AggregateError","message":"","stack":"AggregateError: \n    at internalConnectMultiple (node:net:1430:18)\n    at afterConnectMultiple (node:net:2099:7)","aggregateErrors":[{"type":"Error","message":"connect ECONNREFUSED ::1:32825","stack":"Error: connect ECONNREFUSED ::1:32825\n    at createConnectionError (node:net:2062:14)\n    at afterConnectMultiple (node:net:2092:16)","errno":-111,"code":"ECONNREFUSED","syscall":"connect","address":"::1","port":32825},{"type":"Error","message":"connect ECONNREFUSED 127.0.0.1:32825","stack":"Error: connect ECONNREFUSED 127.0.0.1:32825\n    at createConnectionError (node:net:2062:14)\n    at afterConnectMultiple (node:net:2092:16)","errno":-111,"code":"ECONNREFUSED","syscall":"connect","address":"127.0.0.1","port":32825}],"code":"ECONNREFUSED"},"msg":"Cross-process event bridge listener failed"}
{"level":40,"time":1789709272214,"pid":123473,"hostname":"cursor","name":"events","err":{"type":"AggregateError","message":"","stack":"AggregateError: \n    at internalConnectMultiple (node:net:1430:18)\n    at afterConnectMultiple (node:net:2099:7)","aggregateErrors":[{"type":"Error","message":"connect ECONNREFUSED ::1:32825","stack":"Error: connect ECONNREFUSED ::1:32825\n    at createConnectionError (node:net:2062:14)\n    at afterConnectMultiple (node:net:2092:16)","errno":-111,"code":"ECONNREFUSED","syscall":"connect","address":"::1","port":32825},{"type":"Error","message":"connect ECONNREFUSED 127.0.0.1:32825","stack":"Error: connect ECONNREFUSED 127.0.0.1:32825\n    at createConnectionError (node:net:2062:14)\n    at afterConnectMultiple (node:net:2092:16)","errno":-111,"code":"ECONNREFUSED","syscall":"connect","address":"127.0.0.1","port":32825}],"code":"ECONNREFUSED"},"msg":"Cross-process event bridge listener failed"}
{"level":40,"time":1789709273216,"pid":123473,"hostname":"cursor","name":"events","err":{"type":"AggregateError","message":"","stack":"AggregateError: \n    at internalConnectMultiple (node:net:1430:18)\n    at afterConnectMultiple (node:net:2099:7)","aggregateErrors":[{"type":"Error","message":"connect ECONNREFUSED ::1:32825","stack":"Error: connect ECONNREFUSED ::1:32825\n    at createConnectionError (node:net:2062:14)\n    at afterConnectMultiple (node:net:2092:16)","errno":-111,"code":"ECONNREFUSED","syscall":"connect","address":"::1","port":32825},{"type":"Error","message":"connect ECONNREFUSED 127.0.0.1:32825","stack":"Error: connect ECONNREFUSED 127.0.0.1:32825\n    at createConnectionError (node:net:2062:14)\n    at afterConnectMultiple (node:net:2092:16)","errno":-111,"code":"ECONNREFUSED","syscall":"connect","address":"127.0.0.1","port":32825}],"code":"ECONNREFUSED"},"msg":"Cross-process event bridge listener failed"}
{"level":40,"time":1789709274218,"pid":123473,"hostname":"cursor","name":"events","err":{"type":"AggregateError","message":"","stack":"AggregateError: \n    at internalConnectMultiple (node:net:1430:18)\n    at afterConnectMultiple (node:net:2099:7)","aggregateErrors":[{"type":"Error","message":"connect ECONNREFUSED ::1:32825","stack":"Error: connect ECONNREFUSED ::1:32825\n    at createConnectionError (node:net:2062:14)\n    at afterConnectMultiple (node:net:2092:16)","errno":-111,"code":"ECONNREFUSED","syscall":"connect","address":"::1","port":32825},{"type":"Error","message":"connect ECONNREFUSED 127.0.0.1:32825","stack":"Error: connect ECONNREFUSED 127.0.0.1:32825\n    at createConnectionError (node:net:2062:14)\n    at afterConnectMultiple (node:net:2092:16)","errno":-111,"code":"ECONNREFUSED","syscall":"connect","address":"127.0.0.1","port":32825}],"code":"ECONNREFUSED"},"msg":"Cross-process event bridge listener failed"}
{"level":40,"time":1789709275220,"pid":123473,"hostname":"cursor","name":"events","err":{"type":"AggregateError","message":"","stack":"AggregateError: \n    at internalConnectMultiple (node:net:1430:18)\n    at afterConnectMultiple (node:net:2099:7)","aggregateErrors":[{"type":"Error","message":"connect ECONNREFUSED ::1:32825","stack":"Error: connect ECONNREFUSED ::1:32825\n    at createConnectionError (node:net:2062:14)\n    at afterConnectMultiple (node:net:2092:16)","errno":-111,"code":"ECONNREFUSED","syscall":"connect","address":"::1","port":32825},{"type":"Error","message":"connect ECONNREFUSED 127.0.0.1:32825","stack":"Error: connect ECONNREFUSED 127.0.0.1:32825\n    at createConnectionError (node:net:2062:14)\n    at afterConnectMultiple (node:net:2092:16)","errno":-111,"code":"ECONNREFUSED","syscall":"connect","address":"127.0.0.1","port":32825}],"code":"ECONNREFUSED"},"msg":"Cross-process event bridge listener failed"}
{"level":40,"time":1789709276222,"pid":123473,"hostname":"cursor","name":"events","err":{"type":"AggregateError","message":"","stack":"AggregateError: \n    at internalConnectMultiple (node:net:1430:18)\n    at afterConnectMultiple (node:net:2099:7)","aggregateErrors":[{"type":"Error","message":"connect ECONNREFUSED ::1:32825","stack":"Error: connect ECONNREFUSED ::1:32825\n    at createConnectionError (node:net:2062:14)\n    at afterConnectMultiple (node:net:2092:16)","errno":-111,"code":"ECONNREFUSED","syscall":"connect","address":"::1","port":32825},{"type":"Error","message":"connect ECONNREFUSED 127.0.0.1:32825","stack":"Error: connect ECONNREFUSED 127.0.0.1:32825\n    at createConnectionError (node:net:2062:14)\n    at afterConnectMultiple (node:net:2092:16)","errno":-111,"code":"ECONNREFUSED","syscall":"connect","address":"127.0.0.1","port":32825}],"code":"ECONNREFUSED"},"msg":"Cross-process event bridge listener failed"}
{"level":40,"time":1789709277224,"pid":123473,"hostname":"cursor","name":"events","err":{"type":"AggregateError","message":"","stack":"AggregateError: \n    at internalConnectMultiple (node:net:1430:18)\n    at afterConnectMultiple (node:net:2099:7)","aggregateErrors":[{"type":"Error","message":"connect ECONNREFUSED ::1:32825","stack":"Error: connect ECONNREFUSED ::1:32825\n    at createConnectionError (node:net:2062:14)\n    at afterConnectMultiple (node:net:2092:16)","errno":-111,"code":"ECONNREFUSED","syscall":"connect","address":"::1","port":32825},{"type":"Error","message":"connect ECONNREFUSED 127.0.0.1:32825","stack":"Error: connect ECONNREFUSED 127.0.0.1:32825\n    at createConnectionError (node:net:2062:14)\n    at afterConnectMultiple (node:net:2092:16)","errno":-111,"code":"ECONNREFUSED","syscall":"connect","address":"127.0.0.1","port":32825}],"code":"ECONNREFUSED"},"msg":"Cross-process event bridge listener failed"}
{"level":40,"time":1789709278226,"pid":123473,"hostname":"cursor","name":"events","err":{"type":"AggregateError","message":"","stack":"AggregateError: \n    at internalConnectMultiple (node:net:1430:18)\n    at afterConnectMultiple (node:net:2099:7)","aggregateErrors":[{"type":"Error","message":"connect ECONNREFUSED ::1:32825","stack":"Error: connect ECONNREFUSED ::1:32825\n    at createConnectionError (node:net:2062:14)\n    at afterConnectMultiple (node:net:2092:16)","errno":-111,"code":"ECONNREFUSED","syscall":"connect","address":"::1","port":32825},{"type":"Error","message":"connect ECONNREFUSED 127.0.0.1:32825","stack":"Error: connect ECONNREFUSED 127.0.0.1:32825\n    at createConnectionError (node:net:2062:14)\n    at afterConnectMultiple (node:net:2092:16)","errno":-111,"code":"ECONNREFUSED","syscall":"connect","address":"127.0.0.1","port":32825}],"code":"ECONNREFUSED"},"msg":"Cross-process event bridge listener failed"}
{"level":40,"time":1789709279228,"pid":123473,"hostname":"cursor","name":"events","err":{"type":"AggregateError","message":"","stack":"AggregateError: \n    at internalConnectMultiple (node:net:1430:18)\n    at afterConnectMultiple (node:net:2099:7)","aggregateErrors":[{"type":"Error","message":"connect ECONNREFUSED ::1:32825","stack":"Error: connect ECONNREFUSED ::1:32825\n    at createConnectionError (node:net:2062:14)\n    at afterConnectMultiple (node:net:2092:16)","errno":-111,"code":"ECONNREFUSED","syscall":"connect","address":"::1","port":32825},{"type":"Error","message":"connect ECONNREFUSED 127.0.0.1:32825","stack":"Error: connect ECONNREFUSED 127.0.0.1:32825\n    at createConnectionError (node:net:2062:14)\n    at afterConnectMultiple (node:net:2092:16)","errno":-111,"code":"ECONNREFUSED","syscall":"connect","address":"127.0.0.1","port":32825}],"code":"ECONNREFUSED"},"msg":"Cross-process event bridge listener failed"}
{"level":40,"time":1789709280231,"pid":123473,"hostname":"cursor","name":"events","err":{"type":"AggregateError","message":"","stack":"AggregateError: \n    at internalConnectMultiple (node:net:1430:18)\n    at afterConnectMultiple (node:net:2099:7)","aggregateErrors":[{"type":"Error","message":"connect ECONNREFUSED ::1:32825","stack":"Error: connect ECONNREFUSED ::1:32825\n    at createConnectionError (node:net:2062:14)\n    at afterConnectMultiple (node:net:2092:16)","errno":-111,"code":"ECONNREFUSED","syscall":"connect","address":"::1","port":32825},{"type":"Error","message":"connect ECONNREFUSED 127.0.0.1:32825","stack":"Error: connect ECONNREFUSED 127.0.0.1:32825\n    at createConnectionError (node:net:2062:14)\n    at afterConnectMultiple (node:net:2092:16)","errno":-111,"code":"ECONNREFUSED","syscall":"connect","address":"127.0.0.1","port":32825}],"code":"ECONNREFUSED"},"msg":"Cross-process event bridge listener failed"}
{"level":40,"time":1789709281233,"pid":123473,"hostname":"cursor","name":"events","err":{"type":"AggregateError","message":"","stack":"AggregateError: \n    at internalConnectMultiple (node:net:1430:18)\n    at afterConnectMultiple (node:net:2099:7)","aggregateErrors":[{"type":"Error","message":"connect ECONNREFUSED ::1:32825","stack":"Error: connect ECONNREFUSED ::1:32825\n    at createConnectionError (node:net:2062:14)\n    at afterConnectMultiple (node:net:2092:16)","errno":-111,"code":"ECONNREFUSED","syscall":"connect","address":"::1","port":32825},{"type":"Error","message":"connect ECONNREFUSED 127.0.0.1:32825","stack":"Error: connect ECONNREFUSED 127.0.0.1:32825\n    at createConnectionError (node:net:2062:14)\n    at afterConnectMultiple (node:net:2092:16)","errno":-111,"code":"ECONNREFUSED","syscall":"connect","address":"127.0.0.1","port":32825}],"code":"ECONNREFUSED"},"msg":"Cross-process event bridge listener failed"}
{"level":40,"time":1789709282234,"pid":123473,"hostname":"cursor","name":"events","err":{"type":"AggregateError","message":"","stack":"AggregateError: \n    at internalConnectMultiple (node:net:1430:18)\n    at afterConnectMultiple (node:net:2099:7)","aggregateErrors":[{"type":"Error","message":"connect ECONNREFUSED ::1:32825","stack":"Error: connect ECONNREFUSED ::1:32825\n    at createConnectionError (node:net:2062:14)\n    at afterConnectMultiple (node:net:2092:16)","errno":-111,"code":"ECONNREFUSED","syscall":"connect","address":"::1","port":32825},{"type":"Error","message":"connect ECONNREFUSED 127.0.0.1:32825","stack":"Error: connect ECONNREFUSED 127.0.0.1:32825\n    at createConnectionError (node:net:2062:14)\n    at afterConnectMultiple (node:net:2092:16)","errno":-111,"code":"ECONNREFUSED","syscall":"connect","address":"127.0.0.1","port":32825}],"code":"ECONNREFUSED"},"msg":"Cross-process event bridge listener failed"}
{"level":40,"time":1789709283236,"pid":123473,"hostname":"cursor","name":"events","err":{"type":"AggregateError","message":"","stack":"AggregateError: \n    at internalConnectMultiple (node:net:1430:18)\n    at afterConnectMultiple (node:net:2099:7)","aggregateErrors":[{"type":"Error","message":"connect ECONNREFUSED ::1:32825","stack":"Error: connect ECONNREFUSED ::1:32825\n    at createConnectionError (node:net:2062:14)\n    at afterConnectMultiple (node:net:2092:16)","errno":-111,"code":"ECONNREFUSED","syscall":"connect","address":"::1","port":32825},{"type":"Error","message":"connect ECONNREFUSED 127.0.0.1:32825","stack":"Error: connect ECONNREFUSED 127.0.0.1:32825\n    at createConnectionError (node:net:2062:14)\n    at afterConnectMultiple (node:net:2092:16)","errno":-111,"code":"ECONNREFUSED","syscall":"connect","address":"127.0.0.1","port":32825}],"code":"ECONNREFUSED"},"msg":"Cross-process event bridge listener failed"}
{"level":40,"time":1789709284238,"pid":123473,"hostname":"cursor","name":"events","err":{"type":"AggregateError","message":"","stack":"AggregateError: \n    at internalConnectMultiple (node:net:1430:18)\n    at afterConnectMultiple (node:net:2099:7)","aggregateErrors":[{"type":"Error","message":"connect ECONNREFUSED ::1:32825","stack":"Error: connect ECONNREFUSED ::1:32825\n    at createConnectionError (node:net:2062:14)\n    at afterConnectMultiple (node:net:2092:16)","errno":-111,"code":"ECONNREFUSED","syscall":"connect","address":"::1","port":32825},{"type":"Error","message":"connect ECONNREFUSED 127.0.0.1:32825","stack":"Error: connect ECONNREFUSED 127.0.0.1:32825\n    at createConnectionError (node:net:2062:14)\n    at afterConnectMultiple (node:net:2092:16)","errno":-111,"code":"ECONNREFUSED","syscall":"connect","address":"127.0.0.1","port":32825}],"code":"ECONNREFUSED"},"msg":"Cross-process event bridge listener failed"}
{"level":40,"time":1789709285241,"pid":123473,"hostname":"cursor","name":"events","err":{"type":"AggregateError","message":"","stack":"AggregateError: \n    at internalConnectMultiple (node:net:1430:18)\n    at afterConnectMultiple (node:net:2099:7)","aggregateErrors":[{"type":"Error","message":"connect ECONNREFUSED ::1:32825","stack":"Error: connect ECONNREFUSED ::1:32825\n    at createConnectionError (node:net:2062:14)\n    at afterConnectMultiple (node:net:2092:16)","errno":-111,"code":"ECONNREFUSED","syscall":"connect","address":"::1","port":32825},{"type":"Error","message":"connect ECONNREFUSED 127.0.0.1:32825","stack":"Error: connect ECONNREFUSED 127.0.0.1:32825\n    at createConnectionError (node:net:2062:14)\n    at afterConnectMultiple (node:net:2092:16)","errno":-111,"code":"ECONNREFUSED","syscall":"connect","address":"127.0.0.1","port":32825}],"code":"ECONNREFUSED"},"msg":"Cross-process event bridge listener failed"}
{"level":40,"time":1789709286243,"pid":123473,"hostname":"cursor","name":"events","err":{"type":"AggregateError","message":"","stack":"AggregateError: \n    at internalConnectMultiple (node:net:1430:18)\n    at afterConnectMultiple (node:net:2099:7)","aggregateErrors":[{"type":"Error","message":"connect ECONNREFUSED ::1:32825","stack":"Error: connect ECONNREFUSED ::1:32825\n    at createConnectionError (node:net:2062:14)\n    at afterConnectMultiple (node:net:2092:16)","errno":-111,"code":"ECONNREFUSED","syscall":"connect","address":"::1","port":32825},{"type":"Error","message":"connect ECONNREFUSED 127.0.0.1:32825","stack":"Error: connect ECONNREFUSED 127.0.0.1:32825\n    at createConnectionError (node:net:2062:14)\n    at afterConnectMultiple (node:net:2092:16)","errno":-111,"code":"ECONNREFUSED","syscall":"connect","address":"127.0.0.1","port":32825}],"code":"ECONNREFUSED"},"msg":"Cross-process event bridge listener failed"}
{"level":40,"time":1789709287246,"pid":123473,"hostname":"cursor","name":"events","err":{"type":"AggregateError","message":"","stack":"AggregateError: \n    at internalConnectMultiple (node:net:1430:18)\n    at afterConnectMultiple (node:net:2099:7)","aggregateErrors":[{"type":"Error","message":"connect ECONNREFUSED ::1:32825","stack":"Error: connect ECONNREFUSED ::1:32825\n    at createConnectionError (node:net:2062:14)\n    at afterConnectMultiple (node:net:2092:16)","errno":-111,"code":"ECONNREFUSED","syscall":"connect","address":"::1","port":32825},{"type":"Error","message":"connect ECONNREFUSED 127.0.0.1:32825","stack":"Error: connect ECONNREFUSED 127.0.0.1:32825\n    at createConnectionError (node:net:2062:14)\n    at afterConnectMultiple (node:net:2092:16)","errno":-111,"code":"ECONNREFUSED","syscall":"connect","address":"127.0.0.1","port":32825}],"code":"ECONNREFUSED"},"msg":"Cross-process event bridge listener failed"}
{"level":40,"time":1789709288248,"pid":123473,"hostname":"cursor","name":"events","err":{"type":"AggregateError","message":"","stack":"AggregateError: \n    at internalConnectMultiple (node:net:1430:18)\n    at afterConnectMultiple (node:net:2099:7)","aggregateErrors":[{"type":"Error","message":"connect ECONNREFUSED ::1:32825","stack":"Error: connect ECONNREFUSED ::1:32825\n    at createConnectionError (node:net:2062:14)\n    at afterConnectMultiple (node:net:2092:16)","errno":-111,"code":"ECONNREFUSED","syscall":"connect","address":"::1","port":32825},{"type":"Error","message":"connect ECONNREFUSED 127.0.0.1:32825","stack":"Error: connect ECONNREFUSED 127.0.0.1:32825\n    at createConnectionError (node:net:2062:14)\n    at afterConnectMultiple (node:net:2092:16)","errno":-111,"code":"ECONNREFUSED","syscall":"connect","address":"127.0.0.1","port":32825}],"code":"ECONNREFUSED"},"msg":"Cross-process event bridge listener failed"}
{"level":40,"time":1789709289249,"pid":123473,"hostname":"cursor","name":"events","err":{"type":"AggregateError","message":"","stack":"AggregateError: \n    at internalConnectMultiple (node:net:1430:18)\n    at afterConnectMultiple (node:net:2099:7)","aggregateErrors":[{"type":"Error","message":"connect ECONNREFUSED ::1:32825","stack":"Error: connect ECONNREFUSED ::1:32825\n    at createConnectionError (node:net:2062:14)\n    at afterConnectMultiple (node:net:2092:16)","errno":-111,"code":"ECONNREFUSED","syscall":"connect","address":"::1","port":32825},{"type":"Error","message":"connect ECONNREFUSED 127.0.0.1:32825","stack":"Error: connect ECONNREFUSED 127.0.0.1:32825\n    at createConnectionError (node:net:2062:14)\n    at afterConnectMultiple (node:net:2092:16)","errno":-111,"code":"ECONNREFUSED","syscall":"connect","address":"127.0.0.1","port":32825}],"code":"ECONNREFUSED"},"msg":"Cross-process event bridge listener failed"}
{"level":40,"time":1789709290251,"pid":123473,"hostname":"cursor","name":"events","err":{"type":"AggregateError","message":"","stack":"AggregateError: \n    at internalConnectMultiple (node:net:1430:18)\n    at afterConnectMultiple (node:net:2099:7)","aggregateErrors":[{"type":"Error","message":"connect ECONNREFUSED ::1:32825","stack":"Error: connect ECONNREFUSED ::1:32825\n    at createConnectionError (node:net:2062:14)\n    at afterConnectMultiple (node:net:2092:16)","errno":-111,"code":"ECONNREFUSED","syscall":"connect","address":"::1","port":32825},{"type":"Error","message":"connect ECONNREFUSED 127.0.0.1:32825","stack":"Error: connect ECONNREFUSED 127.0.0.1:32825\n    at createConnectionError (node:net:2062:14)\n    at afterConnectMultiple (node:net:2092:16)","errno":-111,"code":"ECONNREFUSED","syscall":"connect","address":"127.0.0.1","port":32825}],"code":"ECONNREFUSED"},"msg":"Cross-process event bridge listener failed"}
{"level":40,"time":1789709291254,"pid":123473,"hostname":"cursor","name":"events","err":{"type":"AggregateError","message":"","stack":"AggregateError: \n    at internalConnectMultiple (node:net:1430:18)\n    at afterConnectMultiple (node:net:2099:7)","aggregateErrors":[{"type":"Error","message":"connect ECONNREFUSED ::1:32825","stack":"Error: connect ECONNREFUSED ::1:32825\n    at createConnectionError (node:net:2062:14)\n    at afterConnectMultiple (node:net:2092:16)","errno":-111,"code":"ECONNREFUSED","syscall":"connect","address":"::1","port":32825},{"type":"Error","message":"connect ECONNREFUSED 127.0.0.1:32825","stack":"Error: connect ECONNREFUSED 127.0.0.1:32825\n    at createConnectionError (node:net:2062:14)\n    at afterConnectMultiple (node:net:2092:16)","errno":-111,"code":"ECONNREFUSED","syscall":"connect","address":"127.0.0.1","port":32825}],"code":"ECONNREFUSED"},"msg":"Cross-process event bridge listener failed"}
{"level":40,"time":1789709292256,"pid":123473,"hostname":"cursor","name":"events","err":{"type":"AggregateError","message":"","stack":"AggregateError: \n    at internalConnectMultiple (node:net:1430:18)\n    at afterConnectMultiple (node:net:2099:7)","aggregateErrors":[{"type":"Error","message":"connect ECONNREFUSED ::1:32825","stack":"Error: connect ECONNREFUSED ::1:32825\n    at createConnectionError (node:net:2062:14)\n    at afterConnectMultiple (node:net:2092:16)","errno":-111,"code":"ECONNREFUSED","syscall":"connect","address":"::1","port":32825},{"type":"Error","message":"connect ECONNREFUSED 127.0.0.1:32825","stack":"Error: connect ECONNREFUSED 127.0.0.1:32825\n    at createConnectionError (node:net:2062:14)\n    at afterConnectMultiple (node:net:2092:16)","errno":-111,"code":"ECONNREFUSED","syscall":"connect","address":"127.0.0.1","port":32825}],"code":"ECONNREFUSED"},"msg":"Cross-process event bridge listener failed"}
{"level":40,"time":1789709293258,"pid":123473,"hostname":"cursor","name":"events","err":{"type":"AggregateError","message":"","stack":"AggregateError: \n    at internalConnectMultiple (node:net:1430:18)\n    at afterConnectMultiple (node:net:2099:7)","aggregateErrors":[{"type":"Error","message":"connect ECONNREFUSED ::1:32825","stack":"Error: connect ECONNREFUSED ::1:32825\n    at createConnectionError (node:net:2062:14)\n    at afterConnectMultiple (node:net:2092:16)","errno":-111,"code":"ECONNREFUSED","syscall":"connect","address":"::1","port":32825},{"type":"Error","message":"connect ECONNREFUSED 127.0.0.1:32825","stack":"Error: connect ECONNREFUSED 127.0.0.1:32825\n    at createConnectionError (node:net:2062:14)\n    at afterConnectMultiple (node:net:2092:16)","errno":-111,"code":"ECONNREFUSED","syscall":"connect","address":"127.0.0.1","port":32825}],"code":"ECONNREFUSED"},"msg":"Cross-process event bridge listener failed"}
{"level":40,"time":1789709294260,"pid":123473,"hostname":"cursor","name":"events","err":{"type":"AggregateError","message":"","stack":"AggregateError: \n    at internalConnectMultiple (node:net:1430:18)\n    at afterConnectMultiple (node:net:2099:7)","aggregateErrors":[{"type":"Error","message":"connect ECONNREFUSED ::1:32825","stack":"Error: connect ECONNREFUSED ::1:32825\n    at createConnectionError (node:net:2062:14)\n    at afterConnectMultiple (node:net:2092:16)","errno":-111,"code":"ECONNREFUSED","syscall":"connect","address":"::1","port":32825},{"type":"Error","message":"connect ECONNREFUSED 127.0.0.1:32825","stack":"Error: connect ECONNREFUSED 127.0.0.1:32825\n    at createConnectionError (node:net:2062:14)\n    at afterConnectMultiple (node:net:2092:16)","errno":-111,"code":"ECONNREFUSED","syscall":"connect","address":"127.0.0.1","port":32825}],"code":"ECONNREFUSED"},"msg":"Cross-process event bridge listener failed"}
{"level":40,"time":1789709295262,"pid":123473,"hostname":"cursor","name":"events","err":{"type":"AggregateError","message":"","stack":"AggregateError: \n    at internalConnectMultiple (node:net:1430:18)\n    at afterConnectMultiple (node:net:2099:7)","aggregateErrors":[{"type":"Error","message":"connect ECONNREFUSED ::1:32825","stack":"Error: connect ECONNREFUSED ::1:32825\n    at createConnectionError (node:net:2062:14)\n    at afterConnectMultiple (node:net:2092:16)","errno":-111,"code":"ECONNREFUSED","syscall":"connect","address":"::1","port":32825},{"type":"Error","message":"connect ECONNREFUSED 127.0.0.1:32825","stack":"Error: connect ECONNREFUSED 127.0.0.1:32825\n    at createConnectionError (node:net:2062:14)\n    at afterConnectMultiple (node:net:2092:16)","errno":-111,"code":"ECONNREFUSED","syscall":"connect","address":"127.0.0.1","port":32825}],"code":"ECONNREFUSED"},"msg":"Cross-process event bridge listener failed"}
{"level":50,"time":1789709295479,"pid":123611,"hostname":"cursor","name":"queue","queue":"ai-pending-action-cleanup","err":{"type":"Error","message":"ENOENT: no such file or directory, mkdir '/workspace/apps/mercato/.mercato/queue/ai-pending-action-cleanup'","stack":"Error: ENOENT: no such file or directory, mkdir '/workspace/apps/mercato/.mercato/queue/ai-pending-action-cleanup'\n    at async Object.mkdir (node:internal/fs/promises:1564:10)\n    at async ensureDir (file:///workspace/packages/queue/dist/strategies/local.js:173:7)\n    at async runExclusively (file:///workspace/packages/queue/dist/strategies/local.js:67:5)","errno":-2,"code":"ENOENT","syscall":"mkdir","path":"/workspace/apps/mercato/.mercato/queue/ai-pending-action-cleanup"},"msg":"Polling error"}
{"level":50,"time":1789709295480,"pid":123611,"hostname":"cursor","name":"queue","queue":"ai-pending-action-cleanup","err":{"type":"Error","message":"ENOENT: no such file or directory, mkdir '/workspace/apps/mercato/.mercato/queue/ai-pending-action-cleanup'","stack":"Error: ENOENT: no such file or directory, mkdir '/workspace/apps/mercato/.mercato/queue/ai-pending-action-cleanup'\n    at async Object.mkdir (node:internal/fs/promises:1564:10)\n    at async ensureDir (file:///workspace/packages/queue/dist/strategies/local.js:173:7)\n    at async file:///workspace/packages/queue/dist/strategies/local.js:396:9","errno":-2,"code":"ENOENT","syscall":"mkdir","path":"/workspace/apps/mercato/.mercato/queue/ai-pending-action-cleanup"},"msg":"Failed to watch queue file; fallback polling remains active"}
{"level":50,"time":1789709295480,"pid":123611,"hostname":"cursor","name":"queue","queue":"communication-channels-poll-tick","err":{"type":"Error","message":"ENOENT: no such file or directory, mkdir '/workspace/apps/mercato/.mercato/queue/communication-channels-poll-tick'","stack":"Error: ENOENT: no such file or directory, mkdir '/workspace/apps/mercato/.mercato/queue/communication-channels-poll-tick'\n    at async Object.mkdir (node:internal/fs/promises:1564:10)\n    at async ensureDir (file:///workspace/packages/queue/dist/strategies/local.js:173:7)\n    at async runExclusively (file:///workspace/packages/queue/dist/strategies/local.js:67:5)","errno":-2,"code":"ENOENT","syscall":"mkdir","path":"/workspace/apps/mercato/.mercato/queue/communication-channels-poll-tick"},"msg":"Polling error"}
{"level":50,"time":1789709295480,"pid":123611,"hostname":"cursor","name":"queue","queue":"communication-channels-poll-tick","err":{"type":"Error","message":"ENOENT: no such file or directory, mkdir '/workspace/apps/mercato/.mercato/queue/communication-channels-poll-tick'","stack":"Error: ENOENT: no such file or directory, mkdir '/workspace/apps/mercato/.mercato/queue/communication-channels-poll-tick'\n    at async Object.mkdir (node:internal/fs/promises:1564:10)\n    at async ensureDir (file:///workspace/packages/queue/dist/strategies/local.js:173:7)\n    at async file:///workspace/packages/queue/dist/strategies/local.js:396:9","errno":-2,"code":"ENOENT","syscall":"mkdir","path":"/workspace/apps/mercato/.mercato/queue/communication-channels-poll-tick"},"msg":"Failed to watch queue file; fallback polling remains active"}
{"level":50,"time":1789709295481,"pid":123611,"hostname":"cursor","name":"queue","queue":"communication-channels-poll","err":{"type":"Error","message":"ENOENT: no such file or directory, open '/workspace/apps/mercato/.mercato/queue/communication-channels-poll/queue.json'","stack":"Error: ENOENT: no such file or directory, open '/workspace/apps/mercato/.mercato/queue/communication-channels-poll/queue.json'\n    at async open (node:internal/fs/promises:1345:25)\n    at async Object.writeFile (node:internal/fs/promises:1965:14)\n    at async ensureDir (file:///workspace/packages/queue/dist/strategies/local.js:179:7)\n    at async runExclusively (file:///workspace/packages/queue/dist/strategies/local.js:67:5)","errno":-2,"code":"ENOENT","syscall":"open","path":"/workspace/apps/mercato/.mercato/queue/communication-channels-poll/queue.json"},"msg":"Polling error"}
{"level":50,"time":1789709295481,"pid":123611,"hostname":"cursor","name":"queue","queue":"communication-channels-poll","err":{"type":"Error","message":"ENOENT: no such file or directory, open '/workspace/apps/mercato/.mercato/queue/communication-channels-poll/queue.json'","stack":"Error: ENOENT: no such file or directory, open '/workspace/apps/mercato/.mercato/queue/communication-channels-poll/queue.json'\n    at async open (node:internal/fs/promises:1345:25)\n    at async Object.writeFile (node:internal/fs/promises:1965:14)\n    at async ensureDir (file:///workspace/packages/queue/dist/strategies/local.js:179:7)\n    at async file:///workspace/packages/queue/dist/strategies/local.js:396:9","errno":-2,"code":"ENOENT","syscall":"open","path":"/workspace/apps/mercato/.mercato/queue/communication-channels-poll/queue.json"},"msg":"Failed to watch queue file; fallback polling remains active"}
{"level":40,"time":1789709296264,"pid":123473,"hostname":"cursor","name":"events","err":{"type":"AggregateError","message":"","stack":"AggregateError: \n    at internalConnectMultiple (node:net:1430:18)\n    at afterConnectMultiple (node:net:2099:7)","aggregateErrors":[{"type":"Error","message":"connect ECONNREFUSED ::1:32825","stack":"Error: connect ECONNREFUSED ::1:32825\n    at createConnectionError (node:net:2062:14)\n    at afterConnectMultiple (node:net:2092:16)","errno":-111,"code":"ECONNREFUSED","syscall":"connect","address":"::1","port":32825},{"type":"Error","message":"connect ECONNREFUSED 127.0.0.1:32825","stack":"Error: connect ECONNREFUSED 127.0.0.1:32825\n    at createConnectionError (node:net:2062:14)\n    at afterConnectMultiple (node:net:2092:16)","errno":-111,"code":"ECONNREFUSED","syscall":"connect","address":"127.0.0.1","port":32825}],"code":"ECONNREFUSED"},"msg":"Cross-process event bridge listener failed"}
{"level":40,"time":1789709297267,"pid":123473,"hostname":"cursor","name":"events","err":{"type":"AggregateError","message":"","stack":"AggregateError: \n    at internalConnectMultiple (node:net:1430:18)\n    at afterConnectMultiple (node:net:2099:7)","aggregateErrors":[{"type":"Error","message":"connect ECONNREFUSED ::1:32825","stack":"Error: connect ECONNREFUSED ::1:32825\n    at createConnectionError (node:net:2062:14)\n    at afterConnectMultiple (node:net:2092:16)","errno":-111,"code":"ECONNREFUSED","syscall":"connect","address":"::1","port":32825},{"type":"Error","message":"connect ECONNREFUSED 127.0.0.1:32825","stack":"Error: connect ECONNREFUSED 127.0.0.1:32825\n    at createConnectionError (node:net:2062:14)\n    at afterConnectMultiple (node:net:2092:16)","errno":-111,"code":"ECONNREFUSED","syscall":"connect","address":"127.0.0.1","port":32825}],"code":"ECONNREFUSED"},"msg":"Cross-process event bridge listener failed"}
{"level":40,"time":1789709298270,"pid":123473,"hostname":"cursor","name":"events","err":{"type":"AggregateError","message":"","stack":"AggregateError: \n    at internalConnectMultiple (node:net:1430:18)\n    at afterConnectMultiple (node:net:2099:7)","aggregateErrors":[{"type":"Error","message":"connect ECONNREFUSED ::1:32825","stack":"Error: connect ECONNREFUSED ::1:32825\n    at createConnectionError (node:net:2062:14)\n    at afterConnectMultiple (node:net:2092:16)","errno":-111,"code":"ECONNREFUSED","syscall":"connect","address":"::1","port":32825},{"type":"Error","message":"connect ECONNREFUSED 127.0.0.1:32825","stack":"Error: connect ECONNREFUSED 127.0.0.1:32825\n    at createConnectionError (node:net:2062:14)\n    at afterConnectMultiple (node:net:2092:16)","errno":-111,"code":"ECONNREFUSED","syscall":"connect","address":"127.0.0.1","port":32825}],"code":"ECONNREFUSED"},"msg":"Cross-process event bridge listener failed"}
{"level":40,"time":1789709299272,"pid":123473,"hostname":"cursor","name":"events","err":{"type":"AggregateError","message":"","stack":"AggregateError: \n    at internalConnectMultiple (node:net:1430:18)\n    at afterConnectMultiple (node:net:2099:7)","aggregateErrors":[{"type":"Error","message":"connect ECONNREFUSED ::1:32825","stack":"Error: connect ECONNREFUSED ::1:32825\n    at createConnectionError (node:net:2062:14)\n    at afterConnectMultiple (node:net:2092:16)","errno":-111,"code":"ECONNREFUSED","syscall":"connect","address":"::1","port":32825},{"type":"Error","message":"connect ECONNREFUSED 127.0.0.1:32825","stack":"Error: connect ECONNREFUSED 127.0.0.1:32825\n    at createConnectionError (node:net:2062:14)\n    at afterConnectMultiple (node:net:2092:16)","errno":-111,"code":"ECONNREFUSED","syscall":"connect","address":"127.0.0.1","port":32825}],"code":"ECONNREFUSED"},"msg":"Cross-process event bridge listener failed"}
{"level":40,"time":1789709300274,"pid":123473,"hostname":"cursor","name":"events","err":{"type":"AggregateError","message":"","stack":"AggregateError: \n    at internalConnectMultiple (node:net:1430:18)\n    at afterConnectMultiple (node:net:2099:7)","aggregateErrors":[{"type":"Error","message":"connect ECONNREFUSED ::1:32825","stack":"Error: connect ECONNREFUSED ::1:32825\n    at createConnectionError (node:net:2062:14)\n    at afterConnectMultiple (node:net:2092:16)","errno":-111,"code":"ECONNREFUSED","syscall":"connect","address":"::1","port":32825},{"type":"Error","message":"connect ECONNREFUSED 127.0.0.1:32825","stack":"Error: connect ECONNREFUSED 127.0.0.1:32825\n    at createConnectionError (node:net:2062:14)\n    at afterConnectMultiple (node:net:2092:16)","errno":-111,"code":"ECONNREFUSED","syscall":"connect","address":"127.0.0.1","port":32825}],"code":"ECONNREFUSED"},"msg":"Cross-process event bridge listener failed"}
{"level":40,"time":1789709301276,"pid":123473,"hostname":"cursor","name":"events","err":{"type":"AggregateError","message":"","stack":"AggregateError: \n    at internalConnectMultiple (node:net:1430:18)\n    at afterConnectMultiple (node:net:2099:7)","aggregateErrors":[{"type":"Error","message":"connect ECONNREFUSED ::1:32825","stack":"Error: connect ECONNREFUSED ::1:32825\n    at createConnectionError (node:net:2062:14)\n    at afterConnectMultiple (node:net:2092:16)","errno":-111,"code":"ECONNREFUSED","syscall":"connect","address":"::1","port":32825},{"type":"Error","message":"connect ECONNREFUSED 127.0.0.1:32825","stack":"Error: connect ECONNREFUSED 127.0.0.1:32825\n    at createConnectionError (node:net:2062:14)\n    at afterConnectMultiple (node:net:2092:16)","errno":-111,"code":"ECONNREFUSED","syscall":"connect","address":"127.0.0.1","port":32825}],"code":"ECONNREFUSED"},"msg":"Cross-process event bridge listener failed"}
{"level":40,"time":1789709302278,"pid":123473,"hostname":"cursor","name":"events","err":{"type":"AggregateError","message":"","stack":"AggregateError: \n    at internalConnectMultiple (node:net:1430:18)\n    at afterConnectMultiple (node:net:2099:7)","aggregateErrors":[{"type":"Error","message":"connect ECONNREFUSED ::1:32825","stack":"Error: connect ECONNREFUSED ::1:32825\n    at createConnectionError (node:net:2062:14)\n    at afterConnectMultiple (node:net:2092:16)","errno":-111,"code":"ECONNREFUSED","syscall":"connect","address":"::1","port":32825},{"type":"Error","message":"connect ECONNREFUSED 127.0.0.1:32825","stack":"Error: connect ECONNREFUSED 127.0.0.1:32825\n    at createConnectionError (node:net:2062:14)\n    at afterConnectMultiple (node:net:2092:16)","errno":-111,"code":"ECONNREFUSED","syscall":"connect","address":"127.0.0.1","port":32825}],"code":"ECONNREFUSED"},"msg":"Cross-process event bridge listener failed"}
{"level":40,"time":1789709303280,"pid":123473,"hostname":"cursor","name":"events","err":{"type":"AggregateError","message":"","stack":"AggregateError: \n    at internalConnectMultiple (node:net:1430:18)\n    at afterConnectMultiple (node:net:2099:7)","aggregateErrors":[{"type":"Error","message":"connect ECONNREFUSED ::1:32825","stack":"Error: connect ECONNREFUSED ::1:32825\n    at createConnectionError (node:net:2062:14)\n    at afterConnectMultiple (node:net:2092:16)","errno":-111,"code":"ECONNREFUSED","syscall":"connect","address":"::1","port":32825},{"type":"Error","message":"connect ECONNREFUSED 127.0.0.1:32825","stack":"Error: connect ECONNREFUSED 127.0.0.1:32825\n    at createConnectionError (node:net:2062:14)\n    at afterConnectMultiple (node:net:2092:16)","errno":-111,"code":"ECONNREFUSED","syscall":"connect","address":"127.0.0.1","port":32825}],"code":"ECONNREFUSED"},"msg":"Cross-process event bridge listener failed"}
{"level":40,"time":1789709304282,"pid":123473,"hostname":"cursor","name":"events","err":{"type":"AggregateError","message":"","stack":"AggregateError: \n    at internalConnectMultiple (node:net:1430:18)\n    at afterConnectMultiple (node:net:2099:7)","aggregateErrors":[{"type":"Error","message":"connect ECONNREFUSED ::1:32825","stack":"Error: connect ECONNREFUSED ::1:32825\n    at createConnectionError (node:net:2062:14)\n    at afterConnectMultiple (node:net:2092:16)","errno":-111,"code":"ECONNREFUSED","syscall":"connect","address":"::1","port":32825},{"type":"Error","message":"connect ECONNREFUSED 127.0.0.1:32825","stack":"Error: connect ECONNREFUSED 127.0.0.1:32825\n    at createConnectionError (node:net:2062:14)\n    at afterConnectMultiple (node:net:2092:16)","errno":-111,"code":"ECONNREFUSED","syscall":"connect","address":"127.0.0.1","port":32825}],"code":"ECONNREFUSED"},"msg":"Cross-process event bridge listener failed"}
{"level":40,"time":1789709305289,"pid":123473,"hostname":"cursor","name":"events","err":{"type":"AggregateError","message":"","stack":"AggregateError: \n    at internalConnectMultiple (node:net:1430:18)\n    at afterConnectMultiple (node:net:2099:7)","aggregateErrors":[{"type":"Error","message":"connect ECONNREFUSED ::1:32825","stack":"Error: connect ECONNREFUSED ::1:32825\n    at createConnectionError (node:net:2062:14)\n    at afterConnectMultiple (node:net:2092:16)","errno":-111,"code":"ECONNREFUSED","syscall":"connect","address":"::1","port":32825},{"type":"Error","message":"connect ECONNREFUSED 127.0.0.1:32825","stack":"Error: connect ECONNREFUSED 127.0.0.1:32825\n    at createConnectionError (node:net:2062:14)\n    at afterConnectMultiple (node:net:2092:16)","errno":-111,"code":"ECONNREFUSED","syscall":"connect","address":"127.0.0.1","port":32825}],"code":"ECONNREFUSED"},"msg":"Cross-process event bridge listener failed"}
{"level":40,"time":1789709306291,"pid":123473,"hostname":"cursor","name":"events","err":{"type":"AggregateError","message":"","stack":"AggregateError: \n    at internalConnectMultiple (node:net:1430:18)\n    at afterConnectMultiple (node:net:2099:7)","aggregateErrors":[{"type":"Error","message":"connect ECONNREFUSED ::1:32825","stack":"Error: connect ECONNREFUSED ::1:32825\n    at createConnectionError (node:net:2062:14)\n    at afterConnectMultiple (node:net:2092:16)","errno":-111,"code":"ECONNREFUSED","syscall":"connect","address":"::1","port":32825},{"type":"Error","message":"connect ECONNREFUSED 127.0.0.1:32825","stack":"Error: connect ECONNREFUSED 127.0.0.1:32825\n    at createConnectionError (node:net:2062:14)\n    at afterConnectMultiple (node:net:2092:16)","errno":-111,"code":"ECONNREFUSED","syscall":"connect","address":"127.0.0.1","port":32825}],"code":"ECONNREFUSED"},"msg":"Cross-process event bridge listener failed"}
{"level":40,"time":1789709307295,"pid":123473,"hostname":"cursor","name":"events","err":{"type":"AggregateError","message":"","stack":"AggregateError: \n    at internalConnectMultiple (node:net:1430:18)\n    at afterConnectMultiple (node:net:2099:7)","aggregateErrors":[{"type":"Error","message":"connect ECONNREFUSED ::1:32825","stack":"Error: connect ECONNREFUSED ::1:32825\n    at createConnectionError (node:net:2062:14)\n    at afterConnectMultiple (node:net:2092:16)","errno":-111,"code":"ECONNREFUSED","syscall":"connect","address":"::1","port":32825},{"type":"Error","message":"connect ECONNREFUSED 127.0.0.1:32825","stack":"Error: connect ECONNREFUSED 127.0.0.1:32825\n    at createConnectionError (node:net:2062:14)\n    at afterConnectMultiple (node:net:2092:16)","errno":-111,"code":"ECONNREFUSED","syscall":"connect","address":"127.0.0.1","port":32825}],"code":"ECONNREFUSED"},"msg":"Cross-process event bridge listener failed"}
{"level":40,"time":1789709308297,"pid":123473,"hostname":"cursor","name":"events","err":{"type":"AggregateError","message":"","stack":"AggregateError: \n    at internalConnectMultiple (node:net:1430:18)\n    at afterConnectMultiple (node:net:2099:7)","aggregateErrors":[{"type":"Error","message":"connect ECONNREFUSED ::1:32825","stack":"Error: connect ECONNREFUSED ::1:32825\n    at createConnectionError (node:net:2062:14)\n    at afterConnectMultiple (node:net:2092:16)","errno":-111,"code":"ECONNREFUSED","syscall":"connect","address":"::1","port":32825},{"type":"Error","message":"connect ECONNREFUSED 127.0.0.1:32825","stack":"Error: connect ECONNREFUSED 127.0.0.1:32825\n    at createConnectionError (node:net:2062:14)\n    at afterConnectMultiple (node:net:2092:16)","errno":-111,"code":"ECONNREFUSED","syscall":"connect","address":"127.0.0.1","port":32825}],"code":"ECONNREFUSED"},"msg":"Cross-process event bridge listener failed"}
{"level":40,"time":1789709309300,"pid":123473,"hostname":"cursor","name":"events","err":{"type":"AggregateError","message":"","stack":"AggregateError: \n    at internalConnectMultiple (node:net:1430:18)\n    at afterConnectMultiple (node:net:2099:7)","aggregateErrors":[{"type":"Error","message":"connect ECONNREFUSED ::1:32825","stack":"Error: connect ECONNREFUSED ::1:32825\n    at createConnectionError (node:net:2062:14)\n    at afterConnectMultiple (node:net:2092:16)","errno":-111,"code":"ECONNREFUSED","syscall":"connect","address":"::1","port":32825},{"type":"Error","message":"connect ECONNREFUSED 127.0.0.1:32825","stack":"Error: connect ECONNREFUSED 127.0.0.1:32825\n    at createConnectionError (node:net:2062:14)\n    at afterConnectMultiple (node:net:2092:16)","errno":-111,"code":"ECONNREFUSED","syscall":"connect","address":"127.0.0.1","port":32825}],"code":"ECONNREFUSED"},"msg":"Cross-process event bridge listener failed"}
{"level":40,"time":1789709310302,"pid":123473,"hostname":"cursor","name":"events","err":{"type":"AggregateError","message":"","stack":"AggregateError: \n    at internalConnectMultiple (node:net:1430:18)\n    at afterConnectMultiple (node:net:2099:7)","aggregateErrors":[{"type":"Error","message":"connect ECONNREFUSED ::1:32825","stack":"Error: connect ECONNREFUSED ::1:32825\n    at createConnectionError (node:net:2062:14)\n    at afterConnectMultiple (node:net:2092:16)","errno":-111,"code":"ECONNREFUSED","syscall":"connect","address":"::1","port":32825},{"type":"Error","message":"connect ECONNREFUSED 127.0.0.1:32825","stack":"Error: connect ECONNREFUSED 127.0.0.1:32825\n    at createConnectionError (node:net:2062:14)\n    at afterConnectMultiple (node:net:2092:16)","errno":-111,"code":"ECONNREFUSED","syscall":"connect","address":"127.0.0.1","port":32825}],"code":"ECONNREFUSED"},"msg":"Cross-process event bridge listener failed"}
{"level":40,"time":1789709311303,"pid":123473,"hostname":"cursor","name":"events","err":{"type":"AggregateError","message":"","stack":"AggregateError: \n    at internalConnectMultiple (node:net:1430:18)\n    at afterConnectMultiple (node:net:2099:7)","aggregateErrors":[{"type":"Error","message":"connect ECONNREFUSED ::1:32825","stack":"Error: connect ECONNREFUSED ::1:32825\n    at createConnectionError (node:net:2062:14)\n    at afterConnectMultiple (node:net:2092:16)","errno":-111,"code":"ECONNREFUSED","syscall":"connect","address":"::1","port":32825},{"type":"Error","message":"connect ECONNREFUSED 127.0.0.1:32825","stack":"Error: connect ECONNREFUSED 127.0.0.1:32825\n    at createConnectionError (node:net:2062:14)\n    at afterConnectMultiple (node:net:2092:16)","errno":-111,"code":"ECONNREFUSED","syscall":"connect","address":"127.0.0.1","port":32825}],"code":"ECONNREFUSED"},"msg":"Cross-process event bridge listener failed"}
{"level":40,"time":1789709312305,"pid":123473,"hostname":"cursor","name":"events","err":{"type":"AggregateError","message":"","stack":"AggregateError: \n    at internalConnectMultiple (node:net:1430:18)\n    at afterConnectMultiple (node:net:2099:7)","aggregateErrors":[{"type":"Error","message":"connect ECONNREFUSED ::1:32825","stack":"Error: connect ECONNREFUSED ::1:32825\n    at createConnectionError (node:net:2062:14)\n    at afterConnectMultiple (node:net:2092:16)","errno":-111,"code":"ECONNREFUSED","syscall":"connect","address":"::1","port":32825},{"type":"Error","message":"connect ECONNREFUSED 127.0.0.1:32825","stack":"Error: connect ECONNREFUSED 127.0.0.1:32825\n    at createConnectionError (node:net:2062:14)\n    at afterConnectMultiple (node:net:2092:16)","errno":-111,"code":"ECONNREFUSED","syscall":"connect","address":"127.0.0.1","port":32825}],"code":"ECONNREFUSED"},"msg":"Cross-process event bridge listener failed"}
{"level":40,"time":1789709313311,"pid":123473,"hostname":"cursor","name":"events","err":{"type":"AggregateError","message":"","stack":"AggregateError: \n    at internalConnectMultiple (node:net:1430:18)\n    at afterConnectMultiple (node:net:2099:7)","aggregateErrors":[{"type":"Error","message":"connect ECONNREFUSED ::1:32825","stack":"Error: connect ECONNREFUSED ::1:32825\n    at createConnectionError (node:net:2062:14)\n    at afterConnectMultiple (node:net:2092:16)","errno":-111,"code":"ECONNREFUSED","syscall":"connect","address":"::1","port":32825},{"type":"Error","message":"connect ECONNREFUSED 127.0.0.1:32825","stack":"Error: connect ECONNREFUSED 127.0.0.1:32825\n    at createConnectionError (node:net:2062:14)\n    at afterConnectMultiple (node:net:2092:16)","errno":-111,"code":"ECONNREFUSED","syscall":"connect","address":"127.0.0.1","port":32825}],"code":"ECONNREFUSED"},"msg":"Cross-process event bridge listener failed"}
{"level":40,"time":1789709314312,"pid":123473,"hostname":"cursor","name":"events","err":{"type":"AggregateError","message":"","stack":"AggregateError: \n    at internalConnectMultiple (node:net:1430:18)\n    at afterConnectMultiple (node:net:2099:7)","aggregateErrors":[{"type":"Error","message":"connect ECONNREFUSED ::1:32825","stack":"Error: connect ECONNREFUSED ::1:32825\n    at createConnectionError (node:net:2062:14)\n    at afterConnectMultiple (node:net:2092:16)","errno":-111,"code":"ECONNREFUSED","syscall":"connect","address":"::1","port":32825},{"type":"Error","message":"connect ECONNREFUSED 127.0.0.1:32825","stack":"Error: connect ECONNREFUSED 127.0.0.1:32825\n    at createConnectionError (node:net:2062:14)\n    at afterConnectMultiple (node:net:2092:16)","errno":-111,"code":"ECONNREFUSED","syscall":"connect","address":"127.0.0.1","port":32825}],"code":"ECONNREFUSED"},"msg":"Cross-process event bridge listener failed"}
{"level":40,"time":1789709315314,"pid":123473,"hostname":"cursor","name":"events","err":{"type":"AggregateError","message":"","stack":"AggregateError: \n    at internalConnectMultiple (node:net:1430:18)\n    at afterConnectMultiple (node:net:2099:7)","aggregateErrors":[{"type":"Error","message":"connect ECONNREFUSED ::1:32825","stack":"Error: connect ECONNREFUSED ::1:32825\n    at createConnectionError (node:net:2062:14)\n    at afterConnectMultiple (node:net:2092:16)","errno":-111,"code":"ECONNREFUSED","syscall":"connect","address":"::1","port":32825},{"type":"Error","message":"connect ECONNREFUSED 127.0.0.1:32825","stack":"Error: connect ECONNREFUSED 127.0.0.1:32825\n    at createConnectionError (node:net:2062:14)\n    at afterConnectMultiple (node:net:2092:16)","errno":-111,"code":"ECONNREFUSED","syscall":"connect","address":"127.0.0.1","port":32825}],"code":"ECONNREFUSED"},"msg":"Cross-process event bridge listener failed"}
{"level":40,"time":1789709316315,"pid":123473,"hostname":"cursor","name":"events","err":{"type":"AggregateError","message":"","stack":"AggregateError: \n    at internalConnectMultiple (node:net:1430:18)\n    at afterConnectMultiple (node:net:2099:7)","aggregateErrors":[{"type":"Error","message":"connect ECONNREFUSED ::1:32825","stack":"Error: connect ECONNREFUSED ::1:32825\n    at createConnectionError (node:net:2062:14)\n    at afterConnectMultiple (node:net:2092:16)","errno":-111,"code":"ECONNREFUSED","syscall":"connect","address":"::1","port":32825},{"type":"Error","message":"connect ECONNREFUSED 127.0.0.1:32825","stack":"Error: connect ECONNREFUSED 127.0.0.1:32825\n    at createConnectionError (node:net:2062:14)\n    at afterConnectMultiple (node:net:2092:16)","errno":-111,"code":"ECONNREFUSED","syscall":"connect","address":"127.0.0.1","port":32825}],"code":"ECONNREFUSED"},"msg":"Cross-process event bridge listener failed"}
{"level":30,"time":1789709316917,"pid":123611,"hostname":"cursor","name":"queue","queue":"events","jobId":"f61db02f-d958-4134-b22f-1ffd69fc4846","msg":"Job completed"}
{"level":40,"time":1789709317317,"pid":123473,"hostname":"cursor","name":"events","err":{"type":"AggregateError","message":"","stack":"AggregateError: \n    at internalConnectMultiple (node:net:1430:18)\n    at afterConnectMultiple (node:net:2099:7)","aggregateErrors":[{"type":"Error","message":"connect ECONNREFUSED ::1:32825","stack":"Error: connect ECONNREFUSED ::1:32825\n    at createConnectionError (node:net:2062:14)\n    at afterConnectMultiple (node:net:2092:16)","errno":-111,"code":"ECONNREFUSED","syscall":"connect","address":"::1","port":32825},{"type":"Error","message":"connect ECONNREFUSED 127.0.0.1:32825","stack":"Error: connect ECONNREFUSED 127.0.0.1:32825\n    at createConnectionError (node:net:2062:14)\n    at afterConnectMultiple (node:net:2092:16)","errno":-111,"code":"ECONNREFUSED","syscall":"connect","address":"127.0.0.1","port":32825}],"code":"ECONNREFUSED"},"msg":"Cross-process event bridge listener failed"}
{"level":30,"time":1789709317492,"pid":123611,"hostname":"cursor","name":"queue","queue":"events","jobId":"8e637d60-dfad-4bdb-a568-2ae8ef5ed840","msg":"Job completed"}
{"level":30,"time":1789709317512,"pid":123611,"hostname":"cursor","name":"queue","queue":"events","jobId":"41cd13fb-1549-4430-b167-69fae010b40a","msg":"Job completed"}
{"level":30,"time":1789709317531,"pid":123611,"hostname":"cursor","name":"queue","queue":"events","jobId":"db2be716-145a-4dd5-bbbc-733cd3eb890e","msg":"Job completed"}
{"level":30,"time":1789709317565,"pid":123611,"hostname":"cursor","name":"queue","queue":"events","jobId":"607900ef-73fd-4608-818b-f05500cee043","msg":"Job completed"}
{"level":30,"time":1789709317597,"pid":123611,"hostname":"cursor","name":"queue","queue":"events","jobId":"153c7733-f7cf-4120-bbd0-75a5f07afd00","msg":"Job completed"}
{"level":30,"time":1789709317613,"pid":123611,"hostname":"cursor","name":"queue","queue":"events","jobId":"129f5544-8c90-43b5-86db-3ac8dcc30f27","msg":"Job completed"}
{"level":30,"time":1789709317649,"pid":123611,"hostname":"cursor","name":"queue","queue":"events","jobId":"e86ddcc2-b6da-4fad-b55a-ca8d1ee8d2fc","msg":"Job completed"}
{"level":30,"time":1789709317674,"pid":123611,"hostname":"cursor","name":"queue","queue":"events","jobId":"7f40339f-64a9-4e4a-b59c-26c9c034b1e1","msg":"Job completed"}
{"level":30,"time":1789709317711,"pid":123611,"hostname":"cursor","name":"queue","queue":"events","jobId":"f97b7b1e-0c20-4bbd-96b5-c52b02008def","msg":"Job completed"}
{"level":30,"time":1789709317753,"pid":123611,"hostname":"cursor","name":"queue","queue":"events","jobId":"039e2ca8-a250-406b-8c52-46835ce8dd1f","msg":"Job completed"}
{"level":30,"time":1789709317766,"pid":123611,"hostname":"cursor","name":"queue","queue":"events","jobId":"36d0270d-2cd8-45ef-bbcd-19fef115e7b5","msg":"Job completed"}
{"level":30,"time":1789709317808,"pid":123611,"hostname":"cursor","name":"queue","queue":"events","jobId":"8bc6114e-1315-4b14-86b1-8cad70ed8aa1","msg":"Job completed"}
{"level":30,"time":1789709317832,"pid":123611,"hostname":"cursor","name":"queue","queue":"events","jobId":"43772448-8d6b-4d02-8000-eece32f7c0e9","msg":"Job completed"}
{"level":30,"time":1789709317901,"pid":123611,"hostname":"cursor","name":"queue","queue":"events","jobId":"73530c46-a68c-4c74-a159-ae8b32951028","msg":"Job completed"}
{"level":30,"time":1789709317917,"pid":123611,"hostname":"cursor","name":"queue","queue":"events","jobId":"dc15b0bc-d0b4-4f54-86a6-0423f6e451da","msg":"Job completed"}
{"level":30,"time":1789709317956,"pid":123611,"hostname":"cursor","name":"queue","queue":"events","jobId":"ec76f209-6c5a-4d18-a7c0-d03a51484e8d","msg":"Job completed"}
{"level":30,"time":1789709317980,"pid":123611,"hostname":"cursor","name":"queue","queue":"events","jobId":"2d4f405d-d957-4d2c-8b02-2f0f6d4ba69d","msg":"Job completed"}
{"level":30,"time":1789709318005,"pid":123611,"hostname":"cursor","name":"queue","queue":"events","jobId":"2cacb321-a8de-482b-bdcf-780bffb1b479","msg":"Job completed"}
{"level":30,"time":1789709318047,"pid":123611,"hostname":"cursor","name":"queue","queue":"events","jobId":"9f78750a-5442-4719-b538-1099ce59b454","msg":"Job completed"}
{"level":30,"time":1789709318069,"pid":123611,"hostname":"cursor","name":"queue","queue":"events","jobId":"7cb2bbd9-1a47-4d61-b748-ba3654659f9a","msg":"Job completed"}
{"level":30,"time":1789709318083,"pid":123611,"hostname":"cursor","name":"queue","queue":"events","jobId":"877ff9b9-d83a-4ae4-9b62-477cf20105f1","msg":"Job completed"}
{"level":30,"time":1789709318126,"pid":123611,"hostname":"cursor","name":"queue","queue":"events","jobId":"0ac3c0c2-4974-402f-93ea-c46c2ac6d476","msg":"Job completed"}
{"level":30,"time":1789709318160,"pid":123611,"hostname":"cursor","name":"queue","queue":"events","jobId":"cf88774d-532f-4aea-8b1b-df4ca60df4db","msg":"Job completed"}
{"level":30,"time":1789709318182,"pid":123611,"hostname":"cursor","name":"queue","queue":"events","jobId":"abb12e1d-39cb-4c53-89b6-95722a1fd646","msg":"Job completed"}
{"level":30,"time":1789709318215,"pid":123611,"hostname":"cursor","name":"queue","queue":"events","jobId":"508f49ad-f28c-4613-b8bb-564f4ed9b048","msg":"Job completed"}
{"level":30,"time":1789709318248,"pid":123611,"hostname":"cursor","name":"queue","queue":"events","jobId":"f300d613-e70a-4e02-a52d-1cd261cd3eab","msg":"Job completed"}
{"level":40,"time":1789709318319,"pid":123473,"hostname":"cursor","name":"events","err":{"type":"AggregateError","message":"","stack":"AggregateError: \n    at internalConnectMultiple (node:net:1430:18)\n    at afterConnectMultiple (node:net:2099:7)","aggregateErrors":[{"type":"Error","message":"connect ECONNREFUSED ::1:32825","stack":"Error: connect ECONNREFUSED ::1:32825\n    at createConnectionError (node:net:2062:14)\n    at afterConnectMultiple (node:net:2092:16)","errno":-111,"code":"ECONNREFUSED","syscall":"connect","address":"::1","port":32825},{"type":"Error","message":"connect ECONNREFUSED 127.0.0.1:32825","stack":"Error: connect ECONNREFUSED 127.0.0.1:32825\n    at createConnectionError (node:net:2062:14)\n    at afterConnectMultiple (node:net:2092:16)","errno":-111,"code":"ECONNREFUSED","syscall":"connect","address":"127.0.0.1","port":32825}],"code":"ECONNREFUSED"},"msg":"Cross-process event bridge listener failed"}
{"level":30,"time":1789709318497,"pid":123611,"hostname":"cursor","name":"queue","queue":"events","jobId":"30d77ceb-0ab4-4ca9-8e98-1c421ad8d3b8","msg":"Job completed"}
{"level":30,"time":1789709318528,"pid":123611,"hostname":"cursor","name":"queue","queue":"events","jobId":"3be0556e-408c-4e56-9ba2-2c91c268f226","msg":"Job completed"}
{"level":30,"time":1789709318570,"pid":123611,"hostname":"cursor","name":"queue","queue":"events","jobId":"80aa399f-abd2-4c04-a5aa-c6439733e216","msg":"Job completed"}
{"level":30,"time":1789709318588,"pid":123611,"hostname":"cursor","name":"queue","queue":"events","jobId":"67a9d76e-9b3b-4f75-83c3-e981d9021c6b","msg":"Job completed"}
{"level":30,"time":1789709318635,"pid":123611,"hostname":"cursor","name":"queue","queue":"events","jobId":"0a7ae2ed-2def-432a-91b2-035996092a7c","msg":"Job completed"}
{"level":30,"time":1789709318672,"pid":123611,"hostname":"cursor","name":"queue","queue":"events","jobId":"cb624084-65cd-44d8-917a-da041ecfb0e1","msg":"Job completed"}
{"level":30,"time":1789709318698,"pid":123611,"hostname":"cursor","name":"queue","queue":"events","jobId":"5ec34aba-555d-4160-a9c8-fcd7a40768ea","msg":"Job completed"}
{"level":30,"time":1789709318742,"pid":123611,"hostname":"cursor","name":"queue","queue":"events","jobId":"030c37ae-7f95-4926-b388-1b800785cfbc","msg":"Job completed"}
{"level":30,"time":1789709318787,"pid":123611,"hostname":"cursor","name":"queue","queue":"events","jobId":"48157205-f4b6-4f1b-ac6b-494f911c3199","msg":"Job completed"}
{"level":30,"time":1789709318799,"pid":123611,"hostname":"cursor","name":"queue","queue":"events","jobId":"3cc5a90d-08eb-4025-a143-99fdd1ec365c","msg":"Job completed"}
{"level":40,"time":1789709319321,"pid":123473,"hostname":"cursor","name":"events","err":{"type":"AggregateError","message":"","stack":"AggregateError: \n    at internalConnectMultiple (node:net:1430:18)\n    at afterConnectMultiple (node:net:2099:7)","aggregateErrors":[{"type":"Error","message":"connect ECONNREFUSED ::1:32825","stack":"Error: connect ECONNREFUSED ::1:32825\n    at createConnectionError (node:net:2062:14)\n    at afterConnectMultiple (node:net:2092:16)","errno":-111,"code":"ECONNREFUSED","syscall":"connect","address":"::1","port":32825},{"type":"Error","message":"connect ECONNREFUSED 127.0.0.1:32825","stack":"Error: connect ECONNREFUSED 127.0.0.1:32825\n    at createConnectionError (node:net:2062:14)\n    at afterConnectMultiple (node:net:2092:16)","errno":-111,"code":"ECONNREFUSED","syscall":"connect","address":"127.0.0.1","port":32825}],"code":"ECONNREFUSED"},"msg":"Cross-process event bridge listener failed"}
{"level":40,"time":1789709320323,"pid":123473,"hostname":"cursor","name":"events","err":{"type":"AggregateError","message":"","stack":"AggregateError: \n    at internalConnectMultiple (node:net:1430:18)\n    at afterConnectMultiple (node:net:2099:7)","aggregateErrors":[{"type":"Error","message":"connect ECONNREFUSED ::1:32825","stack":"Error: connect ECONNREFUSED ::1:32825\n    at createConnectionError (node:net:2062:14)\n    at afterConnectMultiple (node:net:2092:16)","errno":-111,"code":"ECONNREFUSED","syscall":"connect","address":"::1","port":32825},{"type":"Error","message":"connect ECONNREFUSED 127.0.0.1:32825","stack":"Error: connect ECONNREFUSED 127.0.0.1:32825\n    at createConnectionError (node:net:2062:14)\n    at afterConnectMultiple (node:net:2092:16)","errno":-111,"code":"ECONNREFUSED","syscall":"connect","address":"127.0.0.1","port":32825}],"code":"ECONNREFUSED"},"msg":"Cross-process event bridge listener failed"}
{"level":40,"time":1789709321325,"pid":123473,"hostname":"cursor","name":"events","err":{"type":"AggregateError","message":"","stack":"AggregateError: \n    at internalConnectMultiple (node:net:1430:18)\n    at afterConnectMultiple (node:net:2099:7)","aggregateErrors":[{"type":"Error","message":"connect ECONNREFUSED ::1:32825","stack":"Error: connect ECONNREFUSED ::1:32825\n    at createConnectionError (node:net:2062:14)\n    at afterConnectMultiple (node:net:2092:16)","errno":-111,"code":"ECONNREFUSED","syscall":"connect","address":"::1","port":32825},{"type":"Error","message":"connect ECONNREFUSED 127.0.0.1:32825","stack":"Error: connect ECONNREFUSED 127.0.0.1:32825\n    at createConnectionError (node:net:2062:14)\n    at afterConnectMultiple (node:net:2092:16)","errno":-111,"code":"ECONNREFUSED","syscall":"connect","address":"127.0.0.1","port":32825}],"code":"ECONNREFUSED"},"msg":"Cross-process event bridge listener failed"}
{"level":30,"time":1789709321512,"pid":123611,"hostname":"cursor","name":"queue","queue":"events","jobId":"ba2c15e1-d8cd-4d45-8f4b-7fd8c79acab6","msg":"Job completed"}
{"level":30,"time":1789709321579,"pid":123611,"hostname":"cursor","name":"queue","queue":"events","jobId":"4608ad6d-1832-427b-9ca9-775c3998ce97","msg":"Job completed"}
{"level":30,"time":1789709321630,"pid":123611,"hostname":"cursor","name":"queue","queue":"events","jobId":"20001876-95e6-4ef9-b617-185b7d09dcd9","msg":"Job completed"}
{"level":30,"time":1789709321682,"pid":123611,"hostname":"cursor","name":"queue","queue":"events","jobId":"d279ad5c-1e4d-4c00-9719-74928595fa8f","msg":"Job completed"}
{"level":30,"time":1789709321729,"pid":123611,"hostname":"cursor","name":"queue","queue":"events","jobId":"311cdc38-4c8f-4505-b8a3-7627e3ea8173","msg":"Job completed"}
{"level":30,"time":1789709321774,"pid":123611,"hostname":"cursor","name":"queue","queue":"events","jobId":"d4dadd3f-2e34-4822-a2f0-04351d10f325","msg":"Job completed"}
{"level":40,"time":1789709322327,"pid":123473,"hostname":"cursor","name":"events","err":{"type":"AggregateError","message":"","stack":"AggregateError: \n    at internalConnectMultiple (node:net:1430:18)\n    at afterConnectMultiple (node:net:2099:7)","aggregateErrors":[{"type":"Error","message":"connect ECONNREFUSED ::1:32825","stack":"Error: connect ECONNREFUSED ::1:32825\n    at createConnectionError (node:net:2062:14)\n    at afterConnectMultiple (node:net:2092:16)","errno":-111,"code":"ECONNREFUSED","syscall":"connect","address":"::1","port":32825},{"type":"Error","message":"connect ECONNREFUSED 127.0.0.1:32825","stack":"Error: connect ECONNREFUSED 127.0.0.1:32825\n    at createConnectionError (node:net:2062:14)\n    at afterConnectMultiple (node:net:2092:16)","errno":-111,"code":"ECONNREFUSED","syscall":"connect","address":"127.0.0.1","port":32825}],"code":"ECONNREFUSED"},"msg":"Cross-process event bridge listener failed"}
{"level":40,"time":1789709323329,"pid":123473,"hostname":"cursor","name":"events","err":{"type":"AggregateError","message":"","stack":"AggregateError: \n    at internalConnectMultiple (node:net:1430:18)\n    at afterConnectMultiple (node:net:2099:7)","aggregateErrors":[{"type":"Error","message":"connect ECONNREFUSED ::1:32825","stack":"Error: connect ECONNREFUSED ::1:32825\n    at createConnectionError (node:net:2062:14)\n    at afterConnectMultiple (node:net:2092:16)","errno":-111,"code":"ECONNREFUSED","syscall":"connect","address":"::1","port":32825},{"type":"Error","message":"connect ECONNREFUSED 127.0.0.1:32825","stack":"Error: connect ECONNREFUSED 127.0.0.1:32825\n    at createConnectionError (node:net:2062:14)\n    at afterConnectMultiple (node:net:2092:16)","errno":-111,"code":"ECONNREFUSED","syscall":"connect","address":"127.0.0.1","port":32825}],"code":"ECONNREFUSED"},"msg":"Cross-process event bridge listener failed"}
{"level":40,"time":1789709324331,"pid":123473,"hostname":"cursor","name":"events","err":{"type":"AggregateError","message":"","stack":"AggregateError: \n    at internalConnectMultiple (node:net:1430:18)\n    at afterConnectMultiple (node:net:2099:7)","aggregateErrors":[{"type":"Error","message":"connect ECONNREFUSED ::1:32825","stack":"Error: connect ECONNREFUSED ::1:32825\n    at createConnectionError (node:net:2062:14)\n    at afterConnectMultiple (node:net:2092:16)","errno":-111,"code":"ECONNREFUSED","syscall":"connect","address":"::1","port":32825},{"type":"Error","message":"connect ECONNREFUSED 127.0.0.1:32825","stack":"Error: connect ECONNREFUSED 127.0.0.1:32825\n    at createConnectionError (node:net:2062:14)\n    at afterConnectMultiple (node:net:2092:16)","errno":-111,"code":"ECONNREFUSED","syscall":"connect","address":"127.0.0.1","port":32825}],"code":"ECONNREFUSED"},"msg":"Cross-process event bridge listener failed"}
{"level":40,"time":1789709325333,"pid":123473,"hostname":"cursor","name":"events","err":{"type":"AggregateError","message":"","stack":"AggregateError: \n    at internalConnectMultiple (node:net:1430:18)\n    at afterConnectMultiple (node:net:2099:7)","aggregateErrors":[{"type":"Error","message":"connect ECONNREFUSED ::1:32825","stack":"Error: connect ECONNREFUSED ::1:32825\n    at createConnectionError (node:net:2062:14)\n    at afterConnectMultiple (node:net:2092:16)","errno":-111,"code":"ECONNREFUSED","syscall":"connect","address":"::1","port":32825},{"type":"Error","message":"connect ECONNREFUSED 127.0.0.1:32825","stack":"Error: connect ECONNREFUSED 127.0.0.1:32825\n    at createConnectionError (node:net:2062:14)\n    at afterConnectMultiple (node:net:2092:16)","errno":-111,"code":"ECONNREFUSED","syscall":"connect","address":"127.0.0.1","port":32825}],"code":"ECONNREFUSED"},"msg":"Cross-process event bridge listener failed"}
{"level":40,"time":1789709326335,"pid":123473,"hostname":"cursor","name":"events","err":{"type":"AggregateError","message":"","stack":"AggregateError: \n    at internalConnectMultiple (node:net:1430:18)\n    at afterConnectMultiple (node:net:2099:7)","aggregateErrors":[{"type":"Error","message":"connect ECONNREFUSED ::1:32825","stack":"Error: connect ECONNREFUSED ::1:32825\n    at createConnectionError (node:net:2062:14)\n    at afterConnectMultiple (node:net:2092:16)","errno":-111,"code":"ECONNREFUSED","syscall":"connect","address":"::1","port":32825},{"type":"Error","message":"connect ECONNREFUSED 127.0.0.1:32825","stack":"Error: connect ECONNREFUSED 127.0.0.1:32825\n    at createConnectionError (node:net:2062:14)\n    at afterConnectMultiple (node:net:2092:16)","errno":-111,"code":"ECONNREFUSED","syscall":"connect","address":"127.0.0.1","port":32825}],"code":"ECONNREFUSED"},"msg":"Cross-process event bridge listener failed"}
{"level":40,"time":1789709327337,"pid":123473,"hostname":"cursor","name":"events","err":{"type":"AggregateError","message":"","stack":"AggregateError: \n    at internalConnectMultiple (node:net:1430:18)\n    at afterConnectMultiple (node:net:2099:7)","aggregateErrors":[{"type":"Error","message":"connect ECONNREFUSED ::1:32825","stack":"Error: connect ECONNREFUSED ::1:32825\n    at createConnectionError (node:net:2062:14)\n    at afterConnectMultiple (node:net:2092:16)","errno":-111,"code":"ECONNREFUSED","syscall":"connect","address":"::1","port":32825},{"type":"Error","message":"connect ECONNREFUSED 127.0.0.1:32825","stack":"Error: connect ECONNREFUSED 127.0.0.1:32825\n    at createConnectionError (node:net:2062:14)\n    at afterConnectMultiple (node:net:2092:16)","errno":-111,"code":"ECONNREFUSED","syscall":"connect","address":"127.0.0.1","port":32825}],"code":"ECONNREFUSED"},"msg":"Cross-process event bridge listener failed"}
{"level":40,"time":1789709328339,"pid":123473,"hostname":"cursor","name":"events","err":{"type":"AggregateError","message":"","stack":"AggregateError: \n    at internalConnectMultiple (node:net:1430:18)\n    at afterConnectMultiple (node:net:2099:7)","aggregateErrors":[{"type":"Error","message":"connect ECONNREFUSED ::1:32825","stack":"Error: connect ECONNREFUSED ::1:32825\n    at createConnectionError (node:net:2062:14)\n    at afterConnectMultiple (node:net:2092:16)","errno":-111,"code":"ECONNREFUSED","syscall":"connect","address":"::1","port":32825},{"type":"Error","message":"connect ECONNREFUSED 127.0.0.1:32825","stack":"Error: connect ECONNREFUSED 127.0.0.1:32825\n    at createConnectionError (node:net:2062:14)\n    at afterConnectMultiple (node:net:2092:16)","errno":-111,"code":"ECONNREFUSED","syscall":"connect","address":"127.0.0.1","port":32825}],"code":"ECONNREFUSED"},"msg":"Cross-process event bridge listener failed"}
{"level":40,"time":1789709329341,"pid":123473,"hostname":"cursor","name":"events","err":{"type":"AggregateError","message":"","stack":"AggregateError: \n    at internalConnectMultiple (node:net:1430:18)\n    at afterConnectMultiple (node:net:2099:7)","aggregateErrors":[{"type":"Error","message":"connect ECONNREFUSED ::1:32825","stack":"Error: connect ECONNREFUSED ::1:32825\n    at createConnectionError (node:net:2062:14)\n    at afterConnectMultiple (node:net:2092:16)","errno":-111,"code":"ECONNREFUSED","syscall":"connect","address":"::1","port":32825},{"type":"Error","message":"connect ECONNREFUSED 127.0.0.1:32825","stack":"Error: connect ECONNREFUSED 127.0.0.1:32825\n    at createConnectionError (node:net:2062:14)\n    at afterConnectMultiple (node:net:2092:16)","errno":-111,"code":"ECONNREFUSED","syscall":"connect","address":"127.0.0.1","port":32825}],"code":"ECONNREFUSED"},"msg":"Cross-process event bridge listener failed"}
{"level":40,"time":1789709330342,"pid":123473,"hostname":"cursor","name":"events","err":{"type":"AggregateError","message":"","stack":"AggregateError: \n    at internalConnectMultiple (node:net:1430:18)\n    at afterConnectMultiple (node:net:2099:7)","aggregateErrors":[{"type":"Error","message":"connect ECONNREFUSED ::1:32825","stack":"Error: connect ECONNREFUSED ::1:32825\n    at createConnectionError (node:net:2062:14)\n    at afterConnectMultiple (node:net:2092:16)","errno":-111,"code":"ECONNREFUSED","syscall":"connect","address":"::1","port":32825},{"type":"Error","message":"connect ECONNREFUSED 127.0.0.1:32825","stack":"Error: connect ECONNREFUSED 127.0.0.1:32825\n    at createConnectionError (node:net:2062:14)\n    at afterConnectMultiple (node:net:2092:16)","errno":-111,"code":"ECONNREFUSED","syscall":"connect","address":"127.0.0.1","port":32825}],"code":"ECONNREFUSED"},"msg":"Cross-process event bridge listener failed"}
{"level":40,"time":1789709331344,"pid":123473,"hostname":"cursor","name":"events","err":{"type":"AggregateError","message":"","stack":"AggregateError: \n    at internalConnectMultiple (node:net:1430:18)\n    at afterConnectMultiple (node:net:2099:7)","aggregateErrors":[{"type":"Error","message":"connect ECONNREFUSED ::1:32825","stack":"Error: connect ECONNREFUSED ::1:32825\n    at createConnectionError (node:net:2062:14)\n    at afterConnectMultiple (node:net:2092:16)","errno":-111,"code":"ECONNREFUSED","syscall":"connect","address":"::1","port":32825},{"type":"Error","message":"connect ECONNREFUSED 127.0.0.1:32825","stack":"Error: connect ECONNREFUSED 127.0.0.1:32825\n    at createConnectionError (node:net:2062:14)\n    at afterConnectMultiple (node:net:2092:16)","errno":-111,"code":"ECONNREFUSED","syscall":"connect","address":"127.0.0.1","port":32825}],"code":"ECONNREFUSED"},"msg":"Cross-process event bridge listener failed"}
{"level":40,"time":1789709332346,"pid":123473,"hostname":"cursor","name":"events","err":{"type":"AggregateError","message":"","stack":"AggregateError: \n    at internalConnectMultiple (node:net:1430:18)\n    at afterConnectMultiple (node:net:2099:7)","aggregateErrors":[{"type":"Error","message":"connect ECONNREFUSED ::1:32825","stack":"Error: connect ECONNREFUSED ::1:32825\n    at createConnectionError (node:net:2062:14)\n    at afterConnectMultiple (node:net:2092:16)","errno":-111,"code":"ECONNREFUSED","syscall":"connect","address":"::1","port":32825},{"type":"Error","message":"connect ECONNREFUSED 127.0.0.1:32825","stack":"Error: connect ECONNREFUSED 127.0.0.1:32825\n    at createConnectionError (node:net:2062:14)\n    at afterConnectMultiple (node:net:2092:16)","errno":-111,"code":"ECONNREFUSED","syscall":"connect","address":"127.0.0.1","port":32825}],"code":"ECONNREFUSED"},"msg":"Cross-process event bridge listener failed"}
{"level":40,"time":1789709333350,"pid":123473,"hostname":"cursor","name":"events","err":{"type":"AggregateError","message":"","stack":"AggregateError: \n    at internalConnectMultiple (node:net:1430:18)\n    at afterConnectMultiple (node:net:2099:7)","aggregateErrors":[{"type":"Error","message":"connect ECONNREFUSED ::1:32825","stack":"Error: connect ECONNREFUSED ::1:32825\n    at createConnectionError (node:net:2062:14)\n    at afterConnectMultiple (node:net:2092:16)","errno":-111,"code":"ECONNREFUSED","syscall":"connect","address":"::1","port":32825},{"type":"Error","message":"connect ECONNREFUSED 127.0.0.1:32825","stack":"Error: connect ECONNREFUSED 127.0.0.1:32825\n    at createConnectionError (node:net:2062:14)\n    at afterConnectMultiple (node:net:2092:16)","errno":-111,"code":"ECONNREFUSED","syscall":"connect","address":"127.0.0.1","port":32825}],"code":"ECONNREFUSED"},"msg":"Cross-process event bridge listener failed"}
{"level":40,"time":1789709334352,"pid":123473,"hostname":"cursor","name":"events","err":{"type":"AggregateError","message":"","stack":"AggregateError: \n    at internalConnectMultiple (node:net:1430:18)\n    at afterConnectMultiple (node:net:2099:7)","aggregateErrors":[{"type":"Error","message":"connect ECONNREFUSED ::1:32825","stack":"Error: connect ECONNREFUSED ::1:32825\n    at createConnectionError (node:net:2062:14)\n    at afterConnectMultiple (node:net:2092:16)","errno":-111,"code":"ECONNREFUSED","syscall":"connect","address":"::1","port":32825},{"type":"Error","message":"connect ECONNREFUSED 127.0.0.1:32825","stack":"Error: connect ECONNREFUSED 127.0.0.1:32825\n    at createConnectionError (node:net:2062:14)\n    at afterConnectMultiple (node:net:2092:16)","errno":-111,"code":"ECONNREFUSED","syscall":"connect","address":"127.0.0.1","port":32825}],"code":"ECONNREFUSED"},"msg":"Cross-process event bridge listener failed"}
{"level":40,"time":1789709335354,"pid":123473,"hostname":"cursor","name":"events","err":{"type":"AggregateError","message":"","stack":"AggregateError: \n    at internalConnectMultiple (node:net:1430:18)\n    at afterConnectMultiple (node:net:2099:7)","aggregateErrors":[{"type":"Error","message":"connect ECONNREFUSED ::1:32825","stack":"Error: connect ECONNREFUSED ::1:32825\n    at createConnectionError (node:net:2062:14)\n    at afterConnectMultiple (node:net:2092:16)","errno":-111,"code":"ECONNREFUSED","syscall":"connect","address":"::1","port":32825},{"type":"Error","message":"connect ECONNREFUSED 127.0.0.1:32825","stack":"Error: connect ECONNREFUSED 127.0.0.1:32825\n    at createConnectionError (node:net:2062:14)\n    at afterConnectMultiple (node:net:2092:16)","errno":-111,"code":"ECONNREFUSED","syscall":"connect","address":"127.0.0.1","port":32825}],"code":"ECONNREFUSED"},"msg":"Cross-process event bridge listener failed"}
{"level":40,"time":1789709336356,"pid":123473,"hostname":"cursor","name":"events","err":{"type":"AggregateError","message":"","stack":"AggregateError: \n    at internalConnectMultiple (node:net:1430:18)\n    at afterConnectMultiple (node:net:2099:7)","aggregateErrors":[{"type":"Error","message":"connect ECONNREFUSED ::1:32825","stack":"Error: connect ECONNREFUSED ::1:32825\n    at createConnectionError (node:net:2062:14)\n    at afterConnectMultiple (node:net:2092:16)","errno":-111,"code":"ECONNREFUSED","syscall":"connect","address":"::1","port":32825},{"type":"Error","message":"connect ECONNREFUSED 127.0.0.1:32825","stack":"Error: connect ECONNREFUSED 127.0.0.1:32825\n    at createConnectionError (node:net:2062:14)\n    at afterConnectMultiple (node:net:2092:16)","errno":-111,"code":"ECONNREFUSED","syscall":"connect","address":"127.0.0.1","port":32825}],"code":"ECONNREFUSED"},"msg":"Cross-process event bridge listener failed"}
{"level":40,"time":1789709337358,"pid":123473,"hostname":"cursor","name":"events","err":{"type":"AggregateError","message":"","stack":"AggregateError: \n    at internalConnectMultiple (node:net:1430:18)\n    at afterConnectMultiple (node:net:2099:7)","aggregateErrors":[{"type":"Error","message":"connect ECONNREFUSED ::1:32825","stack":"Error: connect ECONNREFUSED ::1:32825\n    at createConnectionError (node:net:2062:14)\n    at afterConnectMultiple (node:net:2092:16)","errno":-111,"code":"ECONNREFUSED","syscall":"connect","address":"::1","port":32825},{"type":"Error","message":"connect ECONNREFUSED 127.0.0.1:32825","stack":"Error: connect ECONNREFUSED 127.0.0.1:32825\n    at createConnectionError (node:net:2062:14)\n    at afterConnectMultiple (node:net:2092:16)","errno":-111,"code":"ECONNREFUSED","syscall":"connect","address":"127.0.0.1","port":32825}],"code":"ECONNREFUSED"},"msg":"Cross-process event bridge listener failed"}
{"level":40,"time":1789709338360,"pid":123473,"hostname":"cursor","name":"events","err":{"type":"AggregateError","message":"","stack":"AggregateError: \n    at internalConnectMultiple (node:net:1430:18)\n    at afterConnectMultiple (node:net:2099:7)","aggregateErrors":[{"type":"Error","message":"connect ECONNREFUSED ::1:32825","stack":"Error: connect ECONNREFUSED ::1:32825\n    at createConnectionError (node:net:2062:14)\n    at afterConnectMultiple (node:net:2092:16)","errno":-111,"code":"ECONNREFUSED","syscall":"connect","address":"::1","port":32825},{"type":"Error","message":"connect ECONNREFUSED 127.0.0.1:32825","stack":"Error: connect ECONNREFUSED 127.0.0.1:32825\n    at createConnectionError (node:net:2062:14)\n    at afterConnectMultiple (node:net:2092:16)","errno":-111,"code":"ECONNREFUSED","syscall":"connect","address":"127.0.0.1","port":32825}],"code":"ECONNREFUSED"},"msg":"Cross-process event bridge listener failed"}
{"level":40,"time":1789709339363,"pid":123473,"hostname":"cursor","name":"events","err":{"type":"AggregateError","message":"","stack":"AggregateError: \n    at internalConnectMultiple (node:net:1430:18)\n    at afterConnectMultiple (node:net:2099:7)","aggregateErrors":[{"type":"Error","message":"connect ECONNREFUSED ::1:32825","stack":"Error: connect ECONNREFUSED ::1:32825\n    at createConnectionError (node:net:2062:14)\n    at afterConnectMultiple (node:net:2092:16)","errno":-111,"code":"ECONNREFUSED","syscall":"connect","address":"::1","port":32825},{"type":"Error","message":"connect ECONNREFUSED 127.0.0.1:32825","stack":"Error: connect ECONNREFUSED 127.0.0.1:32825\n    at createConnectionError (node:net:2062:14)\n    at afterConnectMultiple (node:net:2092:16)","errno":-111,"code":"ECONNREFUSED","syscall":"connect","address":"127.0.0.1","port":32825}],"code":"ECONNREFUSED"},"msg":"Cross-process event bridge listener failed"}
{"level":40,"time":1789709340365,"pid":123473,"hostname":"cursor","name":"events","err":{"type":"AggregateError","message":"","stack":"AggregateError: \n    at internalConnectMultiple (node:net:1430:18)\n    at afterConnectMultiple (node:net:2099:7)","aggregateErrors":[{"type":"Error","message":"connect ECONNREFUSED ::1:32825","stack":"Error: connect ECONNREFUSED ::1:32825\n    at createConnectionError (node:net:2062:14)\n    at afterConnectMultiple (node:net:2092:16)","errno":-111,"code":"ECONNREFUSED","syscall":"connect","address":"::1","port":32825},{"type":"Error","message":"connect ECONNREFUSED 127.0.0.1:32825","stack":"Error: connect ECONNREFUSED 127.0.0.1:32825\n    at createConnectionError (node:net:2062:14)\n    at afterConnectMultiple (node:net:2092:16)","errno":-111,"code":"ECONNREFUSED","syscall":"connect","address":"127.0.0.1","port":32825}],"code":"ECONNREFUSED"},"msg":"Cross-process event bridge listener failed"}
{"level":40,"time":1789709341367,"pid":123473,"hostname":"cursor","name":"events","err":{"type":"AggregateError","message":"","stack":"AggregateError: \n    at internalConnectMultiple (node:net:1430:18)\n    at afterConnectMultiple (node:net:2099:7)","aggregateErrors":[{"type":"Error","message":"connect ECONNREFUSED ::1:32825","stack":"Error: connect ECONNREFUSED ::1:32825\n    at createConnectionError (node:net:2062:14)\n    at afterConnectMultiple (node:net:2092:16)","errno":-111,"code":"ECONNREFUSED","syscall":"connect","address":"::1","port":32825},{"type":"Error","message":"connect ECONNREFUSED 127.0.0.1:32825","stack":"Error: connect ECONNREFUSED 127.0.0.1:32825\n    at createConnectionError (node:net:2062:14)\n    at afterConnectMultiple (node:net:2092:16)","errno":-111,"code":"ECONNREFUSED","syscall":"connect","address":"127.0.0.1","port":32825}],"code":"ECONNREFUSED"},"msg":"Cross-process event bridge listener failed"}
{"level":40,"time":1789709342369,"pid":123473,"hostname":"cursor","name":"events","err":{"type":"AggregateError","message":"","stack":"AggregateError: \n    at internalConnectMultiple (node:net:1430:18)\n    at afterConnectMultiple (node:net:2099:7)","aggregateErrors":[{"type":"Error","message":"connect ECONNREFUSED ::1:32825","stack":"Error: connect ECONNREFUSED ::1:32825\n    at createConnectionError (node:net:2062:14)\n    at afterConnectMultiple (node:net:2092:16)","errno":-111,"code":"ECONNREFUSED","syscall":"connect","address":"::1","port":32825},{"type":"Error","message":"connect ECONNREFUSED 127.0.0.1:32825","stack":"Error: connect ECONNREFUSED 127.0.0.1:32825\n    at createConnectionError (node:net:2062:14)\n    at afterConnectMultiple (node:net:2092:16)","errno":-111,"code":"ECONNREFUSED","syscall":"connect","address":"127.0.0.1","port":32825}],"code":"ECONNREFUSED"},"msg":"Cross-process event bridge listener failed"}
{"level":40,"time":1789709343371,"pid":123473,"hostname":"cursor","name":"events","err":{"type":"AggregateError","message":"","stack":"AggregateError: \n    at internalConnectMultiple (node:net:1430:18)\n    at afterConnectMultiple (node:net:2099:7)","aggregateErrors":[{"type":"Error","message":"connect ECONNREFUSED ::1:32825","stack":"Error: connect ECONNREFUSED ::1:32825\n    at createConnectionError (node:net:2062:14)\n    at afterConnectMultiple (node:net:2092:16)","errno":-111,"code":"ECONNREFUSED","syscall":"connect","address":"::1","port":32825},{"type":"Error","message":"connect ECONNREFUSED 127.0.0.1:32825","stack":"Error: connect ECONNREFUSED 127.0.0.1:32825\n    at createConnectionError (node:net:2062:14)\n    at afterConnectMultiple (node:net:2092:16)","errno":-111,"code":"ECONNREFUSED","syscall":"connect","address":"127.0.0.1","port":32825}],"code":"ECONNREFUSED"},"msg":"Cross-process event bridge listener failed"}
{"level":40,"time":1789709344373,"pid":123473,"hostname":"cursor","name":"events","err":{"type":"AggregateError","message":"","stack":"AggregateError: \n    at internalConnectMultiple (node:net:1430:18)\n    at afterConnectMultiple (node:net:2099:7)","aggregateErrors":[{"type":"Error","message":"connect ECONNREFUSED ::1:32825","stack":"Error: connect ECONNREFUSED ::1:32825\n    at createConnectionError (node:net:2062:14)\n    at afterConnectMultiple (node:net:2092:16)","errno":-111,"code":"ECONNREFUSED","syscall":"connect","address":"::1","port":32825},{"type":"Error","message":"connect ECONNREFUSED 127.0.0.1:32825","stack":"Error: connect ECONNREFUSED 127.0.0.1:32825\n    at createConnectionError (node:net:2062:14)\n    at afterConnectMultiple (node:net:2092:16)","errno":-111,"code":"ECONNREFUSED","syscall":"connect","address":"127.0.0.1","port":32825}],"code":"ECONNREFUSED"},"msg":"Cross-process event bridge listener failed"}
{"level":40,"time":1789709345375,"pid":123473,"hostname":"cursor","name":"events","err":{"type":"AggregateError","message":"","stack":"AggregateError: \n    at internalConnectMultiple (node:net:1430:18)\n    at afterConnectMultiple (node:net:2099:7)","aggregateErrors":[{"type":"Error","message":"connect ECONNREFUSED ::1:32825","stack":"Error: connect ECONNREFUSED ::1:32825\n    at createConnectionError (node:net:2062:14)\n    at afterConnectMultiple (node:net:2092:16)","errno":-111,"code":"ECONNREFUSED","syscall":"connect","address":"::1","port":32825},{"type":"Error","message":"connect ECONNREFUSED 127.0.0.1:32825","stack":"Error: connect ECONNREFUSED 127.0.0.1:32825\n    at createConnectionError (node:net:2062:14)\n    at afterConnectMultiple (node:net:2092:16)","errno":-111,"code":"ECONNREFUSED","syscall":"connect","address":"127.0.0.1","port":32825}],"code":"ECONNREFUSED"},"msg":"Cross-process event bridge listener failed"}
{"level":40,"time":1789709346377,"pid":123473,"hostname":"cursor","name":"events","err":{"type":"AggregateError","message":"","stack":"AggregateError: \n    at internalConnectMultiple (node:net:1430:18)\n    at afterConnectMultiple (node:net:2099:7)","aggregateErrors":[{"type":"Error","message":"connect ECONNREFUSED ::1:32825","stack":"Error: connect ECONNREFUSED ::1:32825\n    at createConnectionError (node:net:2062:14)\n    at afterConnectMultiple (node:net:2092:16)","errno":-111,"code":"ECONNREFUSED","syscall":"connect","address":"::1","port":32825},{"type":"Error","message":"connect ECONNREFUSED 127.0.0.1:32825","stack":"Error: connect ECONNREFUSED 127.0.0.1:32825\n    at createConnectionError (node:net:2062:14)\n    at afterConnectMultiple (node:net:2092:16)","errno":-111,"code":"ECONNREFUSED","syscall":"connect","address":"127.0.0.1","port":32825}],"code":"ECONNREFUSED"},"msg":"Cross-process event bridge listener failed"}
{"level":40,"time":1789709347379,"pid":123473,"hostname":"cursor","name":"events","err":{"type":"AggregateError","message":"","stack":"AggregateError: \n    at internalConnectMultiple (node:net:1430:18)\n    at afterConnectMultiple (node:net:2099:7)","aggregateErrors":[{"type":"Error","message":"connect ECONNREFUSED ::1:32825","stack":"Error: connect ECONNREFUSED ::1:32825\n    at createConnectionError (node:net:2062:14)\n    at afterConnectMultiple (node:net:2092:16)","errno":-111,"code":"ECONNREFUSED","syscall":"connect","address":"::1","port":32825},{"type":"Error","message":"connect ECONNREFUSED 127.0.0.1:32825","stack":"Error: connect ECONNREFUSED 127.0.0.1:32825\n    at createConnectionError (node:net:2062:14)\n    at afterConnectMultiple (node:net:2092:16)","errno":-111,"code":"ECONNREFUSED","syscall":"connect","address":"127.0.0.1","port":32825}],"code":"ECONNREFUSED"},"msg":"Cross-process event bridge listener failed"}
{"level":40,"time":1789709348382,"pid":123473,"hostname":"cursor","name":"events","err":{"type":"AggregateError","message":"","stack":"AggregateError: \n    at internalConnectMultiple (node:net:1430:18)\n    at afterConnectMultiple (node:net:2099:7)","aggregateErrors":[{"type":"Error","message":"connect ECONNREFUSED ::1:32825","stack":"Error: connect ECONNREFUSED ::1:32825\n    at createConnectionError (node:net:2062:14)\n    at afterConnectMultiple (node:net:2092:16)","errno":-111,"code":"ECONNREFUSED","syscall":"connect","address":"::1","port":32825},{"type":"Error","message":"connect ECONNREFUSED 127.0.0.1:32825","stack":"Error: connect ECONNREFUSED 127.0.0.1:32825\n    at createConnectionError (node:net:2062:14)\n    at afterConnectMultiple (node:net:2092:16)","errno":-111,"code":"ECONNREFUSED","syscall":"connect","address":"127.0.0.1","port":32825}],"code":"ECONNREFUSED"},"msg":"Cross-process event bridge listener failed"}
{"level":40,"time":1789709349385,"pid":123473,"hostname":"cursor","name":"events","err":{"type":"AggregateError","message":"","stack":"AggregateError: \n    at internalConnectMultiple (node:net:1430:18)\n    at afterConnectMultiple (node:net:2099:7)","aggregateErrors":[{"type":"Error","message":"connect ECONNREFUSED ::1:32825","stack":"Error: connect ECONNREFUSED ::1:32825\n    at createConnectionError (node:net:2062:14)\n    at afterConnectMultiple (node:net:2092:16)","errno":-111,"code":"ECONNREFUSED","syscall":"connect","address":"::1","port":32825},{"type":"Error","message":"connect ECONNREFUSED 127.0.0.1:32825","stack":"Error: connect ECONNREFUSED 127.0.0.1:32825\n    at createConnectionError (node:net:2062:14)\n    at afterConnectMultiple (node:net:2092:16)","errno":-111,"code":"ECONNREFUSED","syscall":"connect","address":"127.0.0.1","port":32825}],"code":"ECONNREFUSED"},"msg":"Cross-process event bridge listener failed"}
{"level":40,"time":1789709350388,"pid":123473,"hostname":"cursor","name":"events","err":{"type":"AggregateError","message":"","stack":"AggregateError: \n    at internalConnectMultiple (node:net:1430:18)\n    at afterConnectMultiple (node:net:2099:7)","aggregateErrors":[{"type":"Error","message":"connect ECONNREFUSED ::1:32825","stack":"Error: connect ECONNREFUSED ::1:32825\n    at createConnectionError (node:net:2062:14)\n    at afterConnectMultiple (node:net:2092:16)","errno":-111,"code":"ECONNREFUSED","syscall":"connect","address":"::1","port":32825},{"type":"Error","message":"connect ECONNREFUSED 127.0.0.1:32825","stack":"Error: connect ECONNREFUSED 127.0.0.1:32825\n    at createConnectionError (node:net:2062:14)\n    at afterConnectMultiple (node:net:2092:16)","errno":-111,"code":"ECONNREFUSED","syscall":"connect","address":"127.0.0.1","port":32825}],"code":"ECONNREFUSED"},"msg":"Cross-process event bridge listener failed"}
{"level":40,"time":1789709351390,"pid":123473,"hostname":"cursor","name":"events","err":{"type":"AggregateError","message":"","stack":"AggregateError: \n    at internalConnectMultiple (node:net:1430:18)\n    at afterConnectMultiple (node:net:2099:7)","aggregateErrors":[{"type":"Error","message":"connect ECONNREFUSED ::1:32825","stack":"Error: connect ECONNREFUSED ::1:32825\n    at createConnectionError (node:net:2062:14)\n    at afterConnectMultiple (node:net:2092:16)","errno":-111,"code":"ECONNREFUSED","syscall":"connect","address":"::1","port":32825},{"type":"Error","message":"connect ECONNREFUSED 127.0.0.1:32825","stack":"Error: connect ECONNREFUSED 127.0.0.1:32825\n    at createConnectionError (node:net:2062:14)\n    at afterConnectMultiple (node:net:2092:16)","errno":-111,"code":"ECONNREFUSED","syscall":"connect","address":"127.0.0.1","port":32825}],"code":"ECONNREFUSED"},"msg":"Cross-process event bridge listener failed"}
{"level":40,"time":1789709352393,"pid":123473,"hostname":"cursor","name":"events","err":{"type":"AggregateError","message":"","stack":"AggregateError: \n    at internalConnectMultiple (node:net:1430:18)\n    at afterConnectMultiple (node:net:2099:7)","aggregateErrors":[{"type":"Error","message":"connect ECONNREFUSED ::1:32825","stack":"Error: connect ECONNREFUSED ::1:32825\n    at createConnectionError (node:net:2062:14)\n    at afterConnectMultiple (node:net:2092:16)","errno":-111,"code":"ECONNREFUSED","syscall":"connect","address":"::1","port":32825},{"type":"Error","message":"connect ECONNREFUSED 127.0.0.1:32825","stack":"Error: connect ECONNREFUSED 127.0.0.1:32825\n    at createConnectionError (node:net:2062:14)\n    at afterConnectMultiple (node:net:2092:16)","errno":-111,"code":"ECONNREFUSED","syscall":"connect","address":"127.0.0.1","port":32825}],"code":"ECONNREFUSED"},"msg":"Cross-process event bridge listener failed"}
{"level":40,"time":1789709353395,"pid":123473,"hostname":"cursor","name":"events","err":{"type":"AggregateError","message":"","stack":"AggregateError: \n    at internalConnectMultiple (node:net:1430:18)\n    at afterConnectMultiple (node:net:2099:7)","aggregateErrors":[{"type":"Error","message":"connect ECONNREFUSED ::1:32825","stack":"Error: connect ECONNREFUSED ::1:32825\n    at createConnectionError (node:net:2062:14)\n    at afterConnectMultiple (node:net:2092:16)","errno":-111,"code":"ECONNREFUSED","syscall":"connect","address":"::1","port":32825},{"type":"Error","message":"connect ECONNREFUSED 127.0.0.1:32825","stack":"Error: connect ECONNREFUSED 127.0.0.1:32825\n    at createConnectionError (node:net:2062:14)\n    at afterConnectMultiple (node:net:2092:16)","errno":-111,"code":"ECONNREFUSED","syscall":"connect","address":"127.0.0.1","port":32825}],"code":"ECONNREFUSED"},"msg":"Cross-process event bridge listener failed"}
{"level":40,"time":1789709354397,"pid":123473,"hostname":"cursor","name":"events","err":{"type":"AggregateError","message":"","stack":"AggregateError: \n    at internalConnectMultiple (node:net:1430:18)\n    at afterConnectMultiple (node:net:2099:7)","aggregateErrors":[{"type":"Error","message":"connect ECONNREFUSED ::1:32825","stack":"Error: connect ECONNREFUSED ::1:32825\n    at createConnectionError (node:net:2062:14)\n    at afterConnectMultiple (node:net:2092:16)","errno":-111,"code":"ECONNREFUSED","syscall":"connect","address":"::1","port":32825},{"type":"Error","message":"connect ECONNREFUSED 127.0.0.1:32825","stack":"Error: connect ECONNREFUSED 127.0.0.1:32825\n    at createConnectionError (node:net:2062:14)\n    at afterConnectMultiple (node:net:2092:16)","errno":-111,"code":"ECONNREFUSED","syscall":"connect","address":"127.0.0.1","port":32825}],"code":"ECONNREFUSED"},"msg":"Cross-process event bridge listener failed"}
{"level":40,"time":1789709355406,"pid":123473,"hostname":"cursor","name":"events","err":{"type":"AggregateError","message":"","stack":"AggregateError: \n    at internalConnectMultiple (node:net:1430:18)\n    at afterConnectMultiple (node:net:2099:7)","aggregateErrors":[{"type":"Error","message":"connect ECONNREFUSED ::1:32825","stack":"Error: connect ECONNREFUSED ::1:32825\n    at createConnectionError (node:net:2062:14)\n    at afterConnectMultiple (node:net:2092:16)","errno":-111,"code":"ECONNREFUSED","syscall":"connect","address":"::1","port":32825},{"type":"Error","message":"connect ECONNREFUSED 127.0.0.1:32825","stack":"Error: connect ECONNREFUSED 127.0.0.1:32825\n    at createConnectionError (node:net:2062:14)\n    at afterConnectMultiple (node:net:2092:16)","errno":-111,"code":"ECONNREFUSED","syscall":"connect","address":"127.0.0.1","port":32825}],"code":"ECONNREFUSED"},"msg":"Cross-process event bridge listener failed"}
{"level":40,"time":1789709356409,"pid":123473,"hostname":"cursor","name":"events","err":{"type":"AggregateError","message":"","stack":"AggregateError: \n    at internalConnectMultiple (node:net:1430:18)\n    at afterConnectMultiple (node:net:2099:7)","aggregateErrors":[{"type":"Error","message":"connect ECONNREFUSED ::1:32825","stack":"Error: connect ECONNREFUSED ::1:32825\n    at createConnectionError (node:net:2062:14)\n    at afterConnectMultiple (node:net:2092:16)","errno":-111,"code":"ECONNREFUSED","syscall":"connect","address":"::1","port":32825},{"type":"Error","message":"connect ECONNREFUSED 127.0.0.1:32825","stack":"Error: connect ECONNREFUSED 127.0.0.1:32825\n    at createConnectionError (node:net:2062:14)\n    at afterConnectMultiple (node:net:2092:16)","errno":-111,"code":"ECONNREFUSED","syscall":"connect","address":"127.0.0.1","port":32825}],"code":"ECONNREFUSED"},"msg":"Cross-process event bridge listener failed"}
{"level":40,"time":1789709357412,"pid":123473,"hostname":"cursor","name":"events","err":{"type":"AggregateError","message":"","stack":"AggregateError: \n    at internalConnectMultiple (node:net:1430:18)\n    at afterConnectMultiple (node:net:2099:7)","aggregateErrors":[{"type":"Error","message":"connect ECONNREFUSED ::1:32825","stack":"Error: connect ECONNREFUSED ::1:32825\n    at createConnectionError (node:net:2062:14)\n    at afterConnectMultiple (node:net:2092:16)","errno":-111,"code":"ECONNREFUSED","syscall":"connect","address":"::1","port":32825},{"type":"Error","message":"connect ECONNREFUSED 127.0.0.1:32825","stack":"Error: connect ECONNREFUSED 127.0.0.1:32825\n    at createConnectionError (node:net:2062:14)\n    at afterConnectMultiple (node:net:2092:16)","errno":-111,"code":"ECONNREFUSED","syscall":"connect","address":"127.0.0.1","port":32825}],"code":"ECONNREFUSED"},"msg":"Cross-process event bridge listener failed"}
{"level":40,"time":1789709358416,"pid":123473,"hostname":"cursor","name":"events","err":{"type":"AggregateError","message":"","stack":"AggregateError: \n    at internalConnectMultiple (node:net:1430:18)\n    at afterConnectMultiple (node:net:2099:7)","aggregateErrors":[{"type":"Error","message":"connect ECONNREFUSED ::1:32825","stack":"Error: connect ECONNREFUSED ::1:32825\n    at createConnectionError (node:net:2062:14)\n    at afterConnectMultiple (node:net:2092:16)","errno":-111,"code":"ECONNREFUSED","syscall":"connect","address":"::1","port":32825},{"type":"Error","message":"connect ECONNREFUSED 127.0.0.1:32825","stack":"Error: connect ECONNREFUSED 127.0.0.1:32825\n    at createConnectionError (node:net:2062:14)\n    at afterConnectMultiple (node:net:2092:16)","errno":-111,"code":"ECONNREFUSED","syscall":"connect","address":"127.0.0.1","port":32825}],"code":"ECONNREFUSED"},"msg":"Cross-process event bridge listener failed"}
{"level":40,"time":1789709359446,"pid":123473,"hostname":"cursor","name":"events","err":{"type":"AggregateError","message":"","stack":"AggregateError: \n    at internalConnectMultiple (node:net:1430:18)\n    at afterConnectMultiple (node:net:2099:7)","aggregateErrors":[{"type":"Error","message":"connect ECONNREFUSED ::1:32825","stack":"Error: connect ECONNREFUSED ::1:32825\n    at createConnectionError (node:net:2062:14)\n    at afterConnectMultiple (node:net:2092:16)","errno":-111,"code":"ECONNREFUSED","syscall":"connect","address":"::1","port":32825},{"type":"Error","message":"connect ECONNREFUSED 127.0.0.1:32825","stack":"Error: connect ECONNREFUSED 127.0.0.1:32825\n    at createConnectionError (node:net:2062:14)\n    at afterConnectMultiple (node:net:2092:16)","errno":-111,"code":"ECONNREFUSED","syscall":"connect","address":"127.0.0.1","port":32825}],"code":"ECONNREFUSED"},"msg":"Cross-process event bridge listener failed"}
{"level":40,"time":1789709360449,"pid":123473,"hostname":"cursor","name":"events","err":{"type":"AggregateError","message":"","stack":"AggregateError: \n    at internalConnectMultiple (node:net:1430:18)\n    at afterConnectMultiple (node:net:2099:7)","aggregateErrors":[{"type":"Error","message":"connect ECONNREFUSED ::1:32825","stack":"Error: connect ECONNREFUSED ::1:32825\n    at createConnectionError (node:net:2062:14)\n    at afterConnectMultiple (node:net:2092:16)","errno":-111,"code":"ECONNREFUSED","syscall":"connect","address":"::1","port":32825},{"type":"Error","message":"connect ECONNREFUSED 127.0.0.1:32825","stack":"Error: connect ECONNREFUSED 127.0.0.1:32825\n    at createConnectionError (node:net:2062:14)\n    at afterConnectMultiple (node:net:2092:16)","errno":-111,"code":"ECONNREFUSED","syscall":"connect","address":"127.0.0.1","port":32825}],"code":"ECONNREFUSED"},"msg":"Cross-process event bridge listener failed"}
{"level":40,"time":1789709361452,"pid":123473,"hostname":"cursor","name":"events","err":{"type":"AggregateError","message":"","stack":"AggregateError: \n    at internalConnectMultiple (node:net:1430:18)\n    at afterConnectMultiple (node:net:2099:7)","aggregateErrors":[{"type":"Error","message":"connect ECONNREFUSED ::1:32825","stack":"Error: connect ECONNREFUSED ::1:32825\n    at createConnectionError (node:net:2062:14)\n    at afterConnectMultiple (node:net:2092:16)","errno":-111,"code":"ECONNREFUSED","syscall":"connect","address":"::1","port":32825},{"type":"Error","message":"connect ECONNREFUSED 127.0.0.1:32825","stack":"Error: connect ECONNREFUSED 127.0.0.1:32825\n    at createConnectionError (node:net:2062:14)\n    at afterConnectMultiple (node:net:2092:16)","errno":-111,"code":"ECONNREFUSED","syscall":"connect","address":"127.0.0.1","port":32825}],"code":"ECONNREFUSED"},"msg":"Cross-process event bridge listener failed"}
{"level":40,"time":1789709362456,"pid":123473,"hostname":"cursor","name":"events","err":{"type":"AggregateError","message":"","stack":"AggregateError: \n    at internalConnectMultiple (node:net:1430:18)\n    at afterConnectMultiple (node:net:2099:7)","aggregateErrors":[{"type":"Error","message":"connect ECONNREFUSED ::1:32825","stack":"Error: connect ECONNREFUSED ::1:32825\n    at createConnectionError (node:net:2062:14)\n    at afterConnectMultiple (node:net:2092:16)","errno":-111,"code":"ECONNREFUSED","syscall":"connect","address":"::1","port":32825},{"type":"Error","message":"connect ECONNREFUSED 127.0.0.1:32825","stack":"Error: connect ECONNREFUSED 127.0.0.1:32825\n    at createConnectionError (node:net:2062:14)\n    at afterConnectMultiple (node:net:2092:16)","errno":-111,"code":"ECONNREFUSED","syscall":"connect","address":"127.0.0.1","port":32825}],"code":"ECONNREFUSED"},"msg":"Cross-process event bridge listener failed"}
{"level":40,"time":1789709363458,"pid":123473,"hostname":"cursor","name":"events","err":{"type":"AggregateError","message":"","stack":"AggregateError: \n    at internalConnectMultiple (node:net:1430:18)\n    at afterConnectMultiple (node:net:2099:7)","aggregateErrors":[{"type":"Error","message":"connect ECONNREFUSED ::1:32825","stack":"Error: connect ECONNREFUSED ::1:32825\n    at createConnectionError (node:net:2062:14)\n    at afterConnectMultiple (node:net:2092:16)","errno":-111,"code":"ECONNREFUSED","syscall":"connect","address":"::1","port":32825},{"type":"Error","message":"connect ECONNREFUSED 127.0.0.1:32825","stack":"Error: connect ECONNREFUSED 127.0.0.1:32825\n    at createConnectionError (node:net:2062:14)\n    at afterConnectMultiple (node:net:2092:16)","errno":-111,"code":"ECONNREFUSED","syscall":"connect","address":"127.0.0.1","port":32825}],"code":"ECONNREFUSED"},"msg":"Cross-process event bridge listener failed"}
{"level":40,"time":1789709364461,"pid":123473,"hostname":"cursor","name":"events","err":{"type":"AggregateError","message":"","stack":"AggregateError: \n    at internalConnectMultiple (node:net:1430:18)\n    at afterConnectMultiple (node:net:2099:7)","aggregateErrors":[{"type":"Error","message":"connect ECONNREFUSED ::1:32825","stack":"Error: connect ECONNREFUSED ::1:32825\n    at createConnectionError (node:net:2062:14)\n    at afterConnectMultiple (node:net:2092:16)","errno":-111,"code":"ECONNREFUSED","syscall":"connect","address":"::1","port":32825},{"type":"Error","message":"connect ECONNREFUSED 127.0.0.1:32825","stack":"Error: connect ECONNREFUSED 127.0.0.1:32825\n    at createConnectionError (node:net:2062:14)\n    at afterConnectMultiple (node:net:2092:16)","errno":-111,"code":"ECONNREFUSED","syscall":"connect","address":"127.0.0.1","port":32825}],"code":"ECONNREFUSED"},"msg":"Cross-process event bridge listener failed"}
{"level":40,"time":1789709365463,"pid":123473,"hostname":"cursor","name":"events","err":{"type":"AggregateError","message":"","stack":"AggregateError: \n    at internalConnectMultiple (node:net:1430:18)\n    at afterConnectMultiple (node:net:2099:7)","aggregateErrors":[{"type":"Error","message":"connect ECONNREFUSED ::1:32825","stack":"Error: connect ECONNREFUSED ::1:32825\n    at createConnectionError (node:net:2062:14)\n    at afterConnectMultiple (node:net:2092:16)","errno":-111,"code":"ECONNREFUSED","syscall":"connect","address":"::1","port":32825},{"type":"Error","message":"connect ECONNREFUSED 127.0.0.1:32825","stack":"Error: connect ECONNREFUSED 127.0.0.1:32825\n    at createConnectionError (node:net:2062:14)\n    at afterConnectMultiple (node:net:2092:16)","errno":-111,"code":"ECONNREFUSED","syscall":"connect","address":"127.0.0.1","port":32825}],"code":"ECONNREFUSED"},"msg":"Cross-process event bridge listener failed"}
{"level":40,"time":1789709366467,"pid":123473,"hostname":"cursor","name":"events","err":{"type":"AggregateError","message":"","stack":"AggregateError: \n    at internalConnectMultiple (node:net:1430:18)\n    at afterConnectMultiple (node:net:2099:7)","aggregateErrors":[{"type":"Error","message":"connect ECONNREFUSED ::1:32825","stack":"Error: connect ECONNREFUSED ::1:32825\n    at createConnectionError (node:net:2062:14)\n    at afterConnectMultiple (node:net:2092:16)","errno":-111,"code":"ECONNREFUSED","syscall":"connect","address":"::1","port":32825},{"type":"Error","message":"connect ECONNREFUSED 127.0.0.1:32825","stack":"Error: connect ECONNREFUSED 127.0.0.1:32825\n    at createConnectionError (node:net:2062:14)\n    at afterConnectMultiple (node:net:2092:16)","errno":-111,"code":"ECONNREFUSED","syscall":"connect","address":"127.0.0.1","port":32825}],"code":"ECONNREFUSED"},"msg":"Cross-process event bridge listener failed"}
{"level":40,"time":1789709367470,"pid":123473,"hostname":"cursor","name":"events","err":{"type":"AggregateError","message":"","stack":"AggregateError: \n    at internalConnectMultiple (node:net:1430:18)\n    at afterConnectMultiple (node:net:2099:7)","aggregateErrors":[{"type":"Error","message":"connect ECONNREFUSED ::1:32825","stack":"Error: connect ECONNREFUSED ::1:32825\n    at createConnectionError (node:net:2062:14)\n    at afterConnectMultiple (node:net:2092:16)","errno":-111,"code":"ECONNREFUSED","syscall":"connect","address":"::1","port":32825},{"type":"Error","message":"connect ECONNREFUSED 127.0.0.1:32825","stack":"Error: connect ECONNREFUSED 127.0.0.1:32825\n    at createConnectionError (node:net:2062:14)\n    at afterConnectMultiple (node:net:2092:16)","errno":-111,"code":"ECONNREFUSED","syscall":"connect","address":"127.0.0.1","port":32825}],"code":"ECONNREFUSED"},"msg":"Cross-process event bridge listener failed"}
{"level":40,"time":1789709368474,"pid":123473,"hostname":"cursor","name":"events","err":{"type":"AggregateError","message":"","stack":"AggregateError: \n    at internalConnectMultiple (node:net:1430:18)\n    at afterConnectMultiple (node:net:2099:7)","aggregateErrors":[{"type":"Error","message":"connect ECONNREFUSED ::1:32825","stack":"Error: connect ECONNREFUSED ::1:32825\n    at createConnectionError (node:net:2062:14)\n    at afterConnectMultiple (node:net:2092:16)","errno":-111,"code":"ECONNREFUSED","syscall":"connect","address":"::1","port":32825},{"type":"Error","message":"connect ECONNREFUSED 127.0.0.1:32825","stack":"Error: connect ECONNREFUSED 127.0.0.1:32825\n    at createConnectionError (node:net:2062:14)\n    at afterConnectMultiple (node:net:2092:16)","errno":-111,"code":"ECONNREFUSED","syscall":"connect","address":"127.0.0.1","port":32825}],"code":"ECONNREFUSED"},"msg":"Cross-process event bridge listener failed"}
{"level":40,"time":1789709369478,"pid":123473,"hostname":"cursor","name":"events","err":{"type":"AggregateError","message":"","stack":"AggregateError: \n    at internalConnectMultiple (node:net:1430:18)\n    at afterConnectMultiple (node:net:2099:7)","aggregateErrors":[{"type":"Error","message":"connect ECONNREFUSED ::1:32825","stack":"Error: connect ECONNREFUSED ::1:32825\n    at createConnectionError (node:net:2062:14)\n    at afterConnectMultiple (node:net:2092:16)","errno":-111,"code":"ECONNREFUSED","syscall":"connect","address":"::1","port":32825},{"type":"Error","message":"connect ECONNREFUSED 127.0.0.1:32825","stack":"Error: connect ECONNREFUSED 127.0.0.1:32825\n    at createConnectionError (node:net:2062:14)\n    at afterConnectMultiple (node:net:2092:16)","errno":-111,"code":"ECONNREFUSED","syscall":"connect","address":"127.0.0.1","port":32825}],"code":"ECONNREFUSED"},"msg":"Cross-process event bridge listener failed"}
{"level":40,"time":1789709370481,"pid":123473,"hostname":"cursor","name":"events","err":{"type":"AggregateError","message":"","stack":"AggregateError: \n    at internalConnectMultiple (node:net:1430:18)\n    at afterConnectMultiple (node:net:2099:7)","aggregateErrors":[{"type":"Error","message":"connect ECONNREFUSED ::1:32825","stack":"Error: connect ECONNREFUSED ::1:32825\n    at createConnectionError (node:net:2062:14)\n    at afterConnectMultiple (node:net:2092:16)","errno":-111,"code":"ECONNREFUSED","syscall":"connect","address":"::1","port":32825},{"type":"Error","message":"connect ECONNREFUSED 127.0.0.1:32825","stack":"Error: connect ECONNREFUSED 127.0.0.1:32825\n    at createConnectionError (node:net:2062:14)\n    at afterConnectMultiple (node:net:2092:16)","errno":-111,"code":"ECONNREFUSED","syscall":"connect","address":"127.0.0.1","port":32825}],"code":"ECONNREFUSED"},"msg":"Cross-process event bridge listener failed"}
{"level":40,"time":1789709371483,"pid":123473,"hostname":"cursor","name":"events","err":{"type":"AggregateError","message":"","stack":"AggregateError: \n    at internalConnectMultiple (node:net:1430:18)\n    at afterConnectMultiple (node:net:2099:7)","aggregateErrors":[{"type":"Error","message":"connect ECONNREFUSED ::1:32825","stack":"Error: connect ECONNREFUSED ::1:32825\n    at createConnectionError (node:net:2062:14)\n    at afterConnectMultiple (node:net:2092:16)","errno":-111,"code":"ECONNREFUSED","syscall":"connect","address":"::1","port":32825},{"type":"Error","message":"connect ECONNREFUSED 127.0.0.1:32825","stack":"Error: connect ECONNREFUSED 127.0.0.1:32825\n    at createConnectionError (node:net:2062:14)\n    at afterConnectMultiple (node:net:2092:16)","errno":-111,"code":"ECONNREFUSED","syscall":"connect","address":"127.0.0.1","port":32825}],"code":"ECONNREFUSED"},"msg":"Cross-process event bridge listener failed"}
{"level":40,"time":1789709372487,"pid":123473,"hostname":"cursor","name":"events","err":{"type":"AggregateError","message":"","stack":"AggregateError: \n    at internalConnectMultiple (node:net:1430:18)\n    at afterConnectMultiple (node:net:2099:7)","aggregateErrors":[{"type":"Error","message":"connect ECONNREFUSED ::1:32825","stack":"Error: connect ECONNREFUSED ::1:32825\n    at createConnectionError (node:net:2062:14)\n    at afterConnectMultiple (node:net:2092:16)","errno":-111,"code":"ECONNREFUSED","syscall":"connect","address":"::1","port":32825},{"type":"Error","message":"connect ECONNREFUSED 127.0.0.1:32825","stack":"Error: connect ECONNREFUSED 127.0.0.1:32825\n    at createConnectionError (node:net:2062:14)\n    at afterConnectMultiple (node:net:2092:16)","errno":-111,"code":"ECONNREFUSED","syscall":"connect","address":"127.0.0.1","port":32825}],"code":"ECONNREFUSED"},"msg":"Cross-process event bridge listener failed"}
{"level":40,"time":1789709373492,"pid":123473,"hostname":"cursor","name":"events","err":{"type":"AggregateError","message":"","stack":"AggregateError: \n    at internalConnectMultiple (node:net:1430:18)\n    at afterConnectMultiple (node:net:2099:7)","aggregateErrors":[{"type":"Error","message":"connect ECONNREFUSED ::1:32825","stack":"Error: connect ECONNREFUSED ::1:32825\n    at createConnectionError (node:net:2062:14)\n    at afterConnectMultiple (node:net:2092:16)","errno":-111,"code":"ECONNREFUSED","syscall":"connect","address":"::1","port":32825},{"type":"Error","message":"connect ECONNREFUSED 127.0.0.1:32825","stack":"Error: connect ECONNREFUSED 127.0.0.1:32825\n    at createConnectionError (node:net:2062:14)\n    at afterConnectMultiple (node:net:2092:16)","errno":-111,"code":"ECONNREFUSED","syscall":"connect","address":"127.0.0.1","port":32825}],"code":"ECONNREFUSED"},"msg":"Cross-process event bridge listener failed"}
{"level":40,"time":1789709374495,"pid":123473,"hostname":"cursor","name":"events","err":{"type":"AggregateError","message":"","stack":"AggregateError: \n    at internalConnectMultiple (node:net:1430:18)\n    at afterConnectMultiple (node:net:2099:7)","aggregateErrors":[{"type":"Error","message":"connect ECONNREFUSED ::1:32825","stack":"Error: connect ECONNREFUSED ::1:32825\n    at createConnectionError (node:net:2062:14)\n    at afterConnectMultiple (node:net:2092:16)","errno":-111,"code":"ECONNREFUSED","syscall":"connect","address":"::1","port":32825},{"type":"Error","message":"connect ECONNREFUSED 127.0.0.1:32825","stack":"Error: connect ECONNREFUSED 127.0.0.1:32825\n    at createConnectionError (node:net:2062:14)\n    at afterConnectMultiple (node:net:2092:16)","errno":-111,"code":"ECONNREFUSED","syscall":"connect","address":"127.0.0.1","port":32825}],"code":"ECONNREFUSED"},"msg":"Cross-process event bridge listener failed"}
{"level":40,"time":1789709375500,"pid":123473,"hostname":"cursor","name":"events","err":{"type":"AggregateError","message":"","stack":"AggregateError: \n    at internalConnectMultiple (node:net:1430:18)\n    at afterConnectMultiple (node:net:2099:7)","aggregateErrors":[{"type":"Error","message":"connect ECONNREFUSED ::1:32825","stack":"Error: connect ECONNREFUSED ::1:32825\n    at createConnectionError (node:net:2062:14)\n    at afterConnectMultiple (node:net:2092:16)","errno":-111,"code":"ECONNREFUSED","syscall":"connect","address":"::1","port":32825},{"type":"Error","message":"connect ECONNREFUSED 127.0.0.1:32825","stack":"Error: connect ECONNREFUSED 127.0.0.1:32825\n    at createConnectionError (node:net:2062:14)\n    at afterConnectMultiple (node:net:2092:16)","errno":-111,"code":"ECONNREFUSED","syscall":"connect","address":"127.0.0.1","port":32825}],"code":"ECONNREFUSED"},"msg":"Cross-process event bridge listener failed"}
{"level":40,"time":1789709376503,"pid":123473,"hostname":"cursor","name":"events","err":{"type":"AggregateError","message":"","stack":"AggregateError: \n    at internalConnectMultiple (node:net:1430:18)\n    at afterConnectMultiple (node:net:2099:7)","aggregateErrors":[{"type":"Error","message":"connect ECONNREFUSED ::1:32825","stack":"Error: connect ECONNREFUSED ::1:32825\n    at createConnectionError (node:net:2062:14)\n    at afterConnectMultiple (node:net:2092:16)","errno":-111,"code":"ECONNREFUSED","syscall":"connect","address":"::1","port":32825},{"type":"Error","message":"connect ECONNREFUSED 127.0.0.1:32825","stack":"Error: connect ECONNREFUSED 127.0.0.1:32825\n    at createConnectionError (node:net:2062:14)\n    at afterConnectMultiple (node:net:2092:16)","errno":-111,"code":"ECONNREFUSED","syscall":"connect","address":"127.0.0.1","port":32825}],"code":"ECONNREFUSED"},"msg":"Cross-process event bridge listener failed"}
{"level":40,"time":1789709377507,"pid":123473,"hostname":"cursor","name":"events","err":{"type":"AggregateError","message":"","stack":"AggregateError: \n    at internalConnectMultiple (node:net:1430:18)\n    at afterConnectMultiple (node:net:2099:7)","aggregateErrors":[{"type":"Error","message":"connect ECONNREFUSED ::1:32825","stack":"Error: connect ECONNREFUSED ::1:32825\n    at createConnectionError (node:net:2062:14)\n    at afterConnectMultiple (node:net:2092:16)","errno":-111,"code":"ECONNREFUSED","syscall":"connect","address":"::1","port":32825},{"type":"Error","message":"connect ECONNREFUSED 127.0.0.1:32825","stack":"Error: connect ECONNREFUSED 127.0.0.1:32825\n    at createConnectionError (node:net:2062:14)\n    at afterConnectMultiple (node:net:2092:16)","errno":-111,"code":"ECONNREFUSED","syscall":"connect","address":"127.0.0.1","port":32825}],"code":"ECONNREFUSED"},"msg":"Cross-process event bridge listener failed"}
{"level":40,"time":1789709378509,"pid":123473,"hostname":"cursor","name":"events","err":{"type":"AggregateError","message":"","stack":"AggregateError: \n    at internalConnectMultiple (node:net:1430:18)\n    at afterConnectMultiple (node:net:2099:7)","aggregateErrors":[{"type":"Error","message":"connect ECONNREFUSED ::1:32825","stack":"Error: connect ECONNREFUSED ::1:32825\n    at createConnectionError (node:net:2062:14)\n    at afterConnectMultiple (node:net:2092:16)","errno":-111,"code":"ECONNREFUSED","syscall":"connect","address":"::1","port":32825},{"type":"Error","message":"connect ECONNREFUSED 127.0.0.1:32825","stack":"Error: connect ECONNREFUSED 127.0.0.1:32825\n    at createConnectionError (node:net:2062:14)\n    at afterConnectMultiple (node:net:2092:16)","errno":-111,"code":"ECONNREFUSED","syscall":"connect","address":"127.0.0.1","port":32825}],"code":"ECONNREFUSED"},"msg":"Cross-process event bridge listener failed"}
{"level":40,"time":1789709379511,"pid":123473,"hostname":"cursor","name":"events","err":{"type":"AggregateError","message":"","stack":"AggregateError: \n    at internalConnectMultiple (node:net:1430:18)\n    at afterConnectMultiple (node:net:2099:7)","aggregateErrors":[{"type":"Error","message":"connect ECONNREFUSED ::1:32825","stack":"Error: connect ECONNREFUSED ::1:32825\n    at createConnectionError (node:net:2062:14)\n    at afterConnectMultiple (node:net:2092:16)","errno":-111,"code":"ECONNREFUSED","syscall":"connect","address":"::1","port":32825},{"type":"Error","message":"connect ECONNREFUSED 127.0.0.1:32825","stack":"Error: connect ECONNREFUSED 127.0.0.1:32825\n    at createConnectionError (node:net:2062:14)\n    at afterConnectMultiple (node:net:2092:16)","errno":-111,"code":"ECONNREFUSED","syscall":"connect","address":"127.0.0.1","port":32825}],"code":"ECONNREFUSED"},"msg":"Cross-process event bridge listener failed"}
{"level":40,"time":1789709380514,"pid":123473,"hostname":"cursor","name":"events","err":{"type":"AggregateError","message":"","stack":"AggregateError: \n    at internalConnectMultiple (node:net:1430:18)\n    at afterConnectMultiple (node:net:2099:7)","aggregateErrors":[{"type":"Error","message":"connect ECONNREFUSED ::1:32825","stack":"Error: connect ECONNREFUSED ::1:32825\n    at createConnectionError (node:net:2062:14)\n    at afterConnectMultiple (node:net:2092:16)","errno":-111,"code":"ECONNREFUSED","syscall":"connect","address":"::1","port":32825},{"type":"Error","message":"connect ECONNREFUSED 127.0.0.1:32825","stack":"Error: connect ECONNREFUSED 127.0.0.1:32825\n    at createConnectionError (node:net:2062:14)\n    at afterConnectMultiple (node:net:2092:16)","errno":-111,"code":"ECONNREFUSED","syscall":"connect","address":"127.0.0.1","port":32825}],"code":"ECONNREFUSED"},"msg":"Cross-process event bridge listener failed"}
{"level":40,"time":1789709381518,"pid":123473,"hostname":"cursor","name":"events","err":{"type":"AggregateError","message":"","stack":"AggregateError: \n    at internalConnectMultiple (node:net:1430:18)\n    at afterConnectMultiple (node:net:2099:7)","aggregateErrors":[{"type":"Error","message":"connect ECONNREFUSED ::1:32825","stack":"Error: connect ECONNREFUSED ::1:32825\n    at createConnectionError (node:net:2062:14)\n    at afterConnectMultiple (node:net:2092:16)","errno":-111,"code":"ECONNREFUSED","syscall":"connect","address":"::1","port":32825},{"type":"Error","message":"connect ECONNREFUSED 127.0.0.1:32825","stack":"Error: connect ECONNREFUSED 127.0.0.1:32825\n    at createConnectionError (node:net:2062:14)\n    at afterConnectMultiple (node:net:2092:16)","errno":-111,"code":"ECONNREFUSED","syscall":"connect","address":"127.0.0.1","port":32825}],"code":"ECONNREFUSED"},"msg":"Cross-process event bridge listener failed"}
{"level":40,"time":1789709382519,"pid":123473,"hostname":"cursor","name":"events","err":{"type":"AggregateError","message":"","stack":"AggregateError: \n    at internalConnectMultiple (node:net:1430:18)\n    at afterConnectMultiple (node:net:2099:7)","aggregateErrors":[{"type":"Error","message":"connect ECONNREFUSED ::1:32825","stack":"Error: connect ECONNREFUSED ::1:32825\n    at createConnectionError (node:net:2062:14)\n    at afterConnectMultiple (node:net:2092:16)","errno":-111,"code":"ECONNREFUSED","syscall":"connect","address":"::1","port":32825},{"type":"Error","message":"connect ECONNREFUSED 127.0.0.1:32825","stack":"Error: connect ECONNREFUSED 127.0.0.1:32825\n    at createConnectionError (node:net:2062:14)\n    at afterConnectMultiple (node:net:2092:16)","errno":-111,"code":"ECONNREFUSED","syscall":"connect","address":"127.0.0.1","port":32825}],"code":"ECONNREFUSED"},"msg":"Cross-process event bridge listener failed"}
{"level":40,"time":1789709383521,"pid":123473,"hostname":"cursor","name":"events","err":{"type":"AggregateError","message":"","stack":"AggregateError: \n    at internalConnectMultiple (node:net:1430:18)\n    at afterConnectMultiple (node:net:2099:7)","aggregateErrors":[{"type":"Error","message":"connect ECONNREFUSED ::1:32825","stack":"Error: connect ECONNREFUSED ::1:32825\n    at createConnectionError (node:net:2062:14)\n    at afterConnectMultiple (node:net:2092:16)","errno":-111,"code":"ECONNREFUSED","syscall":"connect","address":"::1","port":32825},{"type":"Error","message":"connect ECONNREFUSED 127.0.0.1:32825","stack":"Error: connect ECONNREFUSED 127.0.0.1:32825\n    at createConnectionError (node:net:2062:14)\n    at afterConnectMultiple (node:net:2092:16)","errno":-111,"code":"ECONNREFUSED","syscall":"connect","address":"127.0.0.1","port":32825}],"code":"ECONNREFUSED"},"msg":"Cross-process event bridge listener failed"}
{"level":40,"time":1789709384524,"pid":123473,"hostname":"cursor","name":"events","err":{"type":"AggregateError","message":"","stack":"AggregateError: \n    at internalConnectMultiple (node:net:1430:18)\n    at afterConnectMultiple (node:net:2099:7)","aggregateErrors":[{"type":"Error","message":"connect ECONNREFUSED ::1:32825","stack":"Error: connect ECONNREFUSED ::1:32825\n    at createConnectionError (node:net:2062:14)\n    at afterConnectMultiple (node:net:2092:16)","errno":-111,"code":"ECONNREFUSED","syscall":"connect","address":"::1","port":32825},{"type":"Error","message":"connect ECONNREFUSED 127.0.0.1:32825","stack":"Error: connect ECONNREFUSED 127.0.0.1:32825\n    at createConnectionError (node:net:2062:14)\n    at afterConnectMultiple (node:net:2092:16)","errno":-111,"code":"ECONNREFUSED","syscall":"connect","address":"127.0.0.1","port":32825}],"code":"ECONNREFUSED"},"msg":"Cross-process event bridge listener failed"}
{"level":40,"time":1789709385527,"pid":123473,"hostname":"cursor","name":"events","err":{"type":"AggregateError","message":"","stack":"AggregateError: \n    at internalConnectMultiple (node:net:1430:18)\n    at afterConnectMultiple (node:net:2099:7)","aggregateErrors":[{"type":"Error","message":"connect ECONNREFUSED ::1:32825","stack":"Error: connect ECONNREFUSED ::1:32825\n    at createConnectionError (node:net:2062:14)\n    at afterConnectMultiple (node:net:2092:16)","errno":-111,"code":"ECONNREFUSED","syscall":"connect","address":"::1","port":32825},{"type":"Error","message":"connect ECONNREFUSED 127.0.0.1:32825","stack":"Error: connect ECONNREFUSED 127.0.0.1:32825\n    at createConnectionError (node:net:2062:14)\n    at afterConnectMultiple (node:net:2092:16)","errno":-111,"code":"ECONNREFUSED","syscall":"connect","address":"127.0.0.1","port":32825}],"code":"ECONNREFUSED"},"msg":"Cross-process event bridge listener failed"}
{"level":40,"time":1789709386530,"pid":123473,"hostname":"cursor","name":"events","err":{"type":"AggregateError","message":"","stack":"AggregateError: \n    at internalConnectMultiple (node:net:1430:18)\n    at afterConnectMultiple (node:net:2099:7)","aggregateErrors":[{"type":"Error","message":"connect ECONNREFUSED ::1:32825","stack":"Error: connect ECONNREFUSED ::1:32825\n    at createConnectionError (node:net:2062:14)\n    at afterConnectMultiple (node:net:2092:16)","errno":-111,"code":"ECONNREFUSED","syscall":"connect","address":"::1","port":32825},{"type":"Error","message":"connect ECONNREFUSED 127.0.0.1:32825","stack":"Error: connect ECONNREFUSED 127.0.0.1:32825\n    at createConnectionError (node:net:2062:14)\n    at afterConnectMultiple (node:net:2092:16)","errno":-111,"code":"ECONNREFUSED","syscall":"connect","address":"127.0.0.1","port":32825}],"code":"ECONNREFUSED"},"msg":"Cross-process event bridge listener failed"}
{"level":40,"time":1789709387532,"pid":123473,"hostname":"cursor","name":"events","err":{"type":"AggregateError","message":"","stack":"AggregateError: \n    at internalConnectMultiple (node:net:1430:18)\n    at afterConnectMultiple (node:net:2099:7)","aggregateErrors":[{"type":"Error","message":"connect ECONNREFUSED ::1:32825","stack":"Error: connect ECONNREFUSED ::1:32825\n    at createConnectionError (node:net:2062:14)\n    at afterConnectMultiple (node:net:2092:16)","errno":-111,"code":"ECONNREFUSED","syscall":"connect","address":"::1","port":32825},{"type":"Error","message":"connect ECONNREFUSED 127.0.0.1:32825","stack":"Error: connect ECONNREFUSED 127.0.0.1:32825\n    at createConnectionError (node:net:2062:14)\n    at afterConnectMultiple (node:net:2092:16)","errno":-111,"code":"ECONNREFUSED","syscall":"connect","address":"127.0.0.1","port":32825}],"code":"ECONNREFUSED"},"msg":"Cross-process event bridge listener failed"}
{"level":40,"time":1789709388534,"pid":123473,"hostname":"cursor","name":"events","err":{"type":"AggregateError","message":"","stack":"AggregateError: \n    at internalConnectMultiple (node:net:1430:18)\n    at afterConnectMultiple (node:net:2099:7)","aggregateErrors":[{"type":"Error","message":"connect ECONNREFUSED ::1:32825","stack":"Error: connect ECONNREFUSED ::1:32825\n    at createConnectionError (node:net:2062:14)\n    at afterConnectMultiple (node:net:2092:16)","errno":-111,"code":"ECONNREFUSED","syscall":"connect","address":"::1","port":32825},{"type":"Error","message":"connect ECONNREFUSED 127.0.0.1:32825","stack":"Error: connect ECONNREFUSED 127.0.0.1:32825\n    at createConnectionError (node:net:2062:14)\n    at afterConnectMultiple (node:net:2092:16)","errno":-111,"code":"ECONNREFUSED","syscall":"connect","address":"127.0.0.1","port":32825}],"code":"ECONNREFUSED"},"msg":"Cross-process event bridge listener failed"}
{"level":40,"time":1789709389536,"pid":123473,"hostname":"cursor","name":"events","err":{"type":"AggregateError","message":"","stack":"AggregateError: \n    at internalConnectMultiple (node:net:1430:18)\n    at afterConnectMultiple (node:net:2099:7)","aggregateErrors":[{"type":"Error","message":"connect ECONNREFUSED ::1:32825","stack":"Error: connect ECONNREFUSED ::1:32825\n    at createConnectionError (node:net:2062:14)\n    at afterConnectMultiple (node:net:2092:16)","errno":-111,"code":"ECONNREFUSED","syscall":"connect","address":"::1","port":32825},{"type":"Error","message":"connect ECONNREFUSED 127.0.0.1:32825","stack":"Error: connect ECONNREFUSED 127.0.0.1:32825\n    at createConnectionError (node:net:2062:14)\n    at afterConnectMultiple (node:net:2092:16)","errno":-111,"code":"ECONNREFUSED","syscall":"connect","address":"127.0.0.1","port":32825}],"code":"ECONNREFUSED"},"msg":"Cross-process event bridge listener failed"}
{"level":40,"time":1789709390538,"pid":123473,"hostname":"cursor","name":"events","err":{"type":"AggregateError","message":"","stack":"AggregateError: \n    at internalConnectMultiple (node:net:1430:18)\n    at afterConnectMultiple (node:net:2099:7)","aggregateErrors":[{"type":"Error","message":"connect ECONNREFUSED ::1:32825","stack":"Error: connect ECONNREFUSED ::1:32825\n    at createConnectionError (node:net:2062:14)\n    at afterConnectMultiple (node:net:2092:16)","errno":-111,"code":"ECONNREFUSED","syscall":"connect","address":"::1","port":32825},{"type":"Error","message":"connect ECONNREFUSED 127.0.0.1:32825","stack":"Error: connect ECONNREFUSED 127.0.0.1:32825\n    at createConnectionError (node:net:2062:14)\n    at afterConnectMultiple (node:net:2092:16)","errno":-111,"code":"ECONNREFUSED","syscall":"connect","address":"127.0.0.1","port":32825}],"code":"ECONNREFUSED"},"msg":"Cross-process event bridge listener failed"}
{"level":40,"time":1789709391540,"pid":123473,"hostname":"cursor","name":"events","err":{"type":"AggregateError","message":"","stack":"AggregateError: \n    at internalConnectMultiple (node:net:1430:18)\n    at afterConnectMultiple (node:net:2099:7)","aggregateErrors":[{"type":"Error","message":"connect ECONNREFUSED ::1:32825","stack":"Error: connect ECONNREFUSED ::1:32825\n    at createConnectionError (node:net:2062:14)\n    at afterConnectMultiple (node:net:2092:16)","errno":-111,"code":"ECONNREFUSED","syscall":"connect","address":"::1","port":32825},{"type":"Error","message":"connect ECONNREFUSED 127.0.0.1:32825","stack":"Error: connect ECONNREFUSED 127.0.0.1:32825\n    at createConnectionError (node:net:2062:14)\n    at afterConnectMultiple (node:net:2092:16)","errno":-111,"code":"ECONNREFUSED","syscall":"connect","address":"127.0.0.1","port":32825}],"code":"ECONNREFUSED"},"msg":"Cross-process event bridge listener failed"}
{"level":40,"time":1789709392544,"pid":123473,"hostname":"cursor","name":"events","err":{"type":"AggregateError","message":"","stack":"AggregateError: \n    at internalConnectMultiple (node:net:1430:18)\n    at afterConnectMultiple (node:net:2099:7)","aggregateErrors":[{"type":"Error","message":"connect ECONNREFUSED ::1:32825","stack":"Error: connect ECONNREFUSED ::1:32825\n    at createConnectionError (node:net:2062:14)\n    at afterConnectMultiple (node:net:2092:16)","errno":-111,"code":"ECONNREFUSED","syscall":"connect","address":"::1","port":32825},{"type":"Error","message":"connect ECONNREFUSED 127.0.0.1:32825","stack":"Error: connect ECONNREFUSED 127.0.0.1:32825\n    at createConnectionError (node:net:2062:14)\n    at afterConnectMultiple (node:net:2092:16)","errno":-111,"code":"ECONNREFUSED","syscall":"connect","address":"127.0.0.1","port":32825}],"code":"ECONNREFUSED"},"msg":"Cross-process event bridge listener failed"}
{"level":40,"time":1789709393546,"pid":123473,"hostname":"cursor","name":"events","err":{"type":"AggregateError","message":"","stack":"AggregateError: \n    at internalConnectMultiple (node:net:1430:18)\n    at afterConnectMultiple (node:net:2099:7)","aggregateErrors":[{"type":"Error","message":"connect ECONNREFUSED ::1:32825","stack":"Error: connect ECONNREFUSED ::1:32825\n    at createConnectionError (node:net:2062:14)\n    at afterConnectMultiple (node:net:2092:16)","errno":-111,"code":"ECONNREFUSED","syscall":"connect","address":"::1","port":32825},{"type":"Error","message":"connect ECONNREFUSED 127.0.0.1:32825","stack":"Error: connect ECONNREFUSED 127.0.0.1:32825\n    at createConnectionError (node:net:2062:14)\n    at afterConnectMultiple (node:net:2092:16)","errno":-111,"code":"ECONNREFUSED","syscall":"connect","address":"127.0.0.1","port":32825}],"code":"ECONNREFUSED"},"msg":"Cross-process event bridge listener failed"}
{"level":40,"time":1789709394550,"pid":123473,"hostname":"cursor","name":"events","err":{"type":"AggregateError","message":"","stack":"AggregateError: \n    at internalConnectMultiple (node:net:1430:18)\n    at afterConnectMultiple (node:net:2099:7)","aggregateErrors":[{"type":"Error","message":"connect ECONNREFUSED ::1:32825","stack":"Error: connect ECONNREFUSED ::1:32825\n    at createConnectionError (node:net:2062:14)\n    at afterConnectMultiple (node:net:2092:16)","errno":-111,"code":"ECONNREFUSED","syscall":"connect","address":"::1","port":32825},{"type":"Error","message":"connect ECONNREFUSED 127.0.0.1:32825","stack":"Error: connect ECONNREFUSED 127.0.0.1:32825\n    at createConnectionError (node:net:2062:14)\n    at afterConnectMultiple (node:net:2092:16)","errno":-111,"code":"ECONNREFUSED","syscall":"connect","address":"127.0.0.1","port":32825}],"code":"ECONNREFUSED"},"msg":"Cross-process event bridge listener failed"}
{"level":40,"time":1789709395559,"pid":123473,"hostname":"cursor","name":"events","err":{"type":"AggregateError","message":"","stack":"AggregateError: \n    at internalConnectMultiple (node:net:1430:18)\n    at afterConnectMultiple (node:net:2099:7)","aggregateErrors":[{"type":"Error","message":"connect ECONNREFUSED ::1:32825","stack":"Error: connect ECONNREFUSED ::1:32825\n    at createConnectionError (node:net:2062:14)\n    at afterConnectMultiple (node:net:2092:16)","errno":-111,"code":"ECONNREFUSED","syscall":"connect","address":"::1","port":32825},{"type":"Error","message":"connect ECONNREFUSED 127.0.0.1:32825","stack":"Error: connect ECONNREFUSED 127.0.0.1:32825\n    at createConnectionError (node:net:2062:14)\n    at afterConnectMultiple (node:net:2092:16)","errno":-111,"code":"ECONNREFUSED","syscall":"connect","address":"127.0.0.1","port":32825}],"code":"ECONNREFUSED"},"msg":"Cross-process event bridge listener failed"}
{"level":40,"time":1789709396570,"pid":123473,"hostname":"cursor","name":"events","err":{"type":"AggregateError","message":"","stack":"AggregateError: \n    at internalConnectMultiple (node:net:1430:18)\n    at afterConnectMultiple (node:net:2099:7)","aggregateErrors":[{"type":"Error","message":"connect ECONNREFUSED ::1:32825","stack":"Error: connect ECONNREFUSED ::1:32825\n    at createConnectionError (node:net:2062:14)\n    at afterConnectMultiple (node:net:2092:16)","errno":-111,"code":"ECONNREFUSED","syscall":"connect","address":"::1","port":32825},{"type":"Error","message":"connect ECONNREFUSED 127.0.0.1:32825","stack":"Error: connect ECONNREFUSED 127.0.0.1:32825\n    at createConnectionError (node:net:2062:14)\n    at afterConnectMultiple (node:net:2092:16)","errno":-111,"code":"ECONNREFUSED","syscall":"connect","address":"127.0.0.1","port":32825}],"code":"ECONNREFUSED"},"msg":"Cross-process event bridge listener failed"}
{"level":40,"time":1789709397574,"pid":123473,"hostname":"cursor","name":"events","err":{"type":"AggregateError","message":"","stack":"AggregateError: \n    at internalConnectMultiple (node:net:1430:18)\n    at afterConnectMultiple (node:net:2099:7)","aggregateErrors":[{"type":"Error","message":"connect ECONNREFUSED ::1:32825","stack":"Error: connect ECONNREFUSED ::1:32825\n    at createConnectionError (node:net:2062:14)\n    at afterConnectMultiple (node:net:2092:16)","errno":-111,"code":"ECONNREFUSED","syscall":"connect","address":"::1","port":32825},{"type":"Error","message":"connect ECONNREFUSED 127.0.0.1:32825","stack":"Error: connect ECONNREFUSED 127.0.0.1:32825\n    at createConnectionError (node:net:2062:14)\n    at afterConnectMultiple (node:net:2092:16)","errno":-111,"code":"ECONNREFUSED","syscall":"connect","address":"127.0.0.1","port":32825}],"code":"ECONNREFUSED"},"msg":"Cross-process event bridge listener failed"}
{"level":40,"time":1789709398580,"pid":123473,"hostname":"cursor","name":"events","err":{"type":"AggregateError","message":"","stack":"AggregateError: \n    at internalConnectMultiple (node:net:1430:18)\n    at afterConnectMultiple (node:net:2099:7)","aggregateErrors":[{"type":"Error","message":"connect ECONNREFUSED ::1:32825","stack":"Error: connect ECONNREFUSED ::1:32825\n    at createConnectionError (node:net:2062:14)\n    at afterConnectMultiple (node:net:2092:16)","errno":-111,"code":"ECONNREFUSED","syscall":"connect","address":"::1","port":32825},{"type":"Error","message":"connect ECONNREFUSED 127.0.0.1:32825","stack":"Error: connect ECONNREFUSED 127.0.0.1:32825\n    at createConnectionError (node:net:2062:14)\n    at afterConnectMultiple (node:net:2092:16)","errno":-111,"code":"ECONNREFUSED","syscall":"connect","address":"127.0.0.1","port":32825}],"code":"ECONNREFUSED"},"msg":"Cross-process event bridge listener failed"}
{"level":40,"time":1789709399587,"pid":123473,"hostname":"cursor","name":"events","err":{"type":"AggregateError","message":"","stack":"AggregateError: \n    at internalConnectMultiple (node:net:1430:18)\n    at afterConnectMultiple (node:net:2099:7)","aggregateErrors":[{"type":"Error","message":"connect ECONNREFUSED ::1:32825","stack":"Error: connect ECONNREFUSED ::1:32825\n    at createConnectionError (node:net:2062:14)\n    at afterConnectMultiple (node:net:2092:16)","errno":-111,"code":"ECONNREFUSED","syscall":"connect","address":"::1","port":32825},{"type":"Error","message":"connect ECONNREFUSED 127.0.0.1:32825","stack":"Error: connect ECONNREFUSED 127.0.0.1:32825\n    at createConnectionError (node:net:2062:14)\n    at afterConnectMultiple (node:net:2092:16)","errno":-111,"code":"ECONNREFUSED","syscall":"connect","address":"127.0.0.1","port":32825}],"code":"ECONNREFUSED"},"msg":"Cross-process event bridge listener failed"}
{"level":40,"time":1789709400589,"pid":123473,"hostname":"cursor","name":"events","err":{"type":"AggregateError","message":"","stack":"AggregateError: \n    at internalConnectMultiple (node:net:1430:18)\n    at afterConnectMultiple (node:net:2099:7)","aggregateErrors":[{"type":"Error","message":"connect ECONNREFUSED ::1:32825","stack":"Error: connect ECONNREFUSED ::1:32825\n    at createConnectionError (node:net:2062:14)\n    at afterConnectMultiple (node:net:2092:16)","errno":-111,"code":"ECONNREFUSED","syscall":"connect","address":"::1","port":32825},{"type":"Error","message":"connect ECONNREFUSED 127.0.0.1:32825","stack":"Error: connect ECONNREFUSED 127.0.0.1:32825\n    at createConnectionError (node:net:2062:14)\n    at afterConnectMultiple (node:net:2092:16)","errno":-111,"code":"ECONNREFUSED","syscall":"connect","address":"127.0.0.1","port":32825}],"code":"ECONNREFUSED"},"msg":"Cross-process event bridge listener failed"}
{"level":40,"time":1789709401591,"pid":123473,"hostname":"cursor","name":"events","err":{"type":"AggregateError","message":"","stack":"AggregateError: \n    at internalConnectMultiple (node:net:1430:18)\n    at afterConnectMultiple (node:net:2099:7)","aggregateErrors":[{"type":"Error","message":"connect ECONNREFUSED ::1:32825","stack":"Error: connect ECONNREFUSED ::1:32825\n    at createConnectionError (node:net:2062:14)\n    at afterConnectMultiple (node:net:2092:16)","errno":-111,"code":"ECONNREFUSED","syscall":"connect","address":"::1","port":32825},{"type":"Error","message":"connect ECONNREFUSED 127.0.0.1:32825","stack":"Error: connect ECONNREFUSED 127.0.0.1:32825\n    at createConnectionError (node:net:2062:14)\n    at afterConnectMultiple (node:net:2092:16)","errno":-111,"code":"ECONNREFUSED","syscall":"connect","address":"127.0.0.1","port":32825}],"code":"ECONNREFUSED"},"msg":"Cross-process event bridge listener failed"}
{"level":40,"time":1789709402600,"pid":123473,"hostname":"cursor","name":"events","err":{"type":"AggregateError","message":"","stack":"AggregateError: \n    at internalConnectMultiple (node:net:1430:18)\n    at afterConnectMultiple (node:net:2099:7)","aggregateErrors":[{"type":"Error","message":"connect ECONNREFUSED ::1:32825","stack":"Error: connect ECONNREFUSED ::1:32825\n    at createConnectionError (node:net:2062:14)\n    at afterConnectMultiple (node:net:2092:16)","errno":-111,"code":"ECONNREFUSED","syscall":"connect","address":"::1","port":32825},{"type":"Error","message":"connect ECONNREFUSED 127.0.0.1:32825","stack":"Error: connect ECONNREFUSED 127.0.0.1:32825\n    at createConnectionError (node:net:2062:14)\n    at afterConnectMultiple (node:net:2092:16)","errno":-111,"code":"ECONNREFUSED","syscall":"connect","address":"127.0.0.1","port":32825}],"code":"ECONNREFUSED"},"msg":"Cross-process event bridge listener failed"}
{"level":40,"time":1789709403602,"pid":123473,"hostname":"cursor","name":"events","err":{"type":"AggregateError","message":"","stack":"AggregateError: \n    at internalConnectMultiple (node:net:1430:18)\n    at afterConnectMultiple (node:net:2099:7)","aggregateErrors":[{"type":"Error","message":"connect ECONNREFUSED ::1:32825","stack":"Error: connect ECONNREFUSED ::1:32825\n    at createConnectionError (node:net:2062:14)\n    at afterConnectMultiple (node:net:2092:16)","errno":-111,"code":"ECONNREFUSED","syscall":"connect","address":"::1","port":32825},{"type":"Error","message":"connect ECONNREFUSED 127.0.0.1:32825","stack":"Error: connect ECONNREFUSED 127.0.0.1:32825\n    at createConnectionError (node:net:2062:14)\n    at afterConnectMultiple (node:net:2092:16)","errno":-111,"code":"ECONNREFUSED","syscall":"connect","address":"127.0.0.1","port":32825}],"code":"ECONNREFUSED"},"msg":"Cross-process event bridge listener failed"}
{"level":40,"time":1789709404604,"pid":123473,"hostname":"cursor","name":"events","err":{"type":"AggregateError","message":"","stack":"AggregateError: \n    at internalConnectMultiple (node:net:1430:18)\n    at afterConnectMultiple (node:net:2099:7)","aggregateErrors":[{"type":"Error","message":"connect ECONNREFUSED ::1:32825","stack":"Error: connect ECONNREFUSED ::1:32825\n    at createConnectionError (node:net:2062:14)\n    at afterConnectMultiple (node:net:2092:16)","errno":-111,"code":"ECONNREFUSED","syscall":"connect","address":"::1","port":32825},{"type":"Error","message":"connect ECONNREFUSED 127.0.0.1:32825","stack":"Error: connect ECONNREFUSED 127.0.0.1:32825\n    at createConnectionError (node:net:2062:14)\n    at afterConnectMultiple (node:net:2092:16)","errno":-111,"code":"ECONNREFUSED","syscall":"connect","address":"127.0.0.1","port":32825}],"code":"ECONNREFUSED"},"msg":"Cross-process event bridge listener failed"}
{"level":40,"time":1789709405606,"pid":123473,"hostname":"cursor","name":"events","err":{"type":"AggregateError","message":"","stack":"AggregateError: \n    at internalConnectMultiple (node:net:1430:18)\n    at afterConnectMultiple (node:net:2099:7)","aggregateErrors":[{"type":"Error","message":"connect ECONNREFUSED ::1:32825","stack":"Error: connect ECONNREFUSED ::1:32825\n    at createConnectionError (node:net:2062:14)\n    at afterConnectMultiple (node:net:2092:16)","errno":-111,"code":"ECONNREFUSED","syscall":"connect","address":"::1","port":32825},{"type":"Error","message":"connect ECONNREFUSED 127.0.0.1:32825","stack":"Error: connect ECONNREFUSED 127.0.0.1:32825\n    at createConnectionError (node:net:2062:14)\n    at afterConnectMultiple (node:net:2092:16)","errno":-111,"code":"ECONNREFUSED","syscall":"connect","address":"127.0.0.1","port":32825}],"code":"ECONNREFUSED"},"msg":"Cross-process event bridge listener failed"}
{"level":40,"time":1789709406608,"pid":123473,"hostname":"cursor","name":"events","err":{"type":"AggregateError","message":"","stack":"AggregateError: \n    at internalConnectMultiple (node:net:1430:18)\n    at afterConnectMultiple (node:net:2099:7)","aggregateErrors":[{"type":"Error","message":"connect ECONNREFUSED ::1:32825","stack":"Error: connect ECONNREFUSED ::1:32825\n    at createConnectionError (node:net:2062:14)\n    at afterConnectMultiple (node:net:2092:16)","errno":-111,"code":"ECONNREFUSED","syscall":"connect","address":"::1","port":32825},{"type":"Error","message":"connect ECONNREFUSED 127.0.0.1:32825","stack":"Error: connect ECONNREFUSED 127.0.0.1:32825\n    at createConnectionError (node:net:2062:14)\n    at afterConnectMultiple (node:net:2092:16)","errno":-111,"code":"ECONNREFUSED","syscall":"connect","address":"127.0.0.1","port":32825}],"code":"ECONNREFUSED"},"msg":"Cross-process event bridge listener failed"}
{"level":40,"time":1789709407610,"pid":123473,"hostname":"cursor","name":"events","err":{"type":"AggregateError","message":"","stack":"AggregateError: \n    at internalConnectMultiple (node:net:1430:18)\n    at afterConnectMultiple (node:net:2099:7)","aggregateErrors":[{"type":"Error","message":"connect ECONNREFUSED ::1:32825","stack":"Error: connect ECONNREFUSED ::1:32825\n    at createConnectionError (node:net:2062:14)\n    at afterConnectMultiple (node:net:2092:16)","errno":-111,"code":"ECONNREFUSED","syscall":"connect","address":"::1","port":32825},{"type":"Error","message":"connect ECONNREFUSED 127.0.0.1:32825","stack":"Error: connect ECONNREFUSED 127.0.0.1:32825\n    at createConnectionError (node:net:2062:14)\n    at afterConnectMultiple (node:net:2092:16)","errno":-111,"code":"ECONNREFUSED","syscall":"connect","address":"127.0.0.1","port":32825}],"code":"ECONNREFUSED"},"msg":"Cross-process event bridge listener failed"}
{"level":40,"time":1789709408612,"pid":123473,"hostname":"cursor","name":"events","err":{"type":"AggregateError","message":"","stack":"AggregateError: \n    at internalConnectMultiple (node:net:1430:18)\n    at afterConnectMultiple (node:net:2099:7)","aggregateErrors":[{"type":"Error","message":"connect ECONNREFUSED ::1:32825","stack":"Error: connect ECONNREFUSED ::1:32825\n    at createConnectionError (node:net:2062:14)\n    at afterConnectMultiple (node:net:2092:16)","errno":-111,"code":"ECONNREFUSED","syscall":"connect","address":"::1","port":32825},{"type":"Error","message":"connect ECONNREFUSED 127.0.0.1:32825","stack":"Error: connect ECONNREFUSED 127.0.0.1:32825\n    at createConnectionError (node:net:2062:14)\n    at afterConnectMultiple (node:net:2092:16)","errno":-111,"code":"ECONNREFUSED","syscall":"connect","address":"127.0.0.1","port":32825}],"code":"ECONNREFUSED"},"msg":"Cross-process event bridge listener failed"}
{"level":40,"time":1789709409615,"pid":123473,"hostname":"cursor","name":"events","err":{"type":"AggregateError","message":"","stack":"AggregateError: \n    at internalConnectMultiple (node:net:1430:18)\n    at afterConnectMultiple (node:net:2099:7)","aggregateErrors":[{"type":"Error","message":"connect ECONNREFUSED ::1:32825","stack":"Error: connect ECONNREFUSED ::1:32825\n    at createConnectionError (node:net:2062:14)\n    at afterConnectMultiple (node:net:2092:16)","errno":-111,"code":"ECONNREFUSED","syscall":"connect","address":"::1","port":32825},{"type":"Error","message":"connect ECONNREFUSED 127.0.0.1:32825","stack":"Error: connect ECONNREFUSED 127.0.0.1:32825\n    at createConnectionError (node:net:2062:14)\n    at afterConnectMultiple (node:net:2092:16)","errno":-111,"code":"ECONNREFUSED","syscall":"connect","address":"127.0.0.1","port":32825}],"code":"ECONNREFUSED"},"msg":"Cross-process event bridge listener failed"}
{"level":40,"time":1789709410617,"pid":123473,"hostname":"cursor","name":"events","err":{"type":"AggregateError","message":"","stack":"AggregateError: \n    at internalConnectMultiple (node:net:1430:18)\n    at afterConnectMultiple (node:net:2099:7)","aggregateErrors":[{"type":"Error","message":"connect ECONNREFUSED ::1:32825","stack":"Error: connect ECONNREFUSED ::1:32825\n    at createConnectionError (node:net:2062:14)\n    at afterConnectMultiple (node:net:2092:16)","errno":-111,"code":"ECONNREFUSED","syscall":"connect","address":"::1","port":32825},{"type":"Error","message":"connect ECONNREFUSED 127.0.0.1:32825","stack":"Error: connect ECONNREFUSED 127.0.0.1:32825\n    at createConnectionError (node:net:2062:14)\n    at afterConnectMultiple (node:net:2092:16)","errno":-111,"code":"ECONNREFUSED","syscall":"connect","address":"127.0.0.1","port":32825}],"code":"ECONNREFUSED"},"msg":"Cross-process event bridge listener failed"}
{"level":40,"time":1789709411619,"pid":123473,"hostname":"cursor","name":"events","err":{"type":"AggregateError","message":"","stack":"AggregateError: \n    at internalConnectMultiple (node:net:1430:18)\n    at afterConnectMultiple (node:net:2099:7)","aggregateErrors":[{"type":"Error","message":"connect ECONNREFUSED ::1:32825","stack":"Error: connect ECONNREFUSED ::1:32825\n    at createConnectionError (node:net:2062:14)\n    at afterConnectMultiple (node:net:2092:16)","errno":-111,"code":"ECONNREFUSED","syscall":"connect","address":"::1","port":32825},{"type":"Error","message":"connect ECONNREFUSED 127.0.0.1:32825","stack":"Error: connect ECONNREFUSED 127.0.0.1:32825\n    at createConnectionError (node:net:2062:14)\n    at afterConnectMultiple (node:net:2092:16)","errno":-111,"code":"ECONNREFUSED","syscall":"connect","address":"127.0.0.1","port":32825}],"code":"ECONNREFUSED"},"msg":"Cross-process event bridge listener failed"}
{"level":40,"time":1789709412620,"pid":123473,"hostname":"cursor","name":"events","err":{"type":"AggregateError","message":"","stack":"AggregateError: \n    at internalConnectMultiple (node:net:1430:18)\n    at afterConnectMultiple (node:net:2099:7)","aggregateErrors":[{"type":"Error","message":"connect ECONNREFUSED ::1:32825","stack":"Error: connect ECONNREFUSED ::1:32825\n    at createConnectionError (node:net:2062:14)\n    at afterConnectMultiple (node:net:2092:16)","errno":-111,"code":"ECONNREFUSED","syscall":"connect","address":"::1","port":32825},{"type":"Error","message":"connect ECONNREFUSED 127.0.0.1:32825","stack":"Error: connect ECONNREFUSED 127.0.0.1:32825\n    at createConnectionError (node:net:2062:14)\n    at afterConnectMultiple (node:net:2092:16)","errno":-111,"code":"ECONNREFUSED","syscall":"connect","address":"127.0.0.1","port":32825}],"code":"ECONNREFUSED"},"msg":"Cross-process event bridge listener failed"}
{"level":40,"time":1789709413622,"pid":123473,"hostname":"cursor","name":"events","err":{"type":"AggregateError","message":"","stack":"AggregateError: \n    at internalConnectMultiple (node:net:1430:18)\n    at afterConnectMultiple (node:net:2099:7)","aggregateErrors":[{"type":"Error","message":"connect ECONNREFUSED ::1:32825","stack":"Error: connect ECONNREFUSED ::1:32825\n    at createConnectionError (node:net:2062:14)\n    at afterConnectMultiple (node:net:2092:16)","errno":-111,"code":"ECONNREFUSED","syscall":"connect","address":"::1","port":32825},{"type":"Error","message":"connect ECONNREFUSED 127.0.0.1:32825","stack":"Error: connect ECONNREFUSED 127.0.0.1:32825\n    at createConnectionError (node:net:2062:14)\n    at afterConnectMultiple (node:net:2092:16)","errno":-111,"code":"ECONNREFUSED","syscall":"connect","address":"127.0.0.1","port":32825}],"code":"ECONNREFUSED"},"msg":"Cross-process event bridge listener failed"}
{"level":40,"time":1789709414624,"pid":123473,"hostname":"cursor","name":"events","err":{"type":"AggregateError","message":"","stack":"AggregateError: \n    at internalConnectMultiple (node:net:1430:18)\n    at afterConnectMultiple (node:net:2099:7)","aggregateErrors":[{"type":"Error","message":"connect ECONNREFUSED ::1:32825","stack":"Error: connect ECONNREFUSED ::1:32825\n    at createConnectionError (node:net:2062:14)\n    at afterConnectMultiple (node:net:2092:16)","errno":-111,"code":"ECONNREFUSED","syscall":"connect","address":"::1","port":32825},{"type":"Error","message":"connect ECONNREFUSED 127.0.0.1:32825","stack":"Error: connect ECONNREFUSED 127.0.0.1:32825\n    at createConnectionError (node:net:2062:14)\n    at afterConnectMultiple (node:net:2092:16)","errno":-111,"code":"ECONNREFUSED","syscall":"connect","address":"127.0.0.1","port":32825}],"code":"ECONNREFUSED"},"msg":"Cross-process event bridge listener failed"}
{"level":40,"time":1789709415626,"pid":123473,"hostname":"cursor","name":"events","err":{"type":"AggregateError","message":"","stack":"AggregateError: \n    at internalConnectMultiple (node:net:1430:18)\n    at afterConnectMultiple (node:net:2099:7)","aggregateErrors":[{"type":"Error","message":"connect ECONNREFUSED ::1:32825","stack":"Error: connect ECONNREFUSED ::1:32825\n    at createConnectionError (node:net:2062:14)\n    at afterConnectMultiple (node:net:2092:16)","errno":-111,"code":"ECONNREFUSED","syscall":"connect","address":"::1","port":32825},{"type":"Error","message":"connect ECONNREFUSED 127.0.0.1:32825","stack":"Error: connect ECONNREFUSED 127.0.0.1:32825\n    at createConnectionError (node:net:2062:14)\n    at afterConnectMultiple (node:net:2092:16)","errno":-111,"code":"ECONNREFUSED","syscall":"connect","address":"127.0.0.1","port":32825}],"code":"ECONNREFUSED"},"msg":"Cross-process event bridge listener failed"}
{"level":40,"time":1789709416628,"pid":123473,"hostname":"cursor","name":"events","err":{"type":"AggregateError","message":"","stack":"AggregateError: \n    at internalConnectMultiple (node:net:1430:18)\n    at afterConnectMultiple (node:net:2099:7)","aggregateErrors":[{"type":"Error","message":"connect ECONNREFUSED ::1:32825","stack":"Error: connect ECONNREFUSED ::1:32825\n    at createConnectionError (node:net:2062:14)\n    at afterConnectMultiple (node:net:2092:16)","errno":-111,"code":"ECONNREFUSED","syscall":"connect","address":"::1","port":32825},{"type":"Error","message":"connect ECONNREFUSED 127.0.0.1:32825","stack":"Error: connect ECONNREFUSED 127.0.0.1:32825\n    at createConnectionError (node:net:2062:14)\n    at afterConnectMultiple (node:net:2092:16)","errno":-111,"code":"ECONNREFUSED","syscall":"connect","address":"127.0.0.1","port":32825}],"code":"ECONNREFUSED"},"msg":"Cross-process event bridge listener failed"}
{"level":40,"time":1789709417630,"pid":123473,"hostname":"cursor","name":"events","err":{"type":"AggregateError","message":"","stack":"AggregateError: \n    at internalConnectMultiple (node:net:1430:18)\n    at afterConnectMultiple (node:net:2099:7)","aggregateErrors":[{"type":"Error","message":"connect ECONNREFUSED ::1:32825","stack":"Error: connect ECONNREFUSED ::1:32825\n    at createConnectionError (node:net:2062:14)\n    at afterConnectMultiple (node:net:2092:16)","errno":-111,"code":"ECONNREFUSED","syscall":"connect","address":"::1","port":32825},{"type":"Error","message":"connect ECONNREFUSED 127.0.0.1:32825","stack":"Error: connect ECONNREFUSED 127.0.0.1:32825\n    at createConnectionError (node:net:2062:14)\n    at afterConnectMultiple (node:net:2092:16)","errno":-111,"code":"ECONNREFUSED","syscall":"connect","address":"127.0.0.1","port":32825}],"code":"ECONNREFUSED"},"msg":"Cross-process event bridge listener failed"}
{"level":40,"time":1789709418632,"pid":123473,"hostname":"cursor","name":"events","err":{"type":"AggregateError","message":"","stack":"AggregateError: \n    at internalConnectMultiple (node:net:1430:18)\n    at afterConnectMultiple (node:net:2099:7)","aggregateErrors":[{"type":"Error","message":"connect ECONNREFUSED ::1:32825","stack":"Error: connect ECONNREFUSED ::1:32825\n    at createConnectionError (node:net:2062:14)\n    at afterConnectMultiple (node:net:2092:16)","errno":-111,"code":"ECONNREFUSED","syscall":"connect","address":"::1","port":32825},{"type":"Error","message":"connect ECONNREFUSED 127.0.0.1:32825","stack":"Error: connect ECONNREFUSED 127.0.0.1:32825\n    at createConnectionError (node:net:2062:14)\n    at afterConnectMultiple (node:net:2092:16)","errno":-111,"code":"ECONNREFUSED","syscall":"connect","address":"127.0.0.1","port":32825}],"code":"ECONNREFUSED"},"msg":"Cross-process event bridge listener failed"}
{"level":40,"time":1789709419635,"pid":123473,"hostname":"cursor","name":"events","err":{"type":"AggregateError","message":"","stack":"AggregateError: \n    at internalConnectMultiple (node:net:1430:18)\n    at afterConnectMultiple (node:net:2099:7)","aggregateErrors":[{"type":"Error","message":"connect ECONNREFUSED ::1:32825","stack":"Error: connect ECONNREFUSED ::1:32825\n    at createConnectionError (node:net:2062:14)\n    at afterConnectMultiple (node:net:2092:16)","errno":-111,"code":"ECONNREFUSED","syscall":"connect","address":"::1","port":32825},{"type":"Error","message":"connect ECONNREFUSED 127.0.0.1:32825","stack":"Error: connect ECONNREFUSED 127.0.0.1:32825\n    at createConnectionError (node:net:2062:14)\n    at afterConnectMultiple (node:net:2092:16)","errno":-111,"code":"ECONNREFUSED","syscall":"connect","address":"127.0.0.1","port":32825}],"code":"ECONNREFUSED"},"msg":"Cross-process event bridge listener failed"}
{"level":40,"time":1789709420637,"pid":123473,"hostname":"cursor","name":"events","err":{"type":"AggregateError","message":"","stack":"AggregateError: \n    at internalConnectMultiple (node:net:1430:18)\n    at afterConnectMultiple (node:net:2099:7)","aggregateErrors":[{"type":"Error","message":"connect ECONNREFUSED ::1:32825","stack":"Error: connect ECONNREFUSED ::1:32825\n    at createConnectionError (node:net:2062:14)\n    at afterConnectMultiple (node:net:2092:16)","errno":-111,"code":"ECONNREFUSED","syscall":"connect","address":"::1","port":32825},{"type":"Error","message":"connect ECONNREFUSED 127.0.0.1:32825","stack":"Error: connect ECONNREFUSED 127.0.0.1:32825\n    at createConnectionError (node:net:2062:14)\n    at afterConnectMultiple (node:net:2092:16)","errno":-111,"code":"ECONNREFUSED","syscall":"connect","address":"127.0.0.1","port":32825}],"code":"ECONNREFUSED"},"msg":"Cross-process event bridge listener failed"}
{"level":40,"time":1789709421640,"pid":123473,"hostname":"cursor","name":"events","err":{"type":"AggregateError","message":"","stack":"AggregateError: \n    at internalConnectMultiple (node:net:1430:18)\n    at afterConnectMultiple (node:net:2099:7)","aggregateErrors":[{"type":"Error","message":"connect ECONNREFUSED ::1:32825","stack":"Error: connect ECONNREFUSED ::1:32825\n    at createConnectionError (node:net:2062:14)\n    at afterConnectMultiple (node:net:2092:16)","errno":-111,"code":"ECONNREFUSED","syscall":"connect","address":"::1","port":32825},{"type":"Error","message":"connect ECONNREFUSED 127.0.0.1:32825","stack":"Error: connect ECONNREFUSED 127.0.0.1:32825\n    at createConnectionError (node:net:2062:14)\n    at afterConnectMultiple (node:net:2092:16)","errno":-111,"code":"ECONNREFUSED","syscall":"connect","address":"127.0.0.1","port":32825}],"code":"ECONNREFUSED"},"msg":"Cross-process event bridge listener failed"}
{"level":40,"time":1789709422642,"pid":123473,"hostname":"cursor","name":"events","err":{"type":"AggregateError","message":"","stack":"AggregateError: \n    at internalConnectMultiple (node:net:1430:18)\n    at afterConnectMultiple (node:net:2099:7)","aggregateErrors":[{"type":"Error","message":"connect ECONNREFUSED ::1:32825","stack":"Error: connect ECONNREFUSED ::1:32825\n    at createConnectionError (node:net:2062:14)\n    at afterConnectMultiple (node:net:2092:16)","errno":-111,"code":"ECONNREFUSED","syscall":"connect","address":"::1","port":32825},{"type":"Error","message":"connect ECONNREFUSED 127.0.0.1:32825","stack":"Error: connect ECONNREFUSED 127.0.0.1:32825\n    at createConnectionError (node:net:2062:14)\n    at afterConnectMultiple (node:net:2092:16)","errno":-111,"code":"ECONNREFUSED","syscall":"connect","address":"127.0.0.1","port":32825}],"code":"ECONNREFUSED"},"msg":"Cross-process event bridge listener failed"}
{"level":40,"time":1789709423644,"pid":123473,"hostname":"cursor","name":"events","err":{"type":"AggregateError","message":"","stack":"AggregateError: \n    at internalConnectMultiple (node:net:1430:18)\n    at afterConnectMultiple (node:net:2099:7)","aggregateErrors":[{"type":"Error","message":"connect ECONNREFUSED ::1:32825","stack":"Error: connect ECONNREFUSED ::1:32825\n    at createConnectionError (node:net:2062:14)\n    at afterConnectMultiple (node:net:2092:16)","errno":-111,"code":"ECONNREFUSED","syscall":"connect","address":"::1","port":32825},{"type":"Error","message":"connect ECONNREFUSED 127.0.0.1:32825","stack":"Error: connect ECONNREFUSED 127.0.0.1:32825\n    at createConnectionError (node:net:2062:14)\n    at afterConnectMultiple (node:net:2092:16)","errno":-111,"code":"ECONNREFUSED","syscall":"connect","address":"127.0.0.1","port":32825}],"code":"ECONNREFUSED"},"msg":"Cross-process event bridge listener failed"}
{"level":40,"time":1789709424647,"pid":123473,"hostname":"cursor","name":"events","err":{"type":"AggregateError","message":"","stack":"AggregateError: \n    at internalConnectMultiple (node:net:1430:18)\n    at afterConnectMultiple (node:net:2099:7)","aggregateErrors":[{"type":"Error","message":"connect ECONNREFUSED ::1:32825","stack":"Error: connect ECONNREFUSED ::1:32825\n    at createConnectionError (node:net:2062:14)\n    at afterConnectMultiple (node:net:2092:16)","errno":-111,"code":"ECONNREFUSED","syscall":"connect","address":"::1","port":32825},{"type":"Error","message":"connect ECONNREFUSED 127.0.0.1:32825","stack":"Error: connect ECONNREFUSED 127.0.0.1:32825\n    at createConnectionError (node:net:2062:14)\n    at afterConnectMultiple (node:net:2092:16)","errno":-111,"code":"ECONNREFUSED","syscall":"connect","address":"127.0.0.1","port":32825}],"code":"ECONNREFUSED"},"msg":"Cross-process event bridge listener failed"}
{"level":40,"time":1789709425649,"pid":123473,"hostname":"cursor","name":"events","err":{"type":"AggregateError","message":"","stack":"AggregateError: \n    at internalConnectMultiple (node:net:1430:18)\n    at afterConnectMultiple (node:net:2099:7)","aggregateErrors":[{"type":"Error","message":"connect ECONNREFUSED ::1:32825","stack":"Error: connect ECONNREFUSED ::1:32825\n    at createConnectionError (node:net:2062:14)\n    at afterConnectMultiple (node:net:2092:16)","errno":-111,"code":"ECONNREFUSED","syscall":"connect","address":"::1","port":32825},{"type":"Error","message":"connect ECONNREFUSED 127.0.0.1:32825","stack":"Error: connect ECONNREFUSED 127.0.0.1:32825\n    at createConnectionError (node:net:2062:14)\n    at afterConnectMultiple (node:net:2092:16)","errno":-111,"code":"ECONNREFUSED","syscall":"connect","address":"127.0.0.1","port":32825}],"code":"ECONNREFUSED"},"msg":"Cross-process event bridge listener failed"}
{"level":40,"time":1789709426651,"pid":123473,"hostname":"cursor","name":"events","err":{"type":"AggregateError","message":"","stack":"AggregateError: \n    at internalConnectMultiple (node:net:1430:18)\n    at afterConnectMultiple (node:net:2099:7)","aggregateErrors":[{"type":"Error","message":"connect ECONNREFUSED ::1:32825","stack":"Error: connect ECONNREFUSED ::1:32825\n    at createConnectionError (node:net:2062:14)\n    at afterConnectMultiple (node:net:2092:16)","errno":-111,"code":"ECONNREFUSED","syscall":"connect","address":"::1","port":32825},{"type":"Error","message":"connect ECONNREFUSED 127.0.0.1:32825","stack":"Error: connect ECONNREFUSED 127.0.0.1:32825\n    at createConnectionError (node:net:2062:14)\n    at afterConnectMultiple (node:net:2092:16)","errno":-111,"code":"ECONNREFUSED","syscall":"connect","address":"127.0.0.1","port":32825}],"code":"ECONNREFUSED"},"msg":"Cross-process event bridge listener failed"}
{"level":40,"time":1789709427655,"pid":123473,"hostname":"cursor","name":"events","err":{"type":"AggregateError","message":"","stack":"AggregateError: \n    at internalConnectMultiple (node:net:1430:18)\n    at afterConnectMultiple (node:net:2099:7)","aggregateErrors":[{"type":"Error","message":"connect ECONNREFUSED ::1:32825","stack":"Error: connect ECONNREFUSED ::1:32825\n    at createConnectionError (node:net:2062:14)\n    at afterConnectMultiple (node:net:2092:16)","errno":-111,"code":"ECONNREFUSED","syscall":"connect","address":"::1","port":32825},{"type":"Error","message":"connect ECONNREFUSED 127.0.0.1:32825","stack":"Error: connect ECONNREFUSED 127.0.0.1:32825\n    at createConnectionError (node:net:2062:14)\n    at afterConnectMultiple (node:net:2092:16)","errno":-111,"code":"ECONNREFUSED","syscall":"connect","address":"127.0.0.1","port":32825}],"code":"ECONNREFUSED"},"msg":"Cross-process event bridge listener failed"}
{"level":40,"time":1789709428658,"pid":123473,"hostname":"cursor","name":"events","err":{"type":"AggregateError","message":"","stack":"AggregateError: \n    at internalConnectMultiple (node:net:1430:18)\n    at afterConnectMultiple (node:net:2099:7)","aggregateErrors":[{"type":"Error","message":"connect ECONNREFUSED ::1:32825","stack":"Error: connect ECONNREFUSED ::1:32825\n    at createConnectionError (node:net:2062:14)\n    at afterConnectMultiple (node:net:2092:16)","errno":-111,"code":"ECONNREFUSED","syscall":"connect","address":"::1","port":32825},{"type":"Error","message":"connect ECONNREFUSED 127.0.0.1:32825","stack":"Error: connect ECONNREFUSED 127.0.0.1:32825\n    at createConnectionError (node:net:2062:14)\n    at afterConnectMultiple (node:net:2092:16)","errno":-111,"code":"ECONNREFUSED","syscall":"connect","address":"127.0.0.1","port":32825}],"code":"ECONNREFUSED"},"msg":"Cross-process event bridge listener failed"}
{"level":40,"time":1789709429660,"pid":123473,"hostname":"cursor","name":"events","err":{"type":"AggregateError","message":"","stack":"AggregateError: \n    at internalConnectMultiple (node:net:1430:18)\n    at afterConnectMultiple (node:net:2099:7)","aggregateErrors":[{"type":"Error","message":"connect ECONNREFUSED ::1:32825","stack":"Error: connect ECONNREFUSED ::1:32825\n    at createConnectionError (node:net:2062:14)\n    at afterConnectMultiple (node:net:2092:16)","errno":-111,"code":"ECONNREFUSED","syscall":"connect","address":"::1","port":32825},{"type":"Error","message":"connect ECONNREFUSED 127.0.0.1:32825","stack":"Error: connect ECONNREFUSED 127.0.0.1:32825\n    at createConnectionError (node:net:2062:14)\n    at afterConnectMultiple (node:net:2092:16)","errno":-111,"code":"ECONNREFUSED","syscall":"connect","address":"127.0.0.1","port":32825}],"code":"ECONNREFUSED"},"msg":"Cross-process event bridge listener failed"}
{"level":40,"time":1789709430663,"pid":123473,"hostname":"cursor","name":"events","err":{"type":"AggregateError","message":"","stack":"AggregateError: \n    at internalConnectMultiple (node:net:1430:18)\n    at afterConnectMultiple (node:net:2099:7)","aggregateErrors":[{"type":"Error","message":"connect ECONNREFUSED ::1:32825","stack":"Error: connect ECONNREFUSED ::1:32825\n    at createConnectionError (node:net:2062:14)\n    at afterConnectMultiple (node:net:2092:16)","errno":-111,"code":"ECONNREFUSED","syscall":"connect","address":"::1","port":32825},{"type":"Error","message":"connect ECONNREFUSED 127.0.0.1:32825","stack":"Error: connect ECONNREFUSED 127.0.0.1:32825\n    at createConnectionError (node:net:2062:14)\n    at afterConnectMultiple (node:net:2092:16)","errno":-111,"code":"ECONNREFUSED","syscall":"connect","address":"127.0.0.1","port":32825}],"code":"ECONNREFUSED"},"msg":"Cross-process event bridge listener failed"}
{"level":40,"time":1789709431665,"pid":123473,"hostname":"cursor","name":"events","err":{"type":"AggregateError","message":"","stack":"AggregateError: \n    at internalConnectMultiple (node:net:1430:18)\n    at afterConnectMultiple (node:net:2099:7)","aggregateErrors":[{"type":"Error","message":"connect ECONNREFUSED ::1:32825","stack":"Error: connect ECONNREFUSED ::1:32825\n    at createConnectionError (node:net:2062:14)\n    at afterConnectMultiple (node:net:2092:16)","errno":-111,"code":"ECONNREFUSED","syscall":"connect","address":"::1","port":32825},{"type":"Error","message":"connect ECONNREFUSED 127.0.0.1:32825","stack":"Error: connect ECONNREFUSED 127.0.0.1:32825\n    at createConnectionError (node:net:2062:14)\n    at afterConnectMultiple (node:net:2092:16)","errno":-111,"code":"ECONNREFUSED","syscall":"connect","address":"127.0.0.1","port":32825}],"code":"ECONNREFUSED"},"msg":"Cross-process event bridge listener failed"}
{"level":40,"time":1789709432669,"pid":123473,"hostname":"cursor","name":"events","err":{"type":"AggregateError","message":"","stack":"AggregateError: \n    at internalConnectMultiple (node:net:1430:18)\n    at afterConnectMultiple (node:net:2099:7)","aggregateErrors":[{"type":"Error","message":"connect ECONNREFUSED ::1:32825","stack":"Error: connect ECONNREFUSED ::1:32825\n    at createConnectionError (node:net:2062:14)\n    at afterConnectMultiple (node:net:2092:16)","errno":-111,"code":"ECONNREFUSED","syscall":"connect","address":"::1","port":32825},{"type":"Error","message":"connect ECONNREFUSED 127.0.0.1:32825","stack":"Error: connect ECONNREFUSED 127.0.0.1:32825\n    at createConnectionError (node:net:2062:14)\n    at afterConnectMultiple (node:net:2092:16)","errno":-111,"code":"ECONNREFUSED","syscall":"connect","address":"127.0.0.1","port":32825}],"code":"ECONNREFUSED"},"msg":"Cross-process event bridge listener failed"}
{"level":40,"time":1789709433671,"pid":123473,"hostname":"cursor","name":"events","err":{"type":"AggregateError","message":"","stack":"AggregateError: \n    at internalConnectMultiple (node:net:1430:18)\n    at afterConnectMultiple (node:net:2099:7)","aggregateErrors":[{"type":"Error","message":"connect ECONNREFUSED ::1:32825","stack":"Error: connect ECONNREFUSED ::1:32825\n    at createConnectionError (node:net:2062:14)\n    at afterConnectMultiple (node:net:2092:16)","errno":-111,"code":"ECONNREFUSED","syscall":"connect","address":"::1","port":32825},{"type":"Error","message":"connect ECONNREFUSED 127.0.0.1:32825","stack":"Error: connect ECONNREFUSED 127.0.0.1:32825\n    at createConnectionError (node:net:2062:14)\n    at afterConnectMultiple (node:net:2092:16)","errno":-111,"code":"ECONNREFUSED","syscall":"connect","address":"127.0.0.1","port":32825}],"code":"ECONNREFUSED"},"msg":"Cross-process event bridge listener failed"}
{"level":40,"time":1789709434674,"pid":123473,"hostname":"cursor","name":"events","err":{"type":"AggregateError","message":"","stack":"AggregateError: \n    at internalConnectMultiple (node:net:1430:18)\n    at afterConnectMultiple (node:net:2099:7)","aggregateErrors":[{"type":"Error","message":"connect ECONNREFUSED ::1:32825","stack":"Error: connect ECONNREFUSED ::1:32825\n    at createConnectionError (node:net:2062:14)\n    at afterConnectMultiple (node:net:2092:16)","errno":-111,"code":"ECONNREFUSED","syscall":"connect","address":"::1","port":32825},{"type":"Error","message":"connect ECONNREFUSED 127.0.0.1:32825","stack":"Error: connect ECONNREFUSED 127.0.0.1:32825\n    at createConnectionError (node:net:2062:14)\n    at afterConnectMultiple (node:net:2092:16)","errno":-111,"code":"ECONNREFUSED","syscall":"connect","address":"127.0.0.1","port":32825}],"code":"ECONNREFUSED"},"msg":"Cross-process event bridge listener failed"}
{"level":40,"time":1789709435676,"pid":123473,"hostname":"cursor","name":"events","err":{"type":"AggregateError","message":"","stack":"AggregateError: \n    at internalConnectMultiple (node:net:1430:18)\n    at afterConnectMultiple (node:net:2099:7)","aggregateErrors":[{"type":"Error","message":"connect ECONNREFUSED ::1:32825","stack":"Error: connect ECONNREFUSED ::1:32825\n    at createConnectionError (node:net:2062:14)\n    at afterConnectMultiple (node:net:2092:16)","errno":-111,"code":"ECONNREFUSED","syscall":"connect","address":"::1","port":32825},{"type":"Error","message":"connect ECONNREFUSED 127.0.0.1:32825","stack":"Error: connect ECONNREFUSED 127.0.0.1:32825\n    at createConnectionError (node:net:2062:14)\n    at afterConnectMultiple (node:net:2092:16)","errno":-111,"code":"ECONNREFUSED","syscall":"connect","address":"127.0.0.1","port":32825}],"code":"ECONNREFUSED"},"msg":"Cross-process event bridge listener failed"}
{"level":40,"time":1789709436680,"pid":123473,"hostname":"cursor","name":"events","err":{"type":"AggregateError","message":"","stack":"AggregateError: \n    at internalConnectMultiple (node:net:1430:18)\n    at afterConnectMultiple (node:net:2099:7)","aggregateErrors":[{"type":"Error","message":"connect ECONNREFUSED ::1:32825","stack":"Error: connect ECONNREFUSED ::1:32825\n    at createConnectionError (node:net:2062:14)\n    at afterConnectMultiple (node:net:2092:16)","errno":-111,"code":"ECONNREFUSED","syscall":"connect","address":"::1","port":32825},{"type":"Error","message":"connect ECONNREFUSED 127.0.0.1:32825","stack":"Error: connect ECONNREFUSED 127.0.0.1:32825\n    at createConnectionError (node:net:2062:14)\n    at afterConnectMultiple (node:net:2092:16)","errno":-111,"code":"ECONNREFUSED","syscall":"connect","address":"127.0.0.1","port":32825}],"code":"ECONNREFUSED"},"msg":"Cross-process event bridge listener failed"}
{"level":40,"time":1789709437683,"pid":123473,"hostname":"cursor","name":"events","err":{"type":"AggregateError","message":"","stack":"AggregateError: \n    at internalConnectMultiple (node:net:1430:18)\n    at afterConnectMultiple (node:net:2099:7)","aggregateErrors":[{"type":"Error","message":"connect ECONNREFUSED ::1:32825","stack":"Error: connect ECONNREFUSED ::1:32825\n    at createConnectionError (node:net:2062:14)\n    at afterConnectMultiple (node:net:2092:16)","errno":-111,"code":"ECONNREFUSED","syscall":"connect","address":"::1","port":32825},{"type":"Error","message":"connect ECONNREFUSED 127.0.0.1:32825","stack":"Error: connect ECONNREFUSED 127.0.0.1:32825\n    at createConnectionError (node:net:2062:14)\n    at afterConnectMultiple (node:net:2092:16)","errno":-111,"code":"ECONNREFUSED","syscall":"connect","address":"127.0.0.1","port":32825}],"code":"ECONNREFUSED"},"msg":"Cross-process event bridge listener failed"}
{"level":40,"time":1789709438686,"pid":123473,"hostname":"cursor","name":"events","err":{"type":"AggregateError","message":"","stack":"AggregateError: \n    at internalConnectMultiple (node:net:1430:18)\n    at afterConnectMultiple (node:net:2099:7)","aggregateErrors":[{"type":"Error","message":"connect ECONNREFUSED ::1:32825","stack":"Error: connect ECONNREFUSED ::1:32825\n    at createConnectionError (node:net:2062:14)\n    at afterConnectMultiple (node:net:2092:16)","errno":-111,"code":"ECONNREFUSED","syscall":"connect","address":"::1","port":32825},{"type":"Error","message":"connect ECONNREFUSED 127.0.0.1:32825","stack":"Error: connect ECONNREFUSED 127.0.0.1:32825\n    at createConnectionError (node:net:2062:14)\n    at afterConnectMultiple (node:net:2092:16)","errno":-111,"code":"ECONNREFUSED","syscall":"connect","address":"127.0.0.1","port":32825}],"code":"ECONNREFUSED"},"msg":"Cross-process event bridge listener failed"}
{"level":40,"time":1789709439690,"pid":123473,"hostname":"cursor","name":"events","err":{"type":"AggregateError","message":"","stack":"AggregateError: \n    at internalConnectMultiple (node:net:1430:18)\n    at afterConnectMultiple (node:net:2099:7)","aggregateErrors":[{"type":"Error","message":"connect ECONNREFUSED ::1:32825","stack":"Error: connect ECONNREFUSED ::1:32825\n    at createConnectionError (node:net:2062:14)\n    at afterConnectMultiple (node:net:2092:16)","errno":-111,"code":"ECONNREFUSED","syscall":"connect","address":"::1","port":32825},{"type":"Error","message":"connect ECONNREFUSED 127.0.0.1:32825","stack":"Error: connect ECONNREFUSED 127.0.0.1:32825\n    at createConnectionError (node:net:2062:14)\n    at afterConnectMultiple (node:net:2092:16)","errno":-111,"code":"ECONNREFUSED","syscall":"connect","address":"127.0.0.1","port":32825}],"code":"ECONNREFUSED"},"msg":"Cross-process event bridge listener failed"}
{"level":40,"time":1789709440692,"pid":123473,"hostname":"cursor","name":"events","err":{"type":"AggregateError","message":"","stack":"AggregateError: \n    at internalConnectMultiple (node:net:1430:18)\n    at afterConnectMultiple (node:net:2099:7)","aggregateErrors":[{"type":"Error","message":"connect ECONNREFUSED ::1:32825","stack":"Error: connect ECONNREFUSED ::1:32825\n    at createConnectionError (node:net:2062:14)\n    at afterConnectMultiple (node:net:2092:16)","errno":-111,"code":"ECONNREFUSED","syscall":"connect","address":"::1","port":32825},{"type":"Error","message":"connect ECONNREFUSED 127.0.0.1:32825","stack":"Error: connect ECONNREFUSED 127.0.0.1:32825\n    at createConnectionError (node:net:2062:14)\n    at afterConnectMultiple (node:net:2092:16)","errno":-111,"code":"ECONNREFUSED","syscall":"connect","address":"127.0.0.1","port":32825}],"code":"ECONNREFUSED"},"msg":"Cross-process event bridge listener failed"}
{"level":40,"time":1789709441699,"pid":123473,"hostname":"cursor","name":"events","err":{"type":"AggregateError","message":"","stack":"AggregateError: \n    at internalConnectMultiple (node:net:1430:18)\n    at afterConnectMultiple (node:net:2099:7)","aggregateErrors":[{"type":"Error","message":"connect ECONNREFUSED ::1:32825","stack":"Error: connect ECONNREFUSED ::1:32825\n    at createConnectionError (node:net:2062:14)\n    at afterConnectMultiple (node:net:2092:16)","errno":-111,"code":"ECONNREFUSED","syscall":"connect","address":"::1","port":32825},{"type":"Error","message":"connect ECONNREFUSED 127.0.0.1:32825","stack":"Error: connect ECONNREFUSED 127.0.0.1:32825\n    at createConnectionError (node:net:2062:14)\n    at afterConnectMultiple (node:net:2092:16)","errno":-111,"code":"ECONNREFUSED","syscall":"connect","address":"127.0.0.1","port":32825}],"code":"ECONNREFUSED"},"msg":"Cross-process event bridge listener failed"}
{"level":40,"time":1789709442703,"pid":123473,"hostname":"cursor","name":"events","err":{"type":"AggregateError","message":"","stack":"AggregateError: \n    at internalConnectMultiple (node:net:1430:18)\n    at afterConnectMultiple (node:net:2099:7)","aggregateErrors":[{"type":"Error","message":"connect ECONNREFUSED ::1:32825","stack":"Error: connect ECONNREFUSED ::1:32825\n    at createConnectionError (node:net:2062:14)\n    at afterConnectMultiple (node:net:2092:16)","errno":-111,"code":"ECONNREFUSED","syscall":"connect","address":"::1","port":32825},{"type":"Error","message":"connect ECONNREFUSED 127.0.0.1:32825","stack":"Error: connect ECONNREFUSED 127.0.0.1:32825\n    at createConnectionError (node:net:2062:14)\n    at afterConnectMultiple (node:net:2092:16)","errno":-111,"code":"ECONNREFUSED","syscall":"connect","address":"127.0.0.1","port":32825}],"code":"ECONNREFUSED"},"msg":"Cross-process event bridge listener failed"}
{"level":40,"time":1789709443705,"pid":123473,"hostname":"cursor","name":"events","err":{"type":"AggregateError","message":"","stack":"AggregateError: \n    at internalConnectMultiple (node:net:1430:18)\n    at afterConnectMultiple (node:net:2099:7)","aggregateErrors":[{"type":"Error","message":"connect ECONNREFUSED ::1:32825","stack":"Error: connect ECONNREFUSED ::1:32825\n    at createConnectionError (node:net:2062:14)\n    at afterConnectMultiple (node:net:2092:16)","errno":-111,"code":"ECONNREFUSED","syscall":"connect","address":"::1","port":32825},{"type":"Error","message":"connect ECONNREFUSED 127.0.0.1:32825","stack":"Error: connect ECONNREFUSED 127.0.0.1:32825\n    at createConnectionError (node:net:2062:14)\n    at afterConnectMultiple (node:net:2092:16)","errno":-111,"code":"ECONNREFUSED","syscall":"connect","address":"127.0.0.1","port":32825}],"code":"ECONNREFUSED"},"msg":"Cross-process event bridge listener failed"}
{"level":40,"time":1789709444707,"pid":123473,"hostname":"cursor","name":"events","err":{"type":"AggregateError","message":"","stack":"AggregateError: \n    at internalConnectMultiple (node:net:1430:18)\n    at afterConnectMultiple (node:net:2099:7)","aggregateErrors":[{"type":"Error","message":"connect ECONNREFUSED ::1:32825","stack":"Error: connect ECONNREFUSED ::1:32825\n    at createConnectionError (node:net:2062:14)\n    at afterConnectMultiple (node:net:2092:16)","errno":-111,"code":"ECONNREFUSED","syscall":"connect","address":"::1","port":32825},{"type":"Error","message":"connect ECONNREFUSED 127.0.0.1:32825","stack":"Error: connect ECONNREFUSED 127.0.0.1:32825\n    at createConnectionError (node:net:2062:14)\n    at afterConnectMultiple (node:net:2092:16)","errno":-111,"code":"ECONNREFUSED","syscall":"connect","address":"127.0.0.1","port":32825}],"code":"ECONNREFUSED"},"msg":"Cross-process event bridge listener failed"}
{"level":40,"time":1789709445710,"pid":123473,"hostname":"cursor","name":"events","err":{"type":"AggregateError","message":"","stack":"AggregateError: \n    at internalConnectMultiple (node:net:1430:18)\n    at afterConnectMultiple (node:net:2099:7)","aggregateErrors":[{"type":"Error","message":"connect ECONNREFUSED ::1:32825","stack":"Error: connect ECONNREFUSED ::1:32825\n    at createConnectionError (node:net:2062:14)\n    at afterConnectMultiple (node:net:2092:16)","errno":-111,"code":"ECONNREFUSED","syscall":"connect","address":"::1","port":32825},{"type":"Error","message":"connect ECONNREFUSED 127.0.0.1:32825","stack":"Error: connect ECONNREFUSED 127.0.0.1:32825\n    at createConnectionError (node:net:2062:14)\n    at afterConnectMultiple (node:net:2092:16)","errno":-111,"code":"ECONNREFUSED","syscall":"connect","address":"127.0.0.1","port":32825}],"code":"ECONNREFUSED"},"msg":"Cross-process event bridge listener failed"}
{"level":40,"time":1789709446713,"pid":123473,"hostname":"cursor","name":"events","err":{"type":"AggregateError","message":"","stack":"AggregateError: \n    at internalConnectMultiple (node:net:1430:18)\n    at afterConnectMultiple (node:net:2099:7)","aggregateErrors":[{"type":"Error","message":"connect ECONNREFUSED ::1:32825","stack":"Error: connect ECONNREFUSED ::1:32825\n    at createConnectionError (node:net:2062:14)\n    at afterConnectMultiple (node:net:2092:16)","errno":-111,"code":"ECONNREFUSED","syscall":"connect","address":"::1","port":32825},{"type":"Error","message":"connect ECONNREFUSED 127.0.0.1:32825","stack":"Error: connect ECONNREFUSED 127.0.0.1:32825\n    at createConnectionError (node:net:2062:14)\n    at afterConnectMultiple (node:net:2092:16)","errno":-111,"code":"ECONNREFUSED","syscall":"connect","address":"127.0.0.1","port":32825}],"code":"ECONNREFUSED"},"msg":"Cross-process event bridge listener failed"}
{"level":40,"time":1789709447716,"pid":123473,"hostname":"cursor","name":"events","err":{"type":"AggregateError","message":"","stack":"AggregateError: \n    at internalConnectMultiple (node:net:1430:18)\n    at afterConnectMultiple (node:net:2099:7)","aggregateErrors":[{"type":"Error","message":"connect ECONNREFUSED ::1:32825","stack":"Error: connect ECONNREFUSED ::1:32825\n    at createConnectionError (node:net:2062:14)\n    at afterConnectMultiple (node:net:2092:16)","errno":-111,"code":"ECONNREFUSED","syscall":"connect","address":"::1","port":32825},{"type":"Error","message":"connect ECONNREFUSED 127.0.0.1:32825","stack":"Error: connect ECONNREFUSED 127.0.0.1:32825\n    at createConnectionError (node:net:2062:14)\n    at afterConnectMultiple (node:net:2092:16)","errno":-111,"code":"ECONNREFUSED","syscall":"connect","address":"127.0.0.1","port":32825}],"code":"ECONNREFUSED"},"msg":"Cross-process event bridge listener failed"}
{"level":40,"time":1789709448719,"pid":123473,"hostname":"cursor","name":"events","err":{"type":"AggregateError","message":"","stack":"AggregateError: \n    at internalConnectMultiple (node:net:1430:18)\n    at afterConnectMultiple (node:net:2099:7)","aggregateErrors":[{"type":"Error","message":"connect ECONNREFUSED ::1:32825","stack":"Error: connect ECONNREFUSED ::1:32825\n    at createConnectionError (node:net:2062:14)\n    at afterConnectMultiple (node:net:2092:16)","errno":-111,"code":"ECONNREFUSED","syscall":"connect","address":"::1","port":32825},{"type":"Error","message":"connect ECONNREFUSED 127.0.0.1:32825","stack":"Error: connect ECONNREFUSED 127.0.0.1:32825\n    at createConnectionError (node:net:2062:14)\n    at afterConnectMultiple (node:net:2092:16)","errno":-111,"code":"ECONNREFUSED","syscall":"connect","address":"127.0.0.1","port":32825}],"code":"ECONNREFUSED"},"msg":"Cross-process event bridge listener failed"}
{"level":40,"time":1789709449722,"pid":123473,"hostname":"cursor","name":"events","err":{"type":"AggregateError","message":"","stack":"AggregateError: \n    at internalConnectMultiple (node:net:1430:18)\n    at afterConnectMultiple (node:net:2099:7)","aggregateErrors":[{"type":"Error","message":"connect ECONNREFUSED ::1:32825","stack":"Error: connect ECONNREFUSED ::1:32825\n    at createConnectionError (node:net:2062:14)\n    at afterConnectMultiple (node:net:2092:16)","errno":-111,"code":"ECONNREFUSED","syscall":"connect","address":"::1","port":32825},{"type":"Error","message":"connect ECONNREFUSED 127.0.0.1:32825","stack":"Error: connect ECONNREFUSED 127.0.0.1:32825\n    at createConnectionError (node:net:2062:14)\n    at afterConnectMultiple (node:net:2092:16)","errno":-111,"code":"ECONNREFUSED","syscall":"connect","address":"127.0.0.1","port":32825}],"code":"ECONNREFUSED"},"msg":"Cross-process event bridge listener failed"}
{"level":40,"time":1789709450724,"pid":123473,"hostname":"cursor","name":"events","err":{"type":"AggregateError","message":"","stack":"AggregateError: \n    at internalConnectMultiple (node:net:1430:18)\n    at afterConnectMultiple (node:net:2099:7)","aggregateErrors":[{"type":"Error","message":"connect ECONNREFUSED ::1:32825","stack":"Error: connect ECONNREFUSED ::1:32825\n    at createConnectionError (node:net:2062:14)\n    at afterConnectMultiple (node:net:2092:16)","errno":-111,"code":"ECONNREFUSED","syscall":"connect","address":"::1","port":32825},{"type":"Error","message":"connect ECONNREFUSED 127.0.0.1:32825","stack":"Error: connect ECONNREFUSED 127.0.0.1:32825\n    at createConnectionError (node:net:2062:14)\n    at afterConnectMultiple (node:net:2092:16)","errno":-111,"code":"ECONNREFUSED","syscall":"connect","address":"127.0.0.1","port":32825}],"code":"ECONNREFUSED"},"msg":"Cross-process event bridge listener failed"}
{"level":40,"time":1789709451726,"pid":123473,"hostname":"cursor","name":"events","err":{"type":"AggregateError","message":"","stack":"AggregateError: \n    at internalConnectMultiple (node:net:1430:18)\n    at afterConnectMultiple (node:net:2099:7)","aggregateErrors":[{"type":"Error","message":"connect ECONNREFUSED ::1:32825","stack":"Error: connect ECONNREFUSED ::1:32825\n    at createConnectionError (node:net:2062:14)\n    at afterConnectMultiple (node:net:2092:16)","errno":-111,"code":"ECONNREFUSED","syscall":"connect","address":"::1","port":32825},{"type":"Error","message":"connect ECONNREFUSED 127.0.0.1:32825","stack":"Error: connect ECONNREFUSED 127.0.0.1:32825\n    at createConnectionError (node:net:2062:14)\n    at afterConnectMultiple (node:net:2092:16)","errno":-111,"code":"ECONNREFUSED","syscall":"connect","address":"127.0.0.1","port":32825}],"code":"ECONNREFUSED"},"msg":"Cross-process event bridge listener failed"}
{"level":40,"time":1789709452728,"pid":123473,"hostname":"cursor","name":"events","err":{"type":"AggregateError","message":"","stack":"AggregateError: \n    at internalConnectMultiple (node:net:1430:18)\n    at afterConnectMultiple (node:net:2099:7)","aggregateErrors":[{"type":"Error","message":"connect ECONNREFUSED ::1:32825","stack":"Error: connect ECONNREFUSED ::1:32825\n    at createConnectionError (node:net:2062:14)\n    at afterConnectMultiple (node:net:2092:16)","errno":-111,"code":"ECONNREFUSED","syscall":"connect","address":"::1","port":32825},{"type":"Error","message":"connect ECONNREFUSED 127.0.0.1:32825","stack":"Error: connect ECONNREFUSED 127.0.0.1:32825\n    at createConnectionError (node:net:2062:14)\n    at afterConnectMultiple (node:net:2092:16)","errno":-111,"code":"ECONNREFUSED","syscall":"connect","address":"127.0.0.1","port":32825}],"code":"ECONNREFUSED"},"msg":"Cross-process event bridge listener failed"}
{"level":40,"time":1789709453735,"pid":123473,"hostname":"cursor","name":"events","err":{"type":"AggregateError","message":"","stack":"AggregateError: \n    at internalConnectMultiple (node:net:1430:18)\n    at afterConnectMultiple (node:net:2099:7)","aggregateErrors":[{"type":"Error","message":"connect ECONNREFUSED ::1:32825","stack":"Error: connect ECONNREFUSED ::1:32825\n    at createConnectionError (node:net:2062:14)\n    at afterConnectMultiple (node:net:2092:16)","errno":-111,"code":"ECONNREFUSED","syscall":"connect","address":"::1","port":32825},{"type":"Error","message":"connect ECONNREFUSED 127.0.0.1:32825","stack":"Error: connect ECONNREFUSED 127.0.0.1:32825\n    at createConnectionError (node:net:2062:14)\n    at afterConnectMultiple (node:net:2092:16)","errno":-111,"code":"ECONNREFUSED","syscall":"connect","address":"127.0.0.1","port":32825}],"code":"ECONNREFUSED"},"msg":"Cross-process event bridge listener failed"}
{"level":40,"time":1789709454738,"pid":123473,"hostname":"cursor","name":"events","err":{"type":"AggregateError","message":"","stack":"AggregateError: \n    at internalConnectMultiple (node:net:1430:18)\n    at afterConnectMultiple (node:net:2099:7)","aggregateErrors":[{"type":"Error","message":"connect ECONNREFUSED ::1:32825","stack":"Error: connect ECONNREFUSED ::1:32825\n    at createConnectionError (node:net:2062:14)\n    at afterConnectMultiple (node:net:2092:16)","errno":-111,"code":"ECONNREFUSED","syscall":"connect","address":"::1","port":32825},{"type":"Error","message":"connect ECONNREFUSED 127.0.0.1:32825","stack":"Error: connect ECONNREFUSED 127.0.0.1:32825\n    at createConnectionError (node:net:2062:14)\n    at afterConnectMultiple (node:net:2092:16)","errno":-111,"code":"ECONNREFUSED","syscall":"connect","address":"127.0.0.1","port":32825}],"code":"ECONNREFUSED"},"msg":"Cross-process event bridge listener failed"}
{"level":40,"time":1789709455741,"pid":123473,"hostname":"cursor","name":"events","err":{"type":"AggregateError","message":"","stack":"AggregateError: \n    at internalConnectMultiple (node:net:1430:18)\n    at afterConnectMultiple (node:net:2099:7)","aggregateErrors":[{"type":"Error","message":"connect ECONNREFUSED ::1:32825","stack":"Error: connect ECONNREFUSED ::1:32825\n    at createConnectionError (node:net:2062:14)\n    at afterConnectMultiple (node:net:2092:16)","errno":-111,"code":"ECONNREFUSED","syscall":"connect","address":"::1","port":32825},{"type":"Error","message":"connect ECONNREFUSED 127.0.0.1:32825","stack":"Error: connect ECONNREFUSED 127.0.0.1:32825\n    at createConnectionError (node:net:2062:14)\n    at afterConnectMultiple (node:net:2092:16)","errno":-111,"code":"ECONNREFUSED","syscall":"connect","address":"127.0.0.1","port":32825}],"code":"ECONNREFUSED"},"msg":"Cross-process event bridge listener failed"}
{"level":40,"time":1789709456743,"pid":123473,"hostname":"cursor","name":"events","err":{"type":"AggregateError","message":"","stack":"AggregateError: \n    at internalConnectMultiple (node:net:1430:18)\n    at afterConnectMultiple (node:net:2099:7)","aggregateErrors":[{"type":"Error","message":"connect ECONNREFUSED ::1:32825","stack":"Error: connect ECONNREFUSED ::1:32825\n    at createConnectionError (node:net:2062:14)\n    at afterConnectMultiple (node:net:2092:16)","errno":-111,"code":"ECONNREFUSED","syscall":"connect","address":"::1","port":32825},{"type":"Error","message":"connect ECONNREFUSED 127.0.0.1:32825","stack":"Error: connect ECONNREFUSED 127.0.0.1:32825\n    at createConnectionError (node:net:2062:14)\n    at afterConnectMultiple (node:net:2092:16)","errno":-111,"code":"ECONNREFUSED","syscall":"connect","address":"127.0.0.1","port":32825}],"code":"ECONNREFUSED"},"msg":"Cross-process event bridge listener failed"}
{"level":40,"time":1789709457745,"pid":123473,"hostname":"cursor","name":"events","err":{"type":"AggregateError","message":"","stack":"AggregateError: \n    at internalConnectMultiple (node:net:1430:18)\n    at afterConnectMultiple (node:net:2099:7)","aggregateErrors":[{"type":"Error","message":"connect ECONNREFUSED ::1:32825","stack":"Error: connect ECONNREFUSED ::1:32825\n    at createConnectionError (node:net:2062:14)\n    at afterConnectMultiple (node:net:2092:16)","errno":-111,"code":"ECONNREFUSED","syscall":"connect","address":"::1","port":32825},{"type":"Error","message":"connect ECONNREFUSED 127.0.0.1:32825","stack":"Error: connect ECONNREFUSED 127.0.0.1:32825\n    at createConnectionError (node:net:2062:14)\n    at afterConnectMultiple (node:net:2092:16)","errno":-111,"code":"ECONNREFUSED","syscall":"connect","address":"127.0.0.1","port":32825}],"code":"ECONNREFUSED"},"msg":"Cross-process event bridge listener failed"}
{"level":40,"time":1789709458746,"pid":123473,"hostname":"cursor","name":"events","err":{"type":"AggregateError","message":"","stack":"AggregateError: \n    at internalConnectMultiple (node:net:1430:18)\n    at afterConnectMultiple (node:net:2099:7)","aggregateErrors":[{"type":"Error","message":"connect ECONNREFUSED ::1:32825","stack":"Error: connect ECONNREFUSED ::1:32825\n    at createConnectionError (node:net:2062:14)\n    at afterConnectMultiple (node:net:2092:16)","errno":-111,"code":"ECONNREFUSED","syscall":"connect","address":"::1","port":32825},{"type":"Error","message":"connect ECONNREFUSED 127.0.0.1:32825","stack":"Error: connect ECONNREFUSED 127.0.0.1:32825\n    at createConnectionError (node:net:2062:14)\n    at afterConnectMultiple (node:net:2092:16)","errno":-111,"code":"ECONNREFUSED","syscall":"connect","address":"127.0.0.1","port":32825}],"code":"ECONNREFUSED"},"msg":"Cross-process event bridge listener failed"}
{"level":40,"time":1789709459750,"pid":123473,"hostname":"cursor","name":"events","err":{"type":"AggregateError","message":"","stack":"AggregateError: \n    at internalConnectMultiple (node:net:1430:18)\n    at afterConnectMultiple (node:net:2099:7)","aggregateErrors":[{"type":"Error","message":"connect ECONNREFUSED ::1:32825","stack":"Error: connect ECONNREFUSED ::1:32825\n    at createConnectionError (node:net:2062:14)\n    at afterConnectMultiple (node:net:2092:16)","errno":-111,"code":"ECONNREFUSED","syscall":"connect","address":"::1","port":32825},{"type":"Error","message":"connect ECONNREFUSED 127.0.0.1:32825","stack":"Error: connect ECONNREFUSED 127.0.0.1:32825\n    at createConnectionError (node:net:2062:14)\n    at afterConnectMultiple (node:net:2092:16)","errno":-111,"code":"ECONNREFUSED","syscall":"connect","address":"127.0.0.1","port":32825}],"code":"ECONNREFUSED"},"msg":"Cross-process event bridge listener failed"}
{"level":40,"time":1789709460757,"pid":123473,"hostname":"cursor","name":"events","err":{"type":"AggregateError","message":"","stack":"AggregateError: \n    at internalConnectMultiple (node:net:1430:18)\n    at afterConnectMultiple (node:net:2099:7)","aggregateErrors":[{"type":"Error","message":"connect ECONNREFUSED ::1:32825","stack":"Error: connect ECONNREFUSED ::1:32825\n    at createConnectionError (node:net:2062:14)\n    at afterConnectMultiple (node:net:2092:16)","errno":-111,"code":"ECONNREFUSED","syscall":"connect","address":"::1","port":32825},{"type":"Error","message":"connect ECONNREFUSED 127.0.0.1:32825","stack":"Error: connect ECONNREFUSED 127.0.0.1:32825\n    at createConnectionError (node:net:2062:14)\n    at afterConnectMultiple (node:net:2092:16)","errno":-111,"code":"ECONNREFUSED","syscall":"connect","address":"127.0.0.1","port":32825}],"code":"ECONNREFUSED"},"msg":"Cross-process event bridge listener failed"}
{"level":40,"time":1789709461760,"pid":123473,"hostname":"cursor","name":"events","err":{"type":"AggregateError","message":"","stack":"AggregateError: \n    at internalConnectMultiple (node:net:1430:18)\n    at afterConnectMultiple (node:net:2099:7)","aggregateErrors":[{"type":"Error","message":"connect ECONNREFUSED ::1:32825","stack":"Error: connect ECONNREFUSED ::1:32825\n    at createConnectionError (node:net:2062:14)\n    at afterConnectMultiple (node:net:2092:16)","errno":-111,"code":"ECONNREFUSED","syscall":"connect","address":"::1","port":32825},{"type":"Error","message":"connect ECONNREFUSED 127.0.0.1:32825","stack":"Error: connect ECONNREFUSED 127.0.0.1:32825\n    at createConnectionError (node:net:2062:14)\n    at afterConnectMultiple (node:net:2092:16)","errno":-111,"code":"ECONNREFUSED","syscall":"connect","address":"127.0.0.1","port":32825}],"code":"ECONNREFUSED"},"msg":"Cross-process event bridge listener failed"}
{"level":40,"time":1789709462762,"pid":123473,"hostname":"cursor","name":"events","err":{"type":"AggregateError","message":"","stack":"AggregateError: \n    at internalConnectMultiple (node:net:1430:18)\n    at afterConnectMultiple (node:net:2099:7)","aggregateErrors":[{"type":"Error","message":"connect ECONNREFUSED ::1:32825","stack":"Error: connect ECONNREFUSED ::1:32825\n    at createConnectionError (node:net:2062:14)\n    at afterConnectMultiple (node:net:2092:16)","errno":-111,"code":"ECONNREFUSED","syscall":"connect","address":"::1","port":32825},{"type":"Error","message":"connect ECONNREFUSED 127.0.0.1:32825","stack":"Error: connect ECONNREFUSED 127.0.0.1:32825\n    at createConnectionError (node:net:2062:14)\n    at afterConnectMultiple (node:net:2092:16)","errno":-111,"code":"ECONNREFUSED","syscall":"connect","address":"127.0.0.1","port":32825}],"code":"ECONNREFUSED"},"msg":"Cross-process event bridge listener failed"}
{"level":40,"time":1789709463764,"pid":123473,"hostname":"cursor","name":"events","err":{"type":"AggregateError","message":"","stack":"AggregateError: \n    at internalConnectMultiple (node:net:1430:18)\n    at afterConnectMultiple (node:net:2099:7)","aggregateErrors":[{"type":"Error","message":"connect ECONNREFUSED ::1:32825","stack":"Error: connect ECONNREFUSED ::1:32825\n    at createConnectionError (node:net:2062:14)\n    at afterConnectMultiple (node:net:2092:16)","errno":-111,"code":"ECONNREFUSED","syscall":"connect","address":"::1","port":32825},{"type":"Error","message":"connect ECONNREFUSED 127.0.0.1:32825","stack":"Error: connect ECONNREFUSED 127.0.0.1:32825\n    at createConnectionError (node:net:2062:14)\n    at afterConnectMultiple (node:net:2092:16)","errno":-111,"code":"ECONNREFUSED","syscall":"connect","address":"127.0.0.1","port":32825}],"code":"ECONNREFUSED"},"msg":"Cross-process event bridge listener failed"}
{"level":40,"time":1789709464766,"pid":123473,"hostname":"cursor","name":"events","err":{"type":"AggregateError","message":"","stack":"AggregateError: \n    at internalConnectMultiple (node:net:1430:18)\n    at afterConnectMultiple (node:net:2099:7)","aggregateErrors":[{"type":"Error","message":"connect ECONNREFUSED ::1:32825","stack":"Error: connect ECONNREFUSED ::1:32825\n    at createConnectionError (node:net:2062:14)\n    at afterConnectMultiple (node:net:2092:16)","errno":-111,"code":"ECONNREFUSED","syscall":"connect","address":"::1","port":32825},{"type":"Error","message":"connect ECONNREFUSED 127.0.0.1:32825","stack":"Error: connect ECONNREFUSED 127.0.0.1:32825\n    at createConnectionError (node:net:2062:14)\n    at afterConnectMultiple (node:net:2092:16)","errno":-111,"code":"ECONNREFUSED","syscall":"connect","address":"127.0.0.1","port":32825}],"code":"ECONNREFUSED"},"msg":"Cross-process event bridge listener failed"}
{"level":40,"time":1789709465768,"pid":123473,"hostname":"cursor","name":"events","err":{"type":"AggregateError","message":"","stack":"AggregateError: \n    at internalConnectMultiple (node:net:1430:18)\n    at afterConnectMultiple (node:net:2099:7)","aggregateErrors":[{"type":"Error","message":"connect ECONNREFUSED ::1:32825","stack":"Error: connect ECONNREFUSED ::1:32825\n    at createConnectionError (node:net:2062:14)\n    at afterConnectMultiple (node:net:2092:16)","errno":-111,"code":"ECONNREFUSED","syscall":"connect","address":"::1","port":32825},{"type":"Error","message":"connect ECONNREFUSED 127.0.0.1:32825","stack":"Error: connect ECONNREFUSED 127.0.0.1:32825\n    at createConnectionError (node:net:2062:14)\n    at afterConnectMultiple (node:net:2092:16)","errno":-111,"code":"ECONNREFUSED","syscall":"connect","address":"127.0.0.1","port":32825}],"code":"ECONNREFUSED"},"msg":"Cross-process event bridge listener failed"}
{"level":40,"time":1789709466770,"pid":123473,"hostname":"cursor","name":"events","err":{"type":"AggregateError","message":"","stack":"AggregateError: \n    at internalConnectMultiple (node:net:1430:18)\n    at afterConnectMultiple (node:net:2099:7)","aggregateErrors":[{"type":"Error","message":"connect ECONNREFUSED ::1:32825","stack":"Error: connect ECONNREFUSED ::1:32825\n    at createConnectionError (node:net:2062:14)\n    at afterConnectMultiple (node:net:2092:16)","errno":-111,"code":"ECONNREFUSED","syscall":"connect","address":"::1","port":32825},{"type":"Error","message":"connect ECONNREFUSED 127.0.0.1:32825","stack":"Error: connect ECONNREFUSED 127.0.0.1:32825\n    at createConnectionError (node:net:2062:14)\n    at afterConnectMultiple (node:net:2092:16)","errno":-111,"code":"ECONNREFUSED","syscall":"connect","address":"127.0.0.1","port":32825}],"code":"ECONNREFUSED"},"msg":"Cross-process event bridge listener failed"}
{"level":40,"time":1789709467772,"pid":123473,"hostname":"cursor","name":"events","err":{"type":"AggregateError","message":"","stack":"AggregateError: \n    at internalConnectMultiple (node:net:1430:18)\n    at afterConnectMultiple (node:net:2099:7)","aggregateErrors":[{"type":"Error","message":"connect ECONNREFUSED ::1:32825","stack":"Error: connect ECONNREFUSED ::1:32825\n    at createConnectionError (node:net:2062:14)\n    at afterConnectMultiple (node:net:2092:16)","errno":-111,"code":"ECONNREFUSED","syscall":"connect","address":"::1","port":32825},{"type":"Error","message":"connect ECONNREFUSED 127.0.0.1:32825","stack":"Error: connect ECONNREFUSED 127.0.0.1:32825\n    at createConnectionError (node:net:2062:14)\n    at afterConnectMultiple (node:net:2092:16)","errno":-111,"code":"ECONNREFUSED","syscall":"connect","address":"127.0.0.1","port":32825}],"code":"ECONNREFUSED"},"msg":"Cross-process event bridge listener failed"}
{"level":40,"time":1789709468774,"pid":123473,"hostname":"cursor","name":"events","err":{"type":"AggregateError","message":"","stack":"AggregateError: \n    at internalConnectMultiple (node:net:1430:18)\n    at afterConnectMultiple (node:net:2099:7)","aggregateErrors":[{"type":"Error","message":"connect ECONNREFUSED ::1:32825","stack":"Error: connect ECONNREFUSED ::1:32825\n    at createConnectionError (node:net:2062:14)\n    at afterConnectMultiple (node:net:2092:16)","errno":-111,"code":"ECONNREFUSED","syscall":"connect","address":"::1","port":32825},{"type":"Error","message":"connect ECONNREFUSED 127.0.0.1:32825","stack":"Error: connect ECONNREFUSED 127.0.0.1:32825\n    at createConnectionError (node:net:2062:14)\n    at afterConnectMultiple (node:net:2092:16)","errno":-111,"code":"ECONNREFUSED","syscall":"connect","address":"127.0.0.1","port":32825}],"code":"ECONNREFUSED"},"msg":"Cross-process event bridge listener failed"}
{"level":40,"time":1789709469776,"pid":123473,"hostname":"cursor","name":"events","err":{"type":"AggregateError","message":"","stack":"AggregateError: \n    at internalConnectMultiple (node:net:1430:18)\n    at afterConnectMultiple (node:net:2099:7)","aggregateErrors":[{"type":"Error","message":"connect ECONNREFUSED ::1:32825","stack":"Error: connect ECONNREFUSED ::1:32825\n    at createConnectionError (node:net:2062:14)\n    at afterConnectMultiple (node:net:2092:16)","errno":-111,"code":"ECONNREFUSED","syscall":"connect","address":"::1","port":32825},{"type":"Error","message":"connect ECONNREFUSED 127.0.0.1:32825","stack":"Error: connect ECONNREFUSED 127.0.0.1:32825\n    at createConnectionError (node:net:2062:14)\n    at afterConnectMultiple (node:net:2092:16)","errno":-111,"code":"ECONNREFUSED","syscall":"connect","address":"127.0.0.1","port":32825}],"code":"ECONNREFUSED"},"msg":"Cross-process event bridge listener failed"}
{"level":40,"time":1789709470778,"pid":123473,"hostname":"cursor","name":"events","err":{"type":"AggregateError","message":"","stack":"AggregateError: \n    at internalConnectMultiple (node:net:1430:18)\n    at afterConnectMultiple (node:net:2099:7)","aggregateErrors":[{"type":"Error","message":"connect ECONNREFUSED ::1:32825","stack":"Error: connect ECONNREFUSED ::1:32825\n    at createConnectionError (node:net:2062:14)\n    at afterConnectMultiple (node:net:2092:16)","errno":-111,"code":"ECONNREFUSED","syscall":"connect","address":"::1","port":32825},{"type":"Error","message":"connect ECONNREFUSED 127.0.0.1:32825","stack":"Error: connect ECONNREFUSED 127.0.0.1:32825\n    at createConnectionError (node:net:2062:14)\n    at afterConnectMultiple (node:net:2092:16)","errno":-111,"code":"ECONNREFUSED","syscall":"connect","address":"127.0.0.1","port":32825}],"code":"ECONNREFUSED"},"msg":"Cross-process event bridge listener failed"}
{"level":40,"time":1789709471780,"pid":123473,"hostname":"cursor","name":"events","err":{"type":"AggregateError","message":"","stack":"AggregateError: \n    at internalConnectMultiple (node:net:1430:18)\n    at afterConnectMultiple (node:net:2099:7)","aggregateErrors":[{"type":"Error","message":"connect ECONNREFUSED ::1:32825","stack":"Error: connect ECONNREFUSED ::1:32825\n    at createConnectionError (node:net:2062:14)\n    at afterConnectMultiple (node:net:2092:16)","errno":-111,"code":"ECONNREFUSED","syscall":"connect","address":"::1","port":32825},{"type":"Error","message":"connect ECONNREFUSED 127.0.0.1:32825","stack":"Error: connect ECONNREFUSED 127.0.0.1:32825\n    at createConnectionError (node:net:2062:14)\n    at afterConnectMultiple (node:net:2092:16)","errno":-111,"code":"ECONNREFUSED","syscall":"connect","address":"127.0.0.1","port":32825}],"code":"ECONNREFUSED"},"msg":"Cross-process event bridge listener failed"}
{"level":40,"time":1789709472783,"pid":123473,"hostname":"cursor","name":"events","err":{"type":"AggregateError","message":"","stack":"AggregateError: \n    at internalConnectMultiple (node:net:1430:18)\n    at afterConnectMultiple (node:net:2099:7)","aggregateErrors":[{"type":"Error","message":"connect ECONNREFUSED ::1:32825","stack":"Error: connect ECONNREFUSED ::1:32825\n    at createConnectionError (node:net:2062:14)\n    at afterConnectMultiple (node:net:2092:16)","errno":-111,"code":"ECONNREFUSED","syscall":"connect","address":"::1","port":32825},{"type":"Error","message":"connect ECONNREFUSED 127.0.0.1:32825","stack":"Error: connect ECONNREFUSED 127.0.0.1:32825\n    at createConnectionError (node:net:2062:14)\n    at afterConnectMultiple (node:net:2092:16)","errno":-111,"code":"ECONNREFUSED","syscall":"connect","address":"127.0.0.1","port":32825}],"code":"ECONNREFUSED"},"msg":"Cross-process event bridge listener failed"}
{"level":40,"time":1789709473785,"pid":123473,"hostname":"cursor","name":"events","err":{"type":"AggregateError","message":"","stack":"AggregateError: \n    at internalConnectMultiple (node:net:1430:18)\n    at afterConnectMultiple (node:net:2099:7)","aggregateErrors":[{"type":"Error","message":"connect ECONNREFUSED ::1:32825","stack":"Error: connect ECONNREFUSED ::1:32825\n    at createConnectionError (node:net:2062:14)\n    at afterConnectMultiple (node:net:2092:16)","errno":-111,"code":"ECONNREFUSED","syscall":"connect","address":"::1","port":32825},{"type":"Error","message":"connect ECONNREFUSED 127.0.0.1:32825","stack":"Error: connect ECONNREFUSED 127.0.0.1:32825\n    at createConnectionError (node:net:2062:14)\n    at afterConnectMultiple (node:net:2092:16)","errno":-111,"code":"ECONNREFUSED","syscall":"connect","address":"127.0.0.1","port":32825}],"code":"ECONNREFUSED"},"msg":"Cross-process event bridge listener failed"}
{"level":40,"time":1789709474787,"pid":123473,"hostname":"cursor","name":"events","err":{"type":"AggregateError","message":"","stack":"AggregateError: \n    at internalConnectMultiple (node:net:1430:18)\n    at afterConnectMultiple (node:net:2099:7)","aggregateErrors":[{"type":"Error","message":"connect ECONNREFUSED ::1:32825","stack":"Error: connect ECONNREFUSED ::1:32825\n    at createConnectionError (node:net:2062:14)\n    at afterConnectMultiple (node:net:2092:16)","errno":-111,"code":"ECONNREFUSED","syscall":"connect","address":"::1","port":32825},{"type":"Error","message":"connect ECONNREFUSED 127.0.0.1:32825","stack":"Error: connect ECONNREFUSED 127.0.0.1:32825\n    at createConnectionError (node:net:2062:14)\n    at afterConnectMultiple (node:net:2092:16)","errno":-111,"code":"ECONNREFUSED","syscall":"connect","address":"127.0.0.1","port":32825}],"code":"ECONNREFUSED"},"msg":"Cross-process event bridge listener failed"}
{"level":40,"time":1789709475789,"pid":123473,"hostname":"cursor","name":"events","err":{"type":"AggregateError","message":"","stack":"AggregateError: \n    at internalConnectMultiple (node:net:1430:18)\n    at afterConnectMultiple (node:net:2099:7)","aggregateErrors":[{"type":"Error","message":"connect ECONNREFUSED ::1:32825","stack":"Error: connect ECONNREFUSED ::1:32825\n    at createConnectionError (node:net:2062:14)\n    at afterConnectMultiple (node:net:2092:16)","errno":-111,"code":"ECONNREFUSED","syscall":"connect","address":"::1","port":32825},{"type":"Error","message":"connect ECONNREFUSED 127.0.0.1:32825","stack":"Error: connect ECONNREFUSED 127.0.0.1:32825\n    at createConnectionError (node:net:2062:14)\n    at afterConnectMultiple (node:net:2092:16)","errno":-111,"code":"ECONNREFUSED","syscall":"connect","address":"127.0.0.1","port":32825}],"code":"ECONNREFUSED"},"msg":"Cross-process event bridge listener failed"}
{"level":40,"time":1789709476793,"pid":123473,"hostname":"cursor","name":"events","err":{"type":"AggregateError","message":"","stack":"AggregateError: \n    at internalConnectMultiple (node:net:1430:18)\n    at afterConnectMultiple (node:net:2099:7)","aggregateErrors":[{"type":"Error","message":"connect ECONNREFUSED ::1:32825","stack":"Error: connect ECONNREFUSED ::1:32825\n    at createConnectionError (node:net:2062:14)\n    at afterConnectMultiple (node:net:2092:16)","errno":-111,"code":"ECONNREFUSED","syscall":"connect","address":"::1","port":32825},{"type":"Error","message":"connect ECONNREFUSED 127.0.0.1:32825","stack":"Error: connect ECONNREFUSED 127.0.0.1:32825\n    at createConnectionError (node:net:2062:14)\n    at afterConnectMultiple (node:net:2092:16)","errno":-111,"code":"ECONNREFUSED","syscall":"connect","address":"127.0.0.1","port":32825}],"code":"ECONNREFUSED"},"msg":"Cross-process event bridge listener failed"}
{"level":40,"time":1789709477794,"pid":123473,"hostname":"cursor","name":"events","err":{"type":"AggregateError","message":"","stack":"AggregateError: \n    at internalConnectMultiple (node:net:1430:18)\n    at afterConnectMultiple (node:net:2099:7)","aggregateErrors":[{"type":"Error","message":"connect ECONNREFUSED ::1:32825","stack":"Error: connect ECONNREFUSED ::1:32825\n    at createConnectionError (node:net:2062:14)\n    at afterConnectMultiple (node:net:2092:16)","errno":-111,"code":"ECONNREFUSED","syscall":"connect","address":"::1","port":32825},{"type":"Error","message":"connect ECONNREFUSED 127.0.0.1:32825","stack":"Error: connect ECONNREFUSED 127.0.0.1:32825\n    at createConnectionError (node:net:2062:14)\n    at afterConnectMultiple (node:net:2092:16)","errno":-111,"code":"ECONNREFUSED","syscall":"connect","address":"127.0.0.1","port":32825}],"code":"ECONNREFUSED"},"msg":"Cross-process event bridge listener failed"}
{"level":40,"time":1789709478796,"pid":123473,"hostname":"cursor","name":"events","err":{"type":"AggregateError","message":"","stack":"AggregateError: \n    at internalConnectMultiple (node:net:1430:18)\n    at afterConnectMultiple (node:net:2099:7)","aggregateErrors":[{"type":"Error","message":"connect ECONNREFUSED ::1:32825","stack":"Error: connect ECONNREFUSED ::1:32825\n    at createConnectionError (node:net:2062:14)\n    at afterConnectMultiple (node:net:2092:16)","errno":-111,"code":"ECONNREFUSED","syscall":"connect","address":"::1","port":32825},{"type":"Error","message":"connect ECONNREFUSED 127.0.0.1:32825","stack":"Error: connect ECONNREFUSED 127.0.0.1:32825\n    at createConnectionError (node:net:2062:14)\n    at afterConnectMultiple (node:net:2092:16)","errno":-111,"code":"ECONNREFUSED","syscall":"connect","address":"127.0.0.1","port":32825}],"code":"ECONNREFUSED"},"msg":"Cross-process event bridge listener failed"}
{"level":40,"time":1789709479798,"pid":123473,"hostname":"cursor","name":"events","err":{"type":"AggregateError","message":"","stack":"AggregateError: \n    at internalConnectMultiple (node:net:1430:18)\n    at afterConnectMultiple (node:net:2099:7)","aggregateErrors":[{"type":"Error","message":"connect ECONNREFUSED ::1:32825","stack":"Error: connect ECONNREFUSED ::1:32825\n    at createConnectionError (node:net:2062:14)\n    at afterConnectMultiple (node:net:2092:16)","errno":-111,"code":"ECONNREFUSED","syscall":"connect","address":"::1","port":32825},{"type":"Error","message":"connect ECONNREFUSED 127.0.0.1:32825","stack":"Error: connect ECONNREFUSED 127.0.0.1:32825\n    at createConnectionError (node:net:2062:14)\n    at afterConnectMultiple (node:net:2092:16)","errno":-111,"code":"ECONNREFUSED","syscall":"connect","address":"127.0.0.1","port":32825}],"code":"ECONNREFUSED"},"msg":"Cross-process event bridge listener failed"}
{"level":40,"time":1789709480800,"pid":123473,"hostname":"cursor","name":"events","err":{"type":"AggregateError","message":"","stack":"AggregateError: \n    at internalConnectMultiple (node:net:1430:18)\n    at afterConnectMultiple (node:net:2099:7)","aggregateErrors":[{"type":"Error","message":"connect ECONNREFUSED ::1:32825","stack":"Error: connect ECONNREFUSED ::1:32825\n    at createConnectionError (node:net:2062:14)\n    at afterConnectMultiple (node:net:2092:16)","errno":-111,"code":"ECONNREFUSED","syscall":"connect","address":"::1","port":32825},{"type":"Error","message":"connect ECONNREFUSED 127.0.0.1:32825","stack":"Error: connect ECONNREFUSED 127.0.0.1:32825\n    at createConnectionError (node:net:2062:14)\n    at afterConnectMultiple (node:net:2092:16)","errno":-111,"code":"ECONNREFUSED","syscall":"connect","address":"127.0.0.1","port":32825}],"code":"ECONNREFUSED"},"msg":"Cross-process event bridge listener failed"}
{"level":40,"time":1789709481803,"pid":123473,"hostname":"cursor","name":"events","err":{"type":"AggregateError","message":"","stack":"AggregateError: \n    at internalConnectMultiple (node:net:1430:18)\n    at afterConnectMultiple (node:net:2099:7)","aggregateErrors":[{"type":"Error","message":"connect ECONNREFUSED ::1:32825","stack":"Error: connect ECONNREFUSED ::1:32825\n    at createConnectionError (node:net:2062:14)\n    at afterConnectMultiple (node:net:2092:16)","errno":-111,"code":"ECONNREFUSED","syscall":"connect","address":"::1","port":32825},{"type":"Error","message":"connect ECONNREFUSED 127.0.0.1:32825","stack":"Error: connect ECONNREFUSED 127.0.0.1:32825\n    at createConnectionError (node:net:2062:14)\n    at afterConnectMultiple (node:net:2092:16)","errno":-111,"code":"ECONNREFUSED","syscall":"connect","address":"127.0.0.1","port":32825}],"code":"ECONNREFUSED"},"msg":"Cross-process event bridge listener failed"}
{"level":40,"time":1789709482805,"pid":123473,"hostname":"cursor","name":"events","err":{"type":"AggregateError","message":"","stack":"AggregateError: \n    at internalConnectMultiple (node:net:1430:18)\n    at afterConnectMultiple (node:net:2099:7)","aggregateErrors":[{"type":"Error","message":"connect ECONNREFUSED ::1:32825","stack":"Error: connect ECONNREFUSED ::1:32825\n    at createConnectionError (node:net:2062:14)\n    at afterConnectMultiple (node:net:2092:16)","errno":-111,"code":"ECONNREFUSED","syscall":"connect","address":"::1","port":32825},{"type":"Error","message":"connect ECONNREFUSED 127.0.0.1:32825","stack":"Error: connect ECONNREFUSED 127.0.0.1:32825\n    at createConnectionError (node:net:2062:14)\n    at afterConnectMultiple (node:net:2092:16)","errno":-111,"code":"ECONNREFUSED","syscall":"connect","address":"127.0.0.1","port":32825}],"code":"ECONNREFUSED"},"msg":"Cross-process event bridge listener failed"}
{"level":40,"time":1789709483807,"pid":123473,"hostname":"cursor","name":"events","err":{"type":"AggregateError","message":"","stack":"AggregateError: \n    at internalConnectMultiple (node:net:1430:18)\n    at afterConnectMultiple (node:net:2099:7)","aggregateErrors":[{"type":"Error","message":"connect ECONNREFUSED ::1:32825","stack":"Error: connect ECONNREFUSED ::1:32825\n    at createConnectionError (node:net:2062:14)\n    at afterConnectMultiple (node:net:2092:16)","errno":-111,"code":"ECONNREFUSED","syscall":"connect","address":"::1","port":32825},{"type":"Error","message":"connect ECONNREFUSED 127.0.0.1:32825","stack":"Error: connect ECONNREFUSED 127.0.0.1:32825\n    at createConnectionError (node:net:2062:14)\n    at afterConnectMultiple (node:net:2092:16)","errno":-111,"code":"ECONNREFUSED","syscall":"connect","address":"127.0.0.1","port":32825}],"code":"ECONNREFUSED"},"msg":"Cross-process event bridge listener failed"}
{"level":40,"time":1789709484809,"pid":123473,"hostname":"cursor","name":"events","err":{"type":"AggregateError","message":"","stack":"AggregateError: \n    at internalConnectMultiple (node:net:1430:18)\n    at afterConnectMultiple (node:net:2099:7)","aggregateErrors":[{"type":"Error","message":"connect ECONNREFUSED ::1:32825","stack":"Error: connect ECONNREFUSED ::1:32825\n    at createConnectionError (node:net:2062:14)\n    at afterConnectMultiple (node:net:2092:16)","errno":-111,"code":"ECONNREFUSED","syscall":"connect","address":"::1","port":32825},{"type":"Error","message":"connect ECONNREFUSED 127.0.0.1:32825","stack":"Error: connect ECONNREFUSED 127.0.0.1:32825\n    at createConnectionError (node:net:2062:14)\n    at afterConnectMultiple (node:net:2092:16)","errno":-111,"code":"ECONNREFUSED","syscall":"connect","address":"127.0.0.1","port":32825}],"code":"ECONNREFUSED"},"msg":"Cross-process event bridge listener failed"}
{"level":40,"time":1789709485811,"pid":123473,"hostname":"cursor","name":"events","err":{"type":"AggregateError","message":"","stack":"AggregateError: \n    at internalConnectMultiple (node:net:1430:18)\n    at afterConnectMultiple (node:net:2099:7)","aggregateErrors":[{"type":"Error","message":"connect ECONNREFUSED ::1:32825","stack":"Error: connect ECONNREFUSED ::1:32825\n    at createConnectionError (node:net:2062:14)\n    at afterConnectMultiple (node:net:2092:16)","errno":-111,"code":"ECONNREFUSED","syscall":"connect","address":"::1","port":32825},{"type":"Error","message":"connect ECONNREFUSED 127.0.0.1:32825","stack":"Error: connect ECONNREFUSED 127.0.0.1:32825\n    at createConnectionError (node:net:2062:14)\n    at afterConnectMultiple (node:net:2092:16)","errno":-111,"code":"ECONNREFUSED","syscall":"connect","address":"127.0.0.1","port":32825}],"code":"ECONNREFUSED"},"msg":"Cross-process event bridge listener failed"}
{"level":40,"time":1789709486812,"pid":123473,"hostname":"cursor","name":"events","err":{"type":"AggregateError","message":"","stack":"AggregateError: \n    at internalConnectMultiple (node:net:1430:18)\n    at afterConnectMultiple (node:net:2099:7)","aggregateErrors":[{"type":"Error","message":"connect ECONNREFUSED ::1:32825","stack":"Error: connect ECONNREFUSED ::1:32825\n    at createConnectionError (node:net:2062:14)\n    at afterConnectMultiple (node:net:2092:16)","errno":-111,"code":"ECONNREFUSED","syscall":"connect","address":"::1","port":32825},{"type":"Error","message":"connect ECONNREFUSED 127.0.0.1:32825","stack":"Error: connect ECONNREFUSED 127.0.0.1:32825\n    at createConnectionError (node:net:2062:14)\n    at afterConnectMultiple (node:net:2092:16)","errno":-111,"code":"ECONNREFUSED","syscall":"connect","address":"127.0.0.1","port":32825}],"code":"ECONNREFUSED"},"msg":"Cross-process event bridge listener failed"}
{"level":40,"time":1789709487815,"pid":123473,"hostname":"cursor","name":"events","err":{"type":"AggregateError","message":"","stack":"AggregateError: \n    at internalConnectMultiple (node:net:1430:18)\n    at afterConnectMultiple (node:net:2099:7)","aggregateErrors":[{"type":"Error","message":"connect ECONNREFUSED ::1:32825","stack":"Error: connect ECONNREFUSED ::1:32825\n    at createConnectionError (node:net:2062:14)\n    at afterConnectMultiple (node:net:2092:16)","errno":-111,"code":"ECONNREFUSED","syscall":"connect","address":"::1","port":32825},{"type":"Error","message":"connect ECONNREFUSED 127.0.0.1:32825","stack":"Error: connect ECONNREFUSED 127.0.0.1:32825\n    at createConnectionError (node:net:2062:14)\n    at afterConnectMultiple (node:net:2092:16)","errno":-111,"code":"ECONNREFUSED","syscall":"connect","address":"127.0.0.1","port":32825}],"code":"ECONNREFUSED"},"msg":"Cross-process event bridge listener failed"}
{"level":40,"time":1789709488817,"pid":123473,"hostname":"cursor","name":"events","err":{"type":"AggregateError","message":"","stack":"AggregateError: \n    at internalConnectMultiple (node:net:1430:18)\n    at afterConnectMultiple (node:net:2099:7)","aggregateErrors":[{"type":"Error","message":"connect ECONNREFUSED ::1:32825","stack":"Error: connect ECONNREFUSED ::1:32825\n    at createConnectionError (node:net:2062:14)\n    at afterConnectMultiple (node:net:2092:16)","errno":-111,"code":"ECONNREFUSED","syscall":"connect","address":"::1","port":32825},{"type":"Error","message":"connect ECONNREFUSED 127.0.0.1:32825","stack":"Error: connect ECONNREFUSED 127.0.0.1:32825\n    at createConnectionError (node:net:2062:14)\n    at afterConnectMultiple (node:net:2092:16)","errno":-111,"code":"ECONNREFUSED","syscall":"connect","address":"127.0.0.1","port":32825}],"code":"ECONNREFUSED"},"msg":"Cross-process event bridge listener failed"}
{"level":40,"time":1789709489819,"pid":123473,"hostname":"cursor","name":"events","err":{"type":"AggregateError","message":"","stack":"AggregateError: \n    at internalConnectMultiple (node:net:1430:18)\n    at afterConnectMultiple (node:net:2099:7)","aggregateErrors":[{"type":"Error","message":"connect ECONNREFUSED ::1:32825","stack":"Error: connect ECONNREFUSED ::1:32825\n    at createConnectionError (node:net:2062:14)\n    at afterConnectMultiple (node:net:2092:16)","errno":-111,"code":"ECONNREFUSED","syscall":"connect","address":"::1","port":32825},{"type":"Error","message":"connect ECONNREFUSED 127.0.0.1:32825","stack":"Error: connect ECONNREFUSED 127.0.0.1:32825\n    at createConnectionError (node:net:2062:14)\n    at afterConnectMultiple (node:net:2092:16)","errno":-111,"code":"ECONNREFUSED","syscall":"connect","address":"127.0.0.1","port":32825}],"code":"ECONNREFUSED"},"msg":"Cross-process event bridge listener failed"}
{"level":40,"time":1789709490821,"pid":123473,"hostname":"cursor","name":"events","err":{"type":"AggregateError","message":"","stack":"AggregateError: \n    at internalConnectMultiple (node:net:1430:18)\n    at afterConnectMultiple (node:net:2099:7)","aggregateErrors":[{"type":"Error","message":"connect ECONNREFUSED ::1:32825","stack":"Error: connect ECONNREFUSED ::1:32825\n    at createConnectionError (node:net:2062:14)\n    at afterConnectMultiple (node:net:2092:16)","errno":-111,"code":"ECONNREFUSED","syscall":"connect","address":"::1","port":32825},{"type":"Error","message":"connect ECONNREFUSED 127.0.0.1:32825","stack":"Error: connect ECONNREFUSED 127.0.0.1:32825\n    at createConnectionError (node:net:2062:14)\n    at afterConnectMultiple (node:net:2092:16)","errno":-111,"code":"ECONNREFUSED","syscall":"connect","address":"127.0.0.1","port":32825}],"code":"ECONNREFUSED"},"msg":"Cross-process event bridge listener failed"}
{"level":40,"time":1789709491823,"pid":123473,"hostname":"cursor","name":"events","err":{"type":"AggregateError","message":"","stack":"AggregateError: \n    at internalConnectMultiple (node:net:1430:18)\n    at afterConnectMultiple (node:net:2099:7)","aggregateErrors":[{"type":"Error","message":"connect ECONNREFUSED ::1:32825","stack":"Error: connect ECONNREFUSED ::1:32825\n    at createConnectionError (node:net:2062:14)\n    at afterConnectMultiple (node:net:2092:16)","errno":-111,"code":"ECONNREFUSED","syscall":"connect","address":"::1","port":32825},{"type":"Error","message":"connect ECONNREFUSED 127.0.0.1:32825","stack":"Error: connect ECONNREFUSED 127.0.0.1:32825\n    at createConnectionError (node:net:2062:14)\n    at afterConnectMultiple (node:net:2092:16)","errno":-111,"code":"ECONNREFUSED","syscall":"connect","address":"127.0.0.1","port":32825}],"code":"ECONNREFUSED"},"msg":"Cross-process event bridge listener failed"}
{"level":40,"time":1789709492825,"pid":123473,"hostname":"cursor","name":"events","err":{"type":"AggregateError","message":"","stack":"AggregateError: \n    at internalConnectMultiple (node:net:1430:18)\n    at afterConnectMultiple (node:net:2099:7)","aggregateErrors":[{"type":"Error","message":"connect ECONNREFUSED ::1:32825","stack":"Error: connect ECONNREFUSED ::1:32825\n    at createConnectionError (node:net:2062:14)\n    at afterConnectMultiple (node:net:2092:16)","errno":-111,"code":"ECONNREFUSED","syscall":"connect","address":"::1","port":32825},{"type":"Error","message":"connect ECONNREFUSED 127.0.0.1:32825","stack":"Error: connect ECONNREFUSED 127.0.0.1:32825\n    at createConnectionError (node:net:2062:14)\n    at afterConnectMultiple (node:net:2092:16)","errno":-111,"code":"ECONNREFUSED","syscall":"connect","address":"127.0.0.1","port":32825}],"code":"ECONNREFUSED"},"msg":"Cross-process event bridge listener failed"}
{"level":40,"time":1789709493827,"pid":123473,"hostname":"cursor","name":"events","err":{"type":"AggregateError","message":"","stack":"AggregateError: \n    at internalConnectMultiple (node:net:1430:18)\n    at afterConnectMultiple (node:net:2099:7)","aggregateErrors":[{"type":"Error","message":"connect ECONNREFUSED ::1:32825","stack":"Error: connect ECONNREFUSED ::1:32825\n    at createConnectionError (node:net:2062:14)\n    at afterConnectMultiple (node:net:2092:16)","errno":-111,"code":"ECONNREFUSED","syscall":"connect","address":"::1","port":32825},{"type":"Error","message":"connect ECONNREFUSED 127.0.0.1:32825","stack":"Error: connect ECONNREFUSED 127.0.0.1:32825\n    at createConnectionError (node:net:2062:14)\n    at afterConnectMultiple (node:net:2092:16)","errno":-111,"code":"ECONNREFUSED","syscall":"connect","address":"127.0.0.1","port":32825}],"code":"ECONNREFUSED"},"msg":"Cross-process event bridge listener failed"}
{"level":40,"time":1789709494830,"pid":123473,"hostname":"cursor","name":"events","err":{"type":"AggregateError","message":"","stack":"AggregateError: \n    at internalConnectMultiple (node:net:1430:18)\n    at afterConnectMultiple (node:net:2099:7)","aggregateErrors":[{"type":"Error","message":"connect ECONNREFUSED ::1:32825","stack":"Error: connect ECONNREFUSED ::1:32825\n    at createConnectionError (node:net:2062:14)\n    at afterConnectMultiple (node:net:2092:16)","errno":-111,"code":"ECONNREFUSED","syscall":"connect","address":"::1","port":32825},{"type":"Error","message":"connect ECONNREFUSED 127.0.0.1:32825","stack":"Error: connect ECONNREFUSED 127.0.0.1:32825\n    at createConnectionError (node:net:2062:14)\n    at afterConnectMultiple (node:net:2092:16)","errno":-111,"code":"ECONNREFUSED","syscall":"connect","address":"127.0.0.1","port":32825}],"code":"ECONNREFUSED"},"msg":"Cross-process event bridge listener failed"}
{"level":40,"time":1789709495832,"pid":123473,"hostname":"cursor","name":"events","err":{"type":"AggregateError","message":"","stack":"AggregateError: \n    at internalConnectMultiple (node:net:1430:18)\n    at afterConnectMultiple (node:net:2099:7)","aggregateErrors":[{"type":"Error","message":"connect ECONNREFUSED ::1:32825","stack":"Error: connect ECONNREFUSED ::1:32825\n    at createConnectionError (node:net:2062:14)\n    at afterConnectMultiple (node:net:2092:16)","errno":-111,"code":"ECONNREFUSED","syscall":"connect","address":"::1","port":32825},{"type":"Error","message":"connect ECONNREFUSED 127.0.0.1:32825","stack":"Error: connect ECONNREFUSED 127.0.0.1:32825\n    at createConnectionError (node:net:2062:14)\n    at afterConnectMultiple (node:net:2092:16)","errno":-111,"code":"ECONNREFUSED","syscall":"connect","address":"127.0.0.1","port":32825}],"code":"ECONNREFUSED"},"msg":"Cross-process event bridge listener failed"}
{"level":40,"time":1789709496834,"pid":123473,"hostname":"cursor","name":"events","err":{"type":"AggregateError","message":"","stack":"AggregateError: \n    at internalConnectMultiple (node:net:1430:18)\n    at afterConnectMultiple (node:net:2099:7)","aggregateErrors":[{"type":"Error","message":"connect ECONNREFUSED ::1:32825","stack":"Error: connect ECONNREFUSED ::1:32825\n    at createConnectionError (node:net:2062:14)\n    at afterConnectMultiple (node:net:2092:16)","errno":-111,"code":"ECONNREFUSED","syscall":"connect","address":"::1","port":32825},{"type":"Error","message":"connect ECONNREFUSED 127.0.0.1:32825","stack":"Error: connect ECONNREFUSED 127.0.0.1:32825\n    at createConnectionError (node:net:2062:14)\n    at afterConnectMultiple (node:net:2092:16)","errno":-111,"code":"ECONNREFUSED","syscall":"connect","address":"127.0.0.1","port":32825}],"code":"ECONNREFUSED"},"msg":"Cross-process event bridge listener failed"}
{"level":40,"time":1789709497836,"pid":123473,"hostname":"cursor","name":"events","err":{"type":"AggregateError","message":"","stack":"AggregateError: \n    at internalConnectMultiple (node:net:1430:18)\n    at afterConnectMultiple (node:net:2099:7)","aggregateErrors":[{"type":"Error","message":"connect ECONNREFUSED ::1:32825","stack":"Error: connect ECONNREFUSED ::1:32825\n    at createConnectionError (node:net:2062:14)\n    at afterConnectMultiple (node:net:2092:16)","errno":-111,"code":"ECONNREFUSED","syscall":"connect","address":"::1","port":32825},{"type":"Error","message":"connect ECONNREFUSED 127.0.0.1:32825","stack":"Error: connect ECONNREFUSED 127.0.0.1:32825\n    at createConnectionError (node:net:2062:14)\n    at afterConnectMultiple (node:net:2092:16)","errno":-111,"code":"ECONNREFUSED","syscall":"connect","address":"127.0.0.1","port":32825}],"code":"ECONNREFUSED"},"msg":"Cross-process event bridge listener failed"}
{"level":40,"time":1789709498838,"pid":123473,"hostname":"cursor","name":"events","err":{"type":"AggregateError","message":"","stack":"AggregateError: \n    at internalConnectMultiple (node:net:1430:18)\n    at afterConnectMultiple (node:net:2099:7)","aggregateErrors":[{"type":"Error","message":"connect ECONNREFUSED ::1:32825","stack":"Error: connect ECONNREFUSED ::1:32825\n    at createConnectionError (node:net:2062:14)\n    at afterConnectMultiple (node:net:2092:16)","errno":-111,"code":"ECONNREFUSED","syscall":"connect","address":"::1","port":32825},{"type":"Error","message":"connect ECONNREFUSED 127.0.0.1:32825","stack":"Error: connect ECONNREFUSED 127.0.0.1:32825\n    at createConnectionError (node:net:2062:14)\n    at afterConnectMultiple (node:net:2092:16)","errno":-111,"code":"ECONNREFUSED","syscall":"connect","address":"127.0.0.1","port":32825}],"code":"ECONNREFUSED"},"msg":"Cross-process event bridge listener failed"}
{"level":40,"time":1789709499840,"pid":123473,"hostname":"cursor","name":"events","err":{"type":"AggregateError","message":"","stack":"AggregateError: \n    at internalConnectMultiple (node:net:1430:18)\n    at afterConnectMultiple (node:net:2099:7)","aggregateErrors":[{"type":"Error","message":"connect ECONNREFUSED ::1:32825","stack":"Error: connect ECONNREFUSED ::1:32825\n    at createConnectionError (node:net:2062:14)\n    at afterConnectMultiple (node:net:2092:16)","errno":-111,"code":"ECONNREFUSED","syscall":"connect","address":"::1","port":32825},{"type":"Error","message":"connect ECONNREFUSED 127.0.0.1:32825","stack":"Error: connect ECONNREFUSED 127.0.0.1:32825\n    at createConnectionError (node:net:2062:14)\n    at afterConnectMultiple (node:net:2092:16)","errno":-111,"code":"ECONNREFUSED","syscall":"connect","address":"127.0.0.1","port":32825}],"code":"ECONNREFUSED"},"msg":"Cross-process event bridge listener failed"}
{"level":40,"time":1789709500841,"pid":123473,"hostname":"cursor","name":"events","err":{"type":"AggregateError","message":"","stack":"AggregateError: \n    at internalConnectMultiple (node:net:1430:18)\n    at afterConnectMultiple (node:net:2099:7)","aggregateErrors":[{"type":"Error","message":"connect ECONNREFUSED ::1:32825","stack":"Error: connect ECONNREFUSED ::1:32825\n    at createConnectionError (node:net:2062:14)\n    at afterConnectMultiple (node:net:2092:16)","errno":-111,"code":"ECONNREFUSED","syscall":"connect","address":"::1","port":32825},{"type":"Error","message":"connect ECONNREFUSED 127.0.0.1:32825","stack":"Error: connect ECONNREFUSED 127.0.0.1:32825\n    at createConnectionError (node:net:2062:14)\n    at afterConnectMultiple (node:net:2092:16)","errno":-111,"code":"ECONNREFUSED","syscall":"connect","address":"127.0.0.1","port":32825}],"code":"ECONNREFUSED"},"msg":"Cross-process event bridge listener failed"}
{"level":40,"time":1789709501843,"pid":123473,"hostname":"cursor","name":"events","err":{"type":"AggregateError","message":"","stack":"AggregateError: \n    at internalConnectMultiple (node:net:1430:18)\n    at afterConnectMultiple (node:net:2099:7)","aggregateErrors":[{"type":"Error","message":"connect ECONNREFUSED ::1:32825","stack":"Error: connect ECONNREFUSED ::1:32825\n    at createConnectionError (node:net:2062:14)\n    at afterConnectMultiple (node:net:2092:16)","errno":-111,"code":"ECONNREFUSED","syscall":"connect","address":"::1","port":32825},{"type":"Error","message":"connect ECONNREFUSED 127.0.0.1:32825","stack":"Error: connect ECONNREFUSED 127.0.0.1:32825\n    at createConnectionError (node:net:2062:14)\n    at afterConnectMultiple (node:net:2092:16)","errno":-111,"code":"ECONNREFUSED","syscall":"connect","address":"127.0.0.1","port":32825}],"code":"ECONNREFUSED"},"msg":"Cross-process event bridge listener failed"}
{"level":40,"time":1789709502845,"pid":123473,"hostname":"cursor","name":"events","err":{"type":"AggregateError","message":"","stack":"AggregateError: \n    at internalConnectMultiple (node:net:1430:18)\n    at afterConnectMultiple (node:net:2099:7)","aggregateErrors":[{"type":"Error","message":"connect ECONNREFUSED ::1:32825","stack":"Error: connect ECONNREFUSED ::1:32825\n    at createConnectionError (node:net:2062:14)\n    at afterConnectMultiple (node:net:2092:16)","errno":-111,"code":"ECONNREFUSED","syscall":"connect","address":"::1","port":32825},{"type":"Error","message":"connect ECONNREFUSED 127.0.0.1:32825","stack":"Error: connect ECONNREFUSED 127.0.0.1:32825\n    at createConnectionError (node:net:2062:14)\n    at afterConnectMultiple (node:net:2092:16)","errno":-111,"code":"ECONNREFUSED","syscall":"connect","address":"127.0.0.1","port":32825}],"code":"ECONNREFUSED"},"msg":"Cross-process event bridge listener failed"}
{"level":40,"time":1789709503847,"pid":123473,"hostname":"cursor","name":"events","err":{"type":"AggregateError","message":"","stack":"AggregateError: \n    at internalConnectMultiple (node:net:1430:18)\n    at afterConnectMultiple (node:net:2099:7)","aggregateErrors":[{"type":"Error","message":"connect ECONNREFUSED ::1:32825","stack":"Error: connect ECONNREFUSED ::1:32825\n    at createConnectionError (node:net:2062:14)\n    at afterConnectMultiple (node:net:2092:16)","errno":-111,"code":"ECONNREFUSED","syscall":"connect","address":"::1","port":32825},{"type":"Error","message":"connect ECONNREFUSED 127.0.0.1:32825","stack":"Error: connect ECONNREFUSED 127.0.0.1:32825\n    at createConnectionError (node:net:2062:14)\n    at afterConnectMultiple (node:net:2092:16)","errno":-111,"code":"ECONNREFUSED","syscall":"connect","address":"127.0.0.1","port":32825}],"code":"ECONNREFUSED"},"msg":"Cross-process event bridge listener failed"}
[server] Shutting down...
{"level":30,"time":1789709504063,"pid":123611,"hostname":"cursor","name":"queue","component":"worker","signal":"SIGTERM","msg":"Received signal, shutting down gracefully"}
{"level":30,"time":1789709504066,"pid":123611,"hostname":"cursor","name":"queue","component":"worker","msg":"Worker closed successfully"}
[server] Shutting down...
💥 Failed: [server] Next.js production server exited unexpectedly with exit code 143.
